Using argv boot path
[INFO]: Layer count: 1
[INFO]: Found layer: MoltenVK.
[INFO]: Enabling instance extension: VK_EXT_debug_utils.
[mvk-info] MoltenVK version 1.4.2, supporting Vulkan version 1.4.357.
	The following 154 Vulkan extensions are supported:
	VK_KHR_16bit_storage v1
	VK_KHR_8bit_storage v1
	VK_KHR_bind_memory2 v1
	VK_KHR_buffer_device_address v1
	VK_KHR_calibrated_timestamps v1
	VK_KHR_copy_commands2 v1
	VK_KHR_create_renderpass2 v1
	VK_KHR_dedicated_allocation v3
	VK_KHR_deferred_host_operations v4
	VK_KHR_depth_stencil_resolve v1
	VK_KHR_descriptor_update_template v1
	VK_KHR_device_group v4
	VK_KHR_device_group_creation v1
	VK_KHR_driver_properties v1
	VK_KHR_dynamic_rendering v1
	VK_KHR_dynamic_rendering_local_read v1
	VK_KHR_external_fence v1
	VK_KHR_external_fence_capabilities v1
	VK_KHR_external_memory v1
	VK_KHR_external_memory_capabilities v1
	VK_KHR_external_semaphore v1
	VK_KHR_external_semaphore_capabilities v1
	VK_KHR_format_feature_flags2 v2
	VK_KHR_fragment_shader_barycentric v1
	VK_KHR_get_memory_requirements2 v1
	VK_KHR_get_physical_device_properties2 v2
	VK_KHR_get_surface_capabilities2 v1
	VK_KHR_global_priority v1
	VK_KHR_image_format_list v1
	VK_KHR_imageless_framebuffer v1
	VK_KHR_incremental_present v2
	VK_KHR_index_type_uint8 v1
	VK_KHR_line_rasterization v1
	VK_KHR_load_store_op_none v1
	VK_KHR_maintenance1 v2
	VK_KHR_maintenance2 v1
	VK_KHR_maintenance3 v1
	VK_KHR_maintenance4 v2
	VK_KHR_maintenance5 v1
	VK_KHR_maintenance6 v1
	VK_KHR_maintenance7 v1
	VK_KHR_maintenance8 v1
	VK_KHR_maintenance9 v1
	VK_KHR_map_memory2 v1
	VK_KHR_multiview v1
	VK_KHR_portability_subset v1
	VK_KHR_present_id v1
	VK_KHR_present_id2 v1
	VK_KHR_present_wait v1
	VK_KHR_present_wait2 v1
	VK_KHR_push_descriptor v2
	VK_KHR_relaxed_block_layout v1
	VK_KHR_robustness2 v1
	VK_KHR_sampler_mirror_clamp_to_edge v3
	VK_KHR_sampler_ycbcr_conversion v14
	VK_KHR_separate_depth_stencil_layouts v1
	VK_KHR_shader_draw_parameters v1
	VK_KHR_shader_expect_assume v1
	VK_KHR_shader_float_controls v4
	VK_KHR_shader_float_controls2 v1
	VK_KHR_shader_float16_int8 v1
	VK_KHR_shader_fma v1
	VK_KHR_shader_integer_dot_product v1
	VK_KHR_shader_maximal_reconvergence v1
	VK_KHR_shader_non_semantic_info v1
	VK_KHR_shader_quad_control v1
	VK_KHR_shader_relaxed_extended_instruction v1
	VK_KHR_shader_subgroup_extended_types v1
	VK_KHR_shader_subgroup_rotate v2
	VK_KHR_shader_subgroup_uniform_control_flow v1
	VK_KHR_shader_terminate_invocation v1
	VK_KHR_spirv_1_4 v1
	VK_KHR_storage_buffer_storage_class v1
	VK_KHR_surface v25
	VK_KHR_surface_maintenance1 v1
	VK_KHR_surface_protected_capabilities v1
	VK_KHR_swapchain v70
	VK_KHR_swapchain_maintenance1 v1
	VK_KHR_swapchain_mutable_format v1
	VK_KHR_synchronization2 v1
	VK_KHR_timeline_semaphore v2
	VK_KHR_uniform_buffer_standard_layout v1
	VK_KHR_variable_pointers v1
	VK_KHR_vertex_attribute_divisor v1
	VK_KHR_vulkan_memory_model v3
	VK_KHR_zero_initialize_workgroup_memory v1
	VK_EXT_4444_formats v1
	VK_EXT_buffer_device_address v2
	VK_EXT_calibrated_timestamps v2
	VK_EXT_debug_marker v4
	VK_EXT_debug_report v10
	VK_EXT_debug_utils v2
	VK_EXT_depth_clip_control v1
	VK_EXT_descriptor_indexing v2
	VK_EXT_extended_dynamic_state v1
	VK_EXT_extended_dynamic_state2 v1
	VK_EXT_extended_dynamic_state3 v2
	VK_EXT_external_memory_host v1
	VK_EXT_external_memory_metal v1
	VK_EXT_fragment_shader_interlock v1
	VK_EXT_global_priority v2
	VK_EXT_global_priority_query v1
	VK_EXT_hdr_metadata v3
	VK_EXT_headless_surface v1
	VK_EXT_host_image_copy v1
	VK_EXT_host_query_reset v1
	VK_EXT_image_2d_view_of_3d v1
	VK_EXT_image_robustness v1
	VK_EXT_index_type_uint8 v1
	VK_EXT_inline_uniform_block v1
	VK_EXT_layer_settings v2
	VK_EXT_legacy_dithering v2
	VK_EXT_line_rasterization v1
	VK_EXT_load_store_op_none v1
	VK_EXT_memory_budget v1
	VK_EXT_metal_objects v2
	VK_EXT_metal_surface v1
	VK_EXT_non_seamless_cube_map v1
	VK_EXT_pipeline_creation_cache_control v3
	VK_EXT_pipeline_creation_feedback v1
	VK_EXT_pipeline_robustness v1
	VK_EXT_post_depth_coverage v1
	VK_EXT_primitive_topology_list_restart v1
	VK_EXT_private_data v1
	VK_EXT_provoking_vertex v1
	VK_EXT_robustness2 v1
	VK_EXT_sample_locations v1
	VK_EXT_sampler_filter_minmax v2
	VK_EXT_scalar_block_layout v1
	VK_EXT_separate_stencil_usage v1
	VK_EXT_shader_atomic_float v1
	VK_EXT_shader_demote_to_helper_invocation v1
	VK_EXT_shader_stencil_export v1
	VK_EXT_shader_subgroup_ballot v1
	VK_EXT_shader_subgroup_vote v1
	VK_EXT_shader_viewport_index_layer v1
	VK_EXT_subgroup_size_control v2
	VK_EXT_surface_maintenance1 v1
	VK_EXT_swapchain_colorspace v5
	VK_EXT_swapchain_maintenance1 v1
	VK_EXT_texel_buffer_alignment v1
	VK_EXT_texture_compression_astc_hdr v1
	VK_EXT_tooling_info v1
	VK_EXT_vertex_attribute_divisor v3
	VK_AMD_gpu_shader_half_float v2
	VK_AMD_negative_viewport_height v1
	VK_AMD_shader_image_load_store_lod v1
	VK_AMD_shader_trinary_minmax v1
	VK_GOOGLE_display_timing v1
	VK_IMG_format_pvrtc v1
	VK_INTEL_shader_integer_functions2 v1
	VK_MVK_macos_surface v3
	VK_MVK_moltenvk v37
	VK_NV_fragment_shader_barycentric v1
[mvk-info] GPU device:
	model: Apple M1 Pro
	type: Integrated
	vendorID: 0x106b
	deviceID: 0x1b000207
	pipelineCacheUUID: DB660224-1B00-0207-0000-000100000000
	GPU memory available: 12124 MB
	GPU memory used: 0 MB
	Metal Shading Language 4.0
	supports the following GPU Features:
		GPU Family Metal 4
		GPU Family Apple 7
		GPU Family Mac 1
		GPU Family Mac 2
		Read-Write Texture Tier 2
[mvk-info] Created VkInstance for Vulkan version 1.4.357, as requested by app, with the following 1 Vulkan extensions enabled:
	VK_EXT_debug_utils v2
[INFO]: Found Vulkan GPU: Apple M1 Pro
[INFO]:     API: 1.4.357
[INFO]:     Driver: 0.2.2210
[INFO]: Using Vulkan GPU: Apple M1 Pro
[INFO]: Enabling device extension: VK_KHR_calibrated_timestamps.
[INFO]: Enabling device extension: VK_EXT_memory_budget.
[INFO]: Enabling device extension: VK_EXT_external_memory_host.
[INFO]: Enabling device extension: VK_KHR_fragment_shader_barycentric.
[mvk-info] Vulkan semaphores using MTLEvent.
[mvk-info] Descriptor sets binding resources using Metal3 argument buffers.
[mvk-info] Created VkDevice to run on GPU Apple M1 Pro with the following 4 Vulkan extensions enabled:
	VK_KHR_calibrated_timestamps v1
	VK_KHR_fragment_shader_barycentric v1
	VK_EXT_external_memory_host v1
	VK_EXT_memory_budget v1
[WARN]: Emulating events as pipeline barriers on Metal emulation.
[WARN]: Disabling push descriptors on Metal emulation.
[ERROR]: Could not find a suitable time domain for calibrated timestamps.
[INFO]: UMA-style device detected. Avoiding redundant readback copies.
[INFO]: Using image slab size of 4041 MiB.
[INFO]: Using max allocated image memory per flush of 606 MiB.
[parallel-gs] GPU GS ready; no CPU raster fallback
INFO: Initializing raylib 5.5
INFO: Platform backend: DESKTOP (GLFW)
INFO: Supported raylib modules:
INFO:     > rcore:..... loaded (mandatory)
INFO:     > rlgl:...... loaded (mandatory)
INFO:     > rshapes:... loaded (optional)
INFO:     > rtextures:. loaded (optional)
INFO:     > rtext:..... loaded (optional)
INFO:     > rmodels:... loaded (optional)
INFO:     > raudio:.... loaded (optional)
INFO: DISPLAY: Device initialized successfully
INFO:     > Display size: 1512 x 982
INFO:     > Screen size:  640 x 448
INFO:     > Render size:  640 x 448
INFO:     > Viewport offsets: 0, 0
INFO: GLAD: OpenGL extensions loaded successfully
INFO: GL: Supported extensions count: 43
INFO: GL: OpenGL device information:
INFO:     > Vendor:   Apple
INFO:     > Renderer: Apple M1 Pro
INFO:     > Version:  4.1 Metal - 91.7
INFO:     > GLSL:     4.10
INFO: GL: VAO extension detected, VAO functions loaded successfully
INFO: GL: NPOT textures extension detected, full NPOT textures supported
INFO: GL: DXT compressed textures supported
INFO: PLATFORM: DESKTOP (GLFW - Cocoa): Initialized successfully
INFO: TEXTURE: [ID 1] Texture loaded successfully (1x1 | R8G8B8A8 | 1 mipmaps)
INFO: TEXTURE: [ID 1] Default texture loaded successfully
INFO: SHADER: [ID 1] Vertex shader compiled successfully
INFO: SHADER: [ID 2] Fragment shader compiled successfully
INFO: SHADER: [ID 3] Program shader loaded successfully
INFO: SHADER: [ID 3] Default shader loaded successfully
INFO: RLGL: Render batch vertex buffers loaded successfully in RAM (CPU)
INFO: RLGL: Render batch vertex buffers loaded successfully in VRAM (GPU)
INFO: RLGL: Default OpenGL state initialized successfully
INFO: TEXTURE: [ID 2] Texture loaded successfully (128x128 | GRAY_ALPHA | 1 mipmaps)
INFO: FONT: Default font loaded successfully (224 glyphs)
INFO: SYSTEM: Working Directory: /Users/sirbraga/Documents/black-decomp/recomp/disc
INFO: AUDIO: Device initialized successfully
INFO:     > Backend:       miniaudio | Core Audio
INFO:     > Format:        32-bit IEEE Floating Point -> 32-bit IEEE Floating Point
INFO:     > Channels:      2 -> 2
INFO:     > Sample rate:   44100 -> 44100
INFO:     > Periods size:  1323
INFO: TIMER: Target time per frame: 16.667 milliseconds
[black-video] Tab / Select habilitado para pular videos
[black-dbg] overrides de diagnostico ativos
[black-io] cdImage = /Users/sirbraga/Documents/black-decomp/orig/Black.iso
Loading segment: 0x100000 - 0x49bfbc (filesz: 0x30e580, memsz: 0x39bfbc)
Registered code region: 100000 - 40e580[game_overrides] applying 'Black video skip'[game_overrides] applying 'Black debug hooks'[game_overrides] applying 'Black fps counter'[game_overrides] applying 'Black I/O paths'[game_overrides] applied 4 matching override(s).ELF file loaded successfully. Entry point: 0x100008Starting execution at address 0x100008INFO: TEXTURE: [ID 3] Texture loaded successfully (640x512 | R8G8B8A8 | 1 mipmaps)
[async-stack] excluded guest stack [0x1ff0000, 0x2000000) -> callback stacks now [0x1f00000, 0x1ff0000)
[black-dbg] main @0x264018 a0=0x00000000 a1=0x0040ec84 ra=0x00100210 sp=0x02000000 | game=0x00000000 state=0 cur=0x00000000 pend=0x00000000
[black-dbg]   enter main s0=0x00000000 s1=0x00000000
[black-dbg]   ctor slots: s0=00000000_0036d8c8 s1=00000000_00000000 s4=00000000_00000f82 ra=00000000
[black-dbg]   leave main pc=0x0028fb08 (ra_in=0x00100210) s0=0x00410000 (in 0x00000000) sp=0x01ffffb0 (in 0x02000000) v0=0x00000001 stack[s0 slot?]
[mvk-warn] VK_ERROR_FEATURE_NOT_PRESENT: Metal does not support disabling primitive restart.
[parallel-gs] primitives=0 readbacks=1 scanout=1x2 smode1=0000000740804504
INFO: TEXTURE: [ID 4] Texture loaded successfully (512x128 | R8G8B8A8 | 1 mipmaps)
[black-dbg] operator_new? @0x387e50 a0=0x0049c000 a1=0x000210d0 ra=0x0026407c sp=0x01ffffb0 | game=0x00000000 state=0 cur=0x00000000 pend=0x00000000
[black-dbg]   enter operator_new? s0=0x00410000 s1=0x00410000
[black-dbg]   ctor slots: s0=00000000_00264074 s1=00000000_00410000 s4=00000000_01c9a400 ra=00000000
[black-dbg]   leave operator_new? pc=0x0026407c (ra_in=0x0026407c) s0=0x00410000 (in 0x00410000) sp=0x01ffffb0 (in 0x01ffffb0) v0=0x0049c000 stack[s0 slot?]
[black-dbg] Game::ctor? @0x1020c0 a0=0x0049c000 a1=0x004bd058 ra=0x00264088 sp=0x01ffffb0 | game=0x0049c000 state=0 cur=0x00000000 pend=0x00000000
[black-dbg]   enter Game::ctor? s0=0x00410000 s1=0x00410000
[black-dbg]   ctor slots: s0=00000000_00410000 s1=00000000_0026407c s4=00000000_01c9a400 ra=00000000
[black-dbg]   leave Game::ctor? pc=0x00353334 (ra_in=0x00264088) s0=0x005b90e4 (in 0x00410000) sp=0x01fffd80 (in 0x01ffffb0) v0=0x005b95dc stack[s0 slot?]
[black-dbg] sceOpen @0x36bd20 a0=0x00401fd0 a1=0x00000001 ra=0x0029cf1c sp=0x01fffe40 | game=0x0049c000 state=0 cur=0x00000000 pend=0x00000000
[black-dbg]   enter sceOpen s0=0x003c15f8 s1=0x003c0000
[black-dbg]   ctor slots: s0=00000000_00410000 s1=00000000_00410000 s4=00000000_00000000 ra=00264088
[black-dbg]   leave sceOpen pc=0x0029cf1c (ra_in=0x0029cf1c) s0=0x003c15f8 (in 0x003c15f8) sp=0x01fffe40 (in 0x01fffe40) v0=0x00000003 stack[s0 slot?]
[SifInitRpc] Initialized[runtime-scratch] arena [0x1fac000, 0x1fec000)
[black-init] t=0.03s calls=1 frames=0 state=1 fe=1 busy=0x0000
[black-dbg] Game::init_step? @0x102930 a0=0x0049c000 a1=0x00000000 ra=0x002640a0 sp=0x01ffffb0 | game=0x0049c000 state=1 cur=0x00000000 pend=0x004bc210
[black-dbg]   enter Game::init_step? s0=0x00410000 s1=0x00410000
[black-dbg]   ctor slots: s0=00000000_00410000 s1=00000000_00410000 s4=00000000_00000000 ra=00264088
[sceDmaSend] ch=0x1000a000 madr=0x44e680 qwc=0xd tadr=0x44e680 chcr=0x101
[sceDmaSend] ch=0x10009000 madr=0x0 qwc=0x0 tadr=0x3f2160 chcr=0x105
[sceDmaSend:head] ch=0x10009000 tagQwc=0x1 id=0x1 irq=0x0 addr=0x0 w2=0x1000404 w3=0x20000000
[ps2xIOP] [IOP] loaded IRX id=1 entry=0x14634 base=0x14000 start=0
[black-dbg]   leave Game::init_step? pc=0x00102bb4 (ra_in=0x002640a0) s0=0x004bc120 (in 0x00410000) sp=0x01ffff70 (in 0x01ffffb0) v0=0x00000000 stack[s0 slot?]
[black-dbg] Game::frame? @0x1031f8 a0=0x0049c000 a1=0x00000000 ra=0x00264098 sp=0x01ffffb0 | game=0x0049c000 state=1 cur=0x00000000 pend=0x004bc210
[black-dbg]   enter Game::frame? s0=0x00410000 s1=0x00410000
[black-dbg]   ctor slots: s0=00000000_00410000 s1=00000000_00410000 s4=00000000_004bc120 ra=00264088
[black-dbg] Game::init_step? @0x102930 a0=0x0049c000 a1=0x01e260f0 ra=0x002640a0 sp=0x01ffffb0 | game=0x0049c000 state=1 cur=0x00000000 pend=0x004bc210
[black-dbg]   enter Game::init_step? s0=0x00410000 s1=0x00410000
[black-dbg]   ctor slots: s0=00000000_00410000 s1=00000000_00410000 s4=00000000_00000000 ra=00000000
[SIF module] load-emulated id=1 ref=1 path="cdrom0:\IOP\SIO2MAN.IRX;1"
[ps2xIOP] [IOP] loaded IRX id=2 entry=0x15900 base=0x15900 start=0
[black-dbg]   leave Game::init_step? pc=0x00102bb4 (ra_in=0x002640a0) s0=0x004bc120 (in 0x00410000) sp=0x01ffff70 (in 0x01ffffb0) v0=0x00000000 stack[s0 slot?]
[black-dbg] Game::frame? @0x1031f8 a0=0x0049c000 a1=0x00000000 ra=0x00264098 sp=0x01ffffb0 | game=0x0049c000 state=1 cur=0x00000000 pend=0x004bc210
[black-dbg]   enter Game::frame? s0=0x00410000 s1=0x00410000
[black-dbg]   ctor slots: s0=00000000_00410000 s1=00000000_00410000 s4=00000000_004bc120 ra=00000000
[SIF module] load-emulated id=2 ref=1 path="cdrom0:\IOP\DBCMAN.IRX;1"
[ps2xIOP] [IOP printf] yet sif hasn't been init

[black-dbg] Game::init_step? @0x102930 a0=0x0049c000 a1=0x01e260f0 ra=0x002640a0 sp=0x01ffffb0 | game=0x0049c000 state=1 cur=0x00000000 pend=0x004bc210
[black-dbg]   enter Game::init_step? s0=0x00410000 s1=0x00410000
[black-dbg]   ctor slots: s0=00000000_00410000 s1=00000000_00410000 s4=00000000_00000000 ra=00000000
[ps2xIOP] [IOP] loaded IRX id=3 entry=0x1d214 base=0x1c400 start=0
[black-dbg]   leave Game::init_step? pc=0x00102bb4 (ra_in=0x002640a0) s0=0x004bc120 (in 0x00410000) sp=0x01ffff70 (in 0x01ffffb0) v0=0x00000000 stack[s0 slot?]
[black-dbg] Game::init_step? @0x102930 a0=0x0049c000 a1=0x01e260f0 ra=0x002640a0 sp=0x01ffffb0 | game=0x0049c000 state=1 cur=0x00000000 pend=0x004bc210
[black-dbg]   enter Game::init_step? s0=0x00410000 s1=0x00410000
[black-dbg]   ctor slots: s0=00000000_00410000 s1=00000000_00410000 s4=00000000_00000000 ra=00000000
[SIF module] load-emulated id=3 ref=1 path="cdrom0:\IOP\SIO2D.IRX;1"
[ps2xIOP] [IOP] loaded IRX id=4 entry=0x1f900 base=0x1f900 start=0
[black-dbg]   leave Game::init_step? pc=0x00102bb4 (ra_in=0x002640a0) s0=0x004bc120 (in 0x00410000) sp=0x01ffff70 (in 0x01ffffb0) v0=0x00000000 stack[s0 slot?]
[mvk-warn] VK_ERROR_FEATURE_NOT_PRESENT: Metal does not support disabling primitive restart.
[mvk-warn] VK_ERROR_FEATURE_NOT_PRESENT: Metal does not support disabling primitive restart.
[mvk-warn] VK_ERROR_FEATURE_NOT_PRESENT: Metal does not support disabling primitive restart.
[SIF module] load-emulated id=4 ref=1 path="cdrom0:\IOP\DS2O.IRX;1"
[ps2xIOP] [IOP] loaded IRX id=5 entry=0x22500 base=0x22500 start=0
[SIF module] load-emulated id=5 ref=1 path="cdrom0:\IOP\DS2O.IRX;1"
[ps2xIOP] [IOP] loaded IRX id=6 entry=0x251b0 base=0x25100 start=0
[SIF module] load-emulated id=6 ref=1 path="cdrom0:\IOP\LIBSD.IRX;1"
[ps2xIOP] [IOP Kprintf] IOP RwaRPCOpen

[ps2xIOP] [IOP] loaded IRX id=7 entry=0x2d0ac base=0x2ae00 start=2
[SIF module] load-emulated id=7 ref=1 path="cdrom0:\IOP\RWA.IRX;1"
[ps2xIOP] [IOP] loaded IRX id=8 entry=0x3f100 base=0x3f100 start=0
[SIF module] load-emulated id=8 ref=1 path="cdrom0:\IOP\GTFSCDVD.IRX;1"
[ps2xIOP] [IOP] loaded IRX id=9 entry=0x4aa80 base=0x4a700 start=0
[SIF module] load-emulated id=9 ref=1 path="cdrom0:\IOP\DSPROUTE.IRX;1"
[ps2xIOP] [IOP] loaded IRX id=10 entry=0x4e500 base=0x4e500 start=2
[black-dbg] sceSifSendCmd @0x36a660 a0=0x00000000 a1=0x0045a200 ra=0x00324498 sp=0x01fffcc0 | game=0x0049c000 state=1 cur=0x00000000 pend=0x004bc210
[black-dbg]   enter sceSifSendCmd s0=0x00000000 s1=0x00000000
[black-dbg]   ctor slots: s0=00000000_00410000 s1=00000000_00410000 s4=00000000_001029cc ra=00000000
[black-dbg]   leave sceSifSendCmd pc=0x00324498 (ra_in=0x00324498) s0=0x00000000 (in 0x00000000) sp=0x01fffcc0 (in 0x01fffcc0) v0=0x00000001 stack[s0 slot?]
[black-dbg] sceSifAddCmdHandler @0x36a460 a0=0x00000001 a1=0x00324660 ra=0x00324588 sp=0x01fffd20 | game=0x0049c000 state=1 cur=0x00000000 pend=0x004bc210
[black-dbg]   enter sceSifAddCmdHandler s0=0x00000001 s1=0x00000002
[black-dbg]   ctor slots: s0=00000000_00410000 s1=00000000_00410000 s4=00000000_001029cc ra=00000000
[black-dbg]   leave sceSifAddCmdHandler pc=0x00324588 (ra_in=0x00324588) s0=0x00000001 (in 0x00000001) sp=0x01fffd20 (in 0x01fffd20) v0=0x00000000 stack[s0 slot?]
[black-dbg] sceSifSendCmd @0x36a660 a0=0x00000000 a1=0x0045a230 ra=0x00324498 sp=0x01fff9c0 | game=0x0049c000 state=1 cur=0x00000000 pend=0x004bc210
[black-dbg]   enter sceSifSendCmd s0=0x00000000 s1=0x00000000
[black-dbg]   ctor slots: s0=00000000_00410000 s1=00000000_00410000 s4=00000000_001029cc ra=00000000
[black-dbg]   leave sceSifSendCmd pc=0x00324498 (ra_in=0x00324498) s0=0x00000000 (in 0x00000000) sp=0x01fff9c0 (in 0x01fff9c0) v0=0x00000001 stack[s0 slot?]
[black-dbg] RwaEeCmdHandler @0x324660 a0=0x01fac000 a1=0x00000000 ra=0x00000000 sp=0x01fefff0 | game=0x0049c000 state=1 cur=0x00000000 pend=0x004bc210
[black-dbg]   enter RwaEeCmdHandler s0=0x00000001 s1=0x00458dc0
[black-dbg]   ctor slots: s0=00000000_00410000 s1=00000000_00410000 s4=00000000_001029cc ra=00000000
[black-dbg]   leave RwaEeCmdHandler pc=0x00000000 (ra_in=0x00000000) s0=0x00000001 (in 0x00000001) sp=0x01fefff0 (in 0x01fefff0) v0=0x0000000c stack[s0 slot?]
[black-rwa] msg type=2382495780 +14=0x24430400 +18=0xaf828a3c +1c=0x10000032 +20=0xaf838a40 +24=0x8e02002c +28=0x10400058 +2c=0x2402000c
[black-dbg] sceSifSendCmd @0x36a660 a0=0x00000000 a1=0x0045a260 ra=0x00324498 sp=0x01fff9c0 | game=0x0049c000 state=1 cur=0x00000000 pend=0x004bc210
[black-dbg]   enter sceSifSendCmd s0=0x00000000 s1=0x00000000
[black-dbg]   ctor slots: s0=00000000_00410000 s1=00000000_00410000 s4=00000000_001029cc ra=00000000
[black-dbg]   leave sceSifSendCmd pc=0x00324498 (ra_in=0x00324498) s0=0x00000000 (in 0x00000000) sp=0x01fff9c0 (in 0x01fff9c0) v0=0x00000001 stack[s0 slot?]
[black-dbg] RwaEeCmdHandler @0x324660 a0=0x01fac000 a1=0x00000000 ra=0x00000000 sp=0x01fabff0 | game=0x0049c000 state=1 cur=0x00000000 pend=0x004bc210
[black-dbg]   enter RwaEeCmdHandler s0=0x00000001 s1=0x00458dc0
[black-dbg]   ctor slots: s0=00000000_00410000 s1=00000000_00410000 s4=00000000_001029cc ra=00000000
[black-dbg]   leave RwaEeCmdHandler pc=0x00000000 (ra_in=0x00000000) s0=0x00000001 (in 0x00000001) sp=0x01fabff0 (in 0x01fabff0) v0=0x0000000c stack[s0 slot?]
[black-rwa] msg type=2944633408 +14=0x8e02002c +18=0x10400058 +1c=0x2402000c +20=0x8e030010 +24=0x50620011 +28=0x8e020014 +2c=0x1000000d
[black-dbg] sceSifSendCmd @0x36a660 a0=0x00000000 a1=0x0045a290 ra=0x00324498 sp=0x01fffa00 | game=0x0049c000 state=1 cur=0x00000000 pend=0x004bc210
[black-dbg]   enter sceSifSendCmd s0=0x00000000 s1=0x00000000
[black-dbg]   ctor slots: s0=00000000_00410000 s1=00000000_00410000 s4=00000000_001029cc ra=00000000
[black-dbg]   leave sceSifSendCmd pc=0x00324498 (ra_in=0x00324498) s0=0x00000000 (in 0x00000000) sp=0x01fffa00 (in 0x01fffa00) v0=0x00000001 stack[s0 slot?]
[black-dbg] RwaEeCmdHandler @0x324660 a0=0x01fac000 a1=0x00000000 ra=0x00000000 sp=0x01fefff0 | game=0x0049c000 state=1 cur=0x00000000 pend=0x004bc210
[black-dbg]   enter RwaEeCmdHandler s0=0x00000001 s1=0x00458dc0
[black-dbg]   ctor slots: s0=00000000_00410000 s1=00000000_00410000 s4=00000000_001029cc ra=00000000
[black-dbg]   leave RwaEeCmdHandler pc=0x00000000 (ra_in=0x00000000) s0=0x00000001 (in 0x00000001) sp=0x01fefff0 (in 0x01fefff0) v0=0x0000000c stack[s0 slot?]
[black-dbg] RwaEventCb @0x3251b8 a0=0x01c9a440 a1=0x0000001a ra=0x003241f4 sp=0x00459580 | game=0x0049c000 state=1 cur=0x00000000 pend=0x004bc210
[black-dbg]   enter RwaEventCb s0=0x00459660 s1=0x00000030
[black-dbg]   ctor slots: s0=00000000_00410000 s1=00000000_00410000 s4=00000000_001029cc ra=00000000
[black-dbg]   leave RwaEventCb pc=0x003254b8 (ra_in=0x003241f4) s0=0x00459660 (in 0x00459660) sp=0x00459540 (in 0x00459580) v0=0x00000001 stack[s0 slot?]
[black-rwa] msg type=2075131952 +14=0xaf808a88 +18=0x100000a6 +1c=0x7bb00030 +20=0xaf918a80 +24=0xaf868a84 +28=0x100000a2 +2c=0x7bb00030
[black-dbg] sceSifSendCmd @0x36a660 a0=0x00000000 a1=0x0045a2c0 ra=0x00324498 sp=0x01fffa00 | game=0x0049c000 state=1 cur=0x00000000 pend=0x004bc210
[black-dbg]   enter sceSifSendCmd s0=0x00000000 s1=0x00000000
[black-dbg]   ctor slots: s0=00000000_00410000 s1=00000000_00410000 s4=00000000_001029cc ra=00000000
[black-dbg]   leave sceSifSendCmd pc=0x00324498 (ra_in=0x00324498) s0=0x00000000 (in 0x00000000) sp=0x01fffa00 (in 0x01fffa00) v0=0x00000001 stack[s0 slot?]
[black-dbg] RwaEeCmdHandler @0x324660 a0=0x01fac000 a1=0x00000000 ra=0x00000000 sp=0x01fefff0 | game=0x0049c000 state=1 cur=0x00000000 pend=0x004bc210
[black-dbg]   enter RwaEeCmdHandler s0=0x00000001 s1=0x00458dc0
[black-dbg]   ctor slots: s0=00000000_00410000 s1=00000000_00410000 s4=00000000_001029cc ra=00000000
[black-dbg]   leave RwaEeCmdHandler pc=0x00000000 (ra_in=0x00000000) s0=0x00000001 (in 0x00000001) sp=0x01fefff0 (in 0x01fefff0) v0=0x0000000c stack[s0 slot?]
[black-dbg] RwaEventCb @0x3251b8 a0=0x01c9a440 a1=0x0000001b ra=0x003241f4 sp=0x00459580 | game=0x0049c000 state=1 cur=0x00000000 pend=0x004bc210
[black-dbg]   enter RwaEventCb s0=0x00459690 s1=0x00000030
[black-dbg]   ctor slots: s0=00000000_00410000 s1=00000000_00410000 s4=00000000_001029cc ra=00000000
[black-dbg]   leave RwaEventCb pc=0x003254b8 (ra_in=0x003241f4) s0=0x00459690 (in 0x00459690) sp=0x00459540 (in 0x00459580) v0=0x0040a100 stack[s0 slot?]
[black-rwa] msg type=268435615 +14=0xacb113ac +18=0x8f848aa0 +1c=0xc0c9b60 +20=0x220282d +24=0x1000009b +28=0x7bb00030 +2c=0xaf808a8c
[black-dbg] sceSifSendCmd @0x36a660 a0=0x00000000 a1=0x0045a2f0 ra=0x00324498 sp=0x01fffa00 | game=0x0049c000 state=1 cur=0x00000000 pend=0x004bc210
[black-dbg]   enter sceSifSendCmd s0=0x00000000 s1=0x00000000
[black-dbg]   ctor slots: s0=00000000_00410000 s1=00000000_00410000 s4=00000000_001029cc ra=00000000
[black-dbg]   leave sceSifSendCmd pc=0x00324498 (ra_in=0x00324498) s0=0x00000000 (in 0x00000000) sp=0x01fffa00 (in 0x01fffa00) v0=0x00000001 stack[s0 slot?]
[black-dbg] RwaEeCmdHandler @0x324660 a0=0x01fac000 a1=0x00000000 ra=0x00000000 sp=0x01fefff0 | game=0x0049c000 state=1 cur=0x00000000 pend=0x004bc210
[black-dbg]   enter RwaEeCmdHandler s0=0x00000001 s1=0x00458dc0
[black-dbg]   ctor slots: s0=00000000_00410000 s1=00000000_00410000 s4=00000000_001029cc ra=00000000
[black-dbg]   leave RwaEeCmdHandler pc=0x00000000 (ra_in=0x00000000) s0=0x00000001 (in 0x00000001) sp=0x01fefff0 (in 0x01fefff0) v0=0x0000000c stack[s0 slot?]
[black-dbg] RwaEventCb @0x3251b8 a0=0x01c9a440 a1=0x0000001c ra=0x003241f4 sp=0x00459580 | game=0x0049c000 state=1 cur=0x00000000 pend=0x004bc210
[black-dbg]   enter RwaEventCb s0=0x004596c0 s1=0x00000030
[black-dbg]   ctor slots: s0=00000000_00410000 s1=00000000_00410000 s4=00000000_001029cc ra=00000000
[black-dbg]   leave RwaEventCb pc=0x003254b4 (ra_in=0x003241f4) s0=0x004596c0 (in 0x004596c0) sp=0x00459540 (in 0x00459580) v0=0x0040a100 stack[s0 slot?]
[black-rwa] msg type=35661869 +14=0x1000009b +18=0x7bb00030 +1c=0xaf808a8c +20=0x10000098 +24=0x7bb00030 +28=0x3c020046 +2c=0x2450bf00
[black-dbg] sceSifSendCmd @0x36a660 a0=0x00000000 a1=0x0045a320 ra=0x00324498 sp=0x01fffd40 | game=0x0049c000 state=1 cur=0x00000000 pend=0x004bc210
[black-dbg]   enter sceSifSendCmd s0=0x00000000 s1=0x00000000
[black-dbg]   ctor slots: s0=00000000_00410000 s1=00000000_00410000 s4=00000000_001029cc ra=00000000
[black-dbg]   leave sceSifSendCmd pc=0x00324498 (ra_in=0x00324498) s0=0x00000000 (in 0x00000000) sp=0x01fffd40 (in 0x01fffd40) v0=0x00000001 stack[s0 slot?]
[black-dbg] RwaEeCmdHandler @0x324660 a0=0x01fac000 a1=0x00000000 ra=0x00000000 sp=0x01fabff0 | game=0x0049c000 state=1 cur=0x00000000 pend=0x004bc210
[black-dbg]   enter RwaEeCmdHandler s0=0x00000000 s1=0x0000ae00
[black-dbg]   ctor slots: s0=00000000_00410000 s1=00000000_00410000 s4=00000000_001029cc ra=00000000
[black-dbg]   leave RwaEeCmdHandler pc=0x00000000 (ra_in=0x00000000) s0=0x00000000 (in 0x00000000) sp=0x01fabff0 (in 0x01fabff0) v0=0x0000000c stack[s0 slot?]
[black-dbg] RwaEventCb @0x3251b8 a0=0x01c9a440 a1=0x0000004f ra=0x003241f4 sp=0x00459580 | game=0x0049c000 state=1 cur=0x00000000 pend=0x004bc210
[black-dbg]   enter RwaEventCb s0=0x004596f0 s1=0x00000030
[black-dbg]   ctor slots: s0=00000000_00410000 s1=00000000_00410000 s4=00000000_001029cc ra=00000000
[black-dbg]   leave RwaEventCb pc=0x0032549c (ra_in=0x003241f4) s0=0x004596f0 (in 0x004596f0) sp=0x00459540 (in 0x00459580) v0=0x0040a100 stack[s0 slot?]
[black-rwa] msg type=202218980 +14=0x0240202d +18=0x7bb00030 +1c=0x7bb10020 +20=0x7bb20010 +24=0xdfbf0000 +28=0x3e00008 +2c=0x27bd0040
[black-dbg] sceSifSendCmd @0x36a660 a0=0x00000000 a1=0x0045a350 ra=0x00324498 sp=0x01fffd30 | game=0x0049c000 state=1 cur=0x00000000 pend=0x004bc210
[black-dbg]   enter sceSifSendCmd s0=0x00000680 s1=0x00000680
[black-dbg]   ctor slots: s0=00000000_00410000 s1=00000000_00410000 s4=00000000_001029cc ra=00000000
[black-dbg]   leave sceSifSendCmd pc=0x00324498 (ra_in=0x00324498) s0=0x00000680 (in 0x00000680) sp=0x01fffd30 (in 0x01fffd30) v0=0x00000001 stack[s0 slot?]
[black-dbg] sceSifBindRpc @0x36af20 a0=0x00655f00 a1=0x00101079 ra=0x002862b0 sp=0x01fffe40 | game=0x0049c000 state=1 cur=0x00000000 pend=0x004bc210
[black-dbg]   enter sceSifBindRpc s0=0x006536c0 s1=0x01fffe70
[black-dbg]   ctor slots: s0=00000000_00410000 s1=00000000_00410000 s4=00000000_001029cc ra=00000000
[black-dbg]   leave sceSifBindRpc pc=0x002862b0 (ra_in=0x002862b0) s0=0x006536c0 (in 0x006536c0) sp=0x01fffe40 (in 0x01fffe40) v0=0x00000000 stack[s0 slot?]
[black-dbg] sceSifAddCmdHandler @0x36a460 a0=0x00000006 a1=0x00286990 ra=0x002862d0 sp=0x01fffe40 | game=0x0049c000 state=1 cur=0x00000000 pend=0x004bc210
[black-dbg]   enter sceSifAddCmdHandler s0=0x006536c0 s1=0x01fffe70
[black-dbg]   ctor slots: s0=00000000_00410000 s1=00000000_00410000 s4=00000000_001029cc ra=00000000
[black-dbg]   leave sceSifAddCmdHandler pc=0x002862d0 (ra_in=0x002862d0) s0=0x006536c0 (in 0x006536c0) sp=0x01fffe40 (in 0x01fffe40) v0=0x00000000 stack[s0 slot?]
[black-dbg] sceSifCallRpc @0x36b100 a0=0x00655f00 a1=0x00101079 ra=0x00286850 sp=0x01fffdf0 | game=0x0049c000 state=1 cur=0x00000000 pend=0x004bc210
[black-dbg]   enter sceSifCallRpc s0=0x00655f00 s1=0x006536c0
[black-dbg]   ctor slots: s0=00000000_00410000 s1=00000000_00410000 s4=00000000_001029cc ra=00000000
[black-dbg]   leave sceSifCallRpc pc=0x00286850 (ra_in=0x00286850) s0=0x00655f00 (in 0x00655f00) sp=0x01fffdf0 (in 0x01fffdf0) v0=0x00000000 stack[s0 slot?]
[black-dbg] sceSifCallRpc @0x36b100 a0=0x00655f00 a1=0x00101079 ra=0x00286850 sp=0x01fffe10 | game=0x0049c000 state=1 cur=0x00000000 pend=0x004bc210
[black-dbg]   enter sceSifCallRpc s0=0x00655f00 s1=0x006536c0
[black-dbg]   ctor slots: s0=00000000_00410000 s1=00000000_00410000 s4=00000000_001029cc ra=00000000
[black-dbg]   leave sceSifCallRpc pc=0x00286850 (ra_in=0x00286850) s0=0x00655f00 (in 0x00655f00) sp=0x01fffe10 (in 0x01fffe10) v0=0x00000000 stack[s0 slot?]
[black-dbg] RwaEeCmdHandler @0x324660 a0=0x01fac000 a1=0x00000000 ra=0x00000000 sp=0x01fefff0 | game=0x0049c000 state=1 cur=0x00000000 pend=0x004bc210
[black-dbg]   enter RwaEeCmdHandler s0=0x00000000 s1=0x0000ae00
[black-dbg]   ctor slots: s0=00000000_00410000 s1=00000000_00410000 s4=00000000_001029cc ra=00000000
[black-dbg]   leave RwaEeCmdHandler pc=0x00000000 (ra_in=0x00000000) s0=0x00000000 (in 0x00000000) sp=0x01fefff0 (in 0x01fefff0) v0=0x0000000c stack[s0 slot?]
[black-dbg] RwaEventCb @0x3251b8 a0=0x01c9a440 a1=0x00000014 ra=0x003241f4 sp=0x00459580 | game=0x0049c000 state=1 cur=0x00000000 pend=0x004bc210
[black-dbg]   enter RwaEventCb s0=0x00459720 s1=0x00000030
[black-dbg]   ctor slots: s0=00000000_00410000 s1=00000000_00410000 s4=00000000_001029cc ra=00000000
[black-dbg]   leave RwaEventCb pc=0x003254b4 (ra_in=0x003241f4) s0=0x00459720 (in 0x00459720) sp=0x00459540 (in 0x00459580) v0=0x0040a100 stack[s0 slot?]
[black-rwa] msg type=65011720 +14=0x27bd0040 +18=0x0 +1c=0x27bdffb0 +20=0x3c050041 +24=0x7fb10030 +28=0x24a5a0f0 +2c=0x80882d
[black-dbg] sceSifAddCmdHandler @0x36a460 a0=0x00000004 a1=0x002697e0 ra=0x00268d88 sp=0x01fffe40 | game=0x0049c000 state=1 cur=0x00000000 pend=0x004bc210
[black-dbg]   enter sceSifAddCmdHandler s0=0xffffffff s1=0x0040eed0
[black-dbg]   ctor slots: s0=00000000_00410000 s1=00000000_00410000 s4=00000000_004bc120 ra=00000010
[black-dbg]   leave sceSifAddCmdHandler pc=0x00268d88 (ra_in=0x00268d88) s0=0xffffffff (in 0xffffffff) sp=0x01fffe40 (in 0x01fffe40) v0=0x00000000 stack[s0 slot?]
[black-dbg] sceSifAddCmdHandler @0x36a460 a0=0x00000005 a1=0x00269820 ra=0x00268d9c sp=0x01fffe40 | game=0x0049c000 state=1 cur=0x00000000 pend=0x004bc210
[black-dbg]   enter sceSifAddCmdHandler s0=0xffffffff s1=0x0040eed0
[black-dbg]   ctor slots: s0=00000000_00410000 s1=00000000_00410000 s4=00000000_004bc120 ra=00000010
[black-dbg]   leave sceSifAddCmdHandler pc=0x00268d9c (ra_in=0x00268d9c) s0=0xffffffff (in 0xffffffff) sp=0x01fffe40 (in 0x01fffe40) v0=0x00000000 stack[s0 slot?]
[black-dbg] sceSifBindRpc @0x36af20 a0=0x004926c8 a1=0x00475453 ra=0x00268dc0 sp=0x01fffe40 | game=0x0049c000 state=1 cur=0x00000000 pend=0x004bc210
[black-dbg]   enter sceSifBindRpc s0=0xffffffff s1=0x004926c8
[black-dbg]   ctor slots: s0=00000000_00410000 s1=00000000_00410000 s4=00000000_004bc120 ra=00000010
[black-dbg]   leave sceSifBindRpc pc=0x00268dc0 (ra_in=0x00268dc0) s0=0xffffffff (in 0xffffffff) sp=0x01fffe40 (in 0x01fffe40) v0=0x00000000 stack[s0 slot?]
[black-dbg] sceSifCallRpc @0x36b100 a0=0x004926c8 a1=0x00000001 ra=0x00268e54 sp=0x01fffe40 | game=0x0049c000 state=1 cur=0x00000000 pend=0x004bc210
[black-dbg]   enter sceSifCallRpc s0=0xffffffff s1=0x004926c8
[black-dbg]   ctor slots: s0=00000000_00410000 s1=00000000_00410000 s4=00000000_004bc120 ra=00000010
[black-dbg]   leave sceSifCallRpc pc=0x00268e54 (ra_in=0x00268e54) s0=0xffffffff (in 0xffffffff) sp=0x01fffe40 (in 0x01fffe40) v0=0x00000000 stack[s0 slot?]
[black-dbg] sceSifSendCmd @0x36a660 a0=0x00000000 a1=0x0045a380 ra=0x00324498 sp=0x01fffe30 | game=0x0049c000 state=1 cur=0x00000000 pend=0x004bc210
[black-dbg]   enter sceSifSendCmd s0=0x00000000 s1=0x00000000
[black-dbg]   ctor slots: s0=00000000_00410000 s1=00000000_00410000 s4=00000000_004bc120 ra=00000010
[black-dbg]   leave sceSifSendCmd pc=0x00324498 (ra_in=0x00324498) s0=0x00000000 (in 0x00000000) sp=0x01fffe30 (in 0x01fffe30) v0=0x00000001 stack[s0 slot?]
[black-dbg] RwaEeCmdHandler @0x324660 a0=0x01fac000 a1=0x00000000 ra=0x00000000 sp=0x01fabff0 | game=0x0049c000 state=1 cur=0x00000000 pend=0x004bc210
[black-dbg]   enter RwaEeCmdHandler s0=0x0040eed0 s1=0x00598380
[black-dbg]   ctor slots: s0=00000000_00410000 s1=00000000_00410000 s4=00000000_004bc120 ra=00000010
[black-dbg]   leave RwaEeCmdHandler pc=0x00000000 (ra_in=0x00000000) s0=0x0040eed0 (in 0x0040eed0) sp=0x01fabff0 (in 0x01fabff0) v0=0x0000000c stack[s0 slot?]
[black-dbg] RwaEventCb @0x3251b8 a0=0x01c9a440 a1=0x00000031 ra=0x003241f4 sp=0x00459580 | game=0x0049c000 state=1 cur=0x00000000 pend=0x004bc210
[black-dbg]   enter RwaEventCb s0=0x00459750 s1=0x00000030
[black-dbg]   ctor slots: s0=00000000_00410000 s1=00000000_00410000 s4=00000000_004bc120 ra=00000010
[black-dbg]   leave RwaEventCb pc=0x0032549c (ra_in=0x003241f4) s0=0x00459750 (in 0x00459750) sp=0x00459540 (in 0x00459580) v0=0x0040a100 stack[s0 slot?]
[black-rwa] msg type=202218980 +14=0x0240202d +18=0x7bb00030 +1c=0x7bb10020 +20=0x7bb20010 +24=0xdfbf0000 +28=0x3e00008 +2c=0x27bd0040
[black-dbg] sceSifCallRpc @0x36b100 a0=0x004926c8 a1=0x00000003 ra=0x00268fb4 sp=0x01d23940 | game=0x0049c000 state=1 cur=0x00000000 pend=0x004bc210
[black-dbg]   enter sceSifCallRpc s0=0x00492700 s1=0x00410000
[black-dbg]   ctor slots: s0=00000000_00410000 s1=00000000_00410000 s4=00000000_00000000 ra=00000000
[black-dbg]   leave sceSifCallRpc pc=0x00268fb4 (ra_in=0x00268fb4) s0=0x00492700 (in 0x00492700) sp=0x01d23940 (in 0x01d23940) v0=0x00000000 stack[s0 slot?]
[black-fs] open "Export\FrontEnd\InGameOn.bin" -> 0x0040eff0
[black-dbg] sceSifCallRpc @0x36b100 a0=0x004926c8 a1=0x00000005 ra=0x002693d0 sp=0x01d23ac0 | game=0x0049c000 state=1 cur=0x00000000 pend=0x004bc210
[black-dbg]   enter sceSifCallRpc s0=0x00038000 s1=0x01c51480
[black-dbg]   ctor slots: s0=00000000_00410000 s1=00000000_00410000 s4=00000000_00000000 ra=00000000
[black-dbg]   leave sceSifCallRpc pc=0x002693d0 (ra_in=0x002693d0) s0=0x00038000 (in 0x00038000) sp=0x01d23ac0 (in 0x01d23ac0) v0=0x00000000 stack[s0 slot?]
[black-init] t=0.27s calls=12 frames=11 state=6 fe=4 busy=0x0001
[black-dbg] GtsCmd4 @0x2697e0 a0=0x01fac000 a1=0x0040eed0 ra=0x00000000 sp=0x01fabff0 | game=0x0049c000 state=1 cur=0x00000000 pend=0x004bc210
[black-dbg]   enter GtsCmd4 s0=0x004406e0 s1=0x00000000
[black-dbg]   ctor slots: s0=00000000_00410000 s1=00000000_00410000 s4=00000000_00000000 ra=00000000
[black-dbg]   leave GtsCmd4 pc=0x00000000 (ra_in=0x00000000) s0=0x004406e0 (in 0x004406e0) sp=0x01fabff0 (in 0x01fabff0) v0=0x0000000e stack[s0 slot?]
[black-dbg] sceSifCallRpc @0x36b100 a0=0x004926c8 a1=0x00000004 ra=0x00269084 sp=0x01d23b30 | game=0x0049c000 state=1 cur=0x00000000 pend=0x004bc210
[black-dbg]   enter sceSifCallRpc s0=0x00492700 s1=0x00410000
[black-dbg]   ctor slots: s0=00000000_00410000 s1=00000000_00410000 s4=00000000_00000000 ra=00000000
[black-dbg]   leave sceSifCallRpc pc=0x00269084 (ra_in=0x00269084) s0=0x00492700 (in 0x00492700) sp=0x01d23b30 (in 0x01d23b30) v0=0x00000000 stack[s0 slot?]
[black-dbg] sceSifCallRpc @0x36b100 a0=0x004926c8 a1=0x00000003 ra=0x00268fb4 sp=0x01d23940 | game=0x0049c000 state=1 cur=0x00000000 pend=0x004bc210
[black-dbg]   enter sceSifCallRpc s0=0x00492700 s1=0x00410000
[black-dbg]   ctor slots: s0=00000000_00410000 s1=00000000_00410000 s4=00000000_00000000 ra=00000000
[black-dbg]   leave sceSifCallRpc pc=0x00268fb4 (ra_in=0x00268fb4) s0=0x00492700 (in 0x00492700) sp=0x01d23940 (in 0x01d23940) v0=0x00000000 stack[s0 slot?]
[black-fs] open "Export\FrontEnd\Core.bin" -> 0x0040eff0
[black-dbg] sceSifCallRpc @0x36b100 a0=0x004926c8 a1=0x00000005 ra=0x002693d0 sp=0x01d23ac0 | game=0x0049c000 state=1 cur=0x00000000 pend=0x004bc210
[black-dbg]   enter sceSifCallRpc s0=0x00018800 s1=0x01c69c80
[black-dbg]   ctor slots: s0=00000000_00410000 s1=00000000_00410000 s4=00000000_00000000 ra=00000000
[black-dbg]   leave sceSifCallRpc pc=0x002693d0 (ra_in=0x002693d0) s0=0x00018800 (in 0x00018800) sp=0x01d23ac0 (in 0x01d23ac0) v0=0x00000000 stack[s0 slot?]
[black-init] t=0.30s calls=14 frames=13 state=6 fe=9 busy=0x0001
[black-dbg] GtsCmd4 @0x2697e0 a0=0x01fac000 a1=0x0040eed0 ra=0x00000000 sp=0x01fabff0 | game=0x0049c000 state=1 cur=0x00000000 pend=0x004bc210
[black-dbg]   enter GtsCmd4 s0=0x004406e0 s1=0x00000000
[black-dbg]   ctor slots: s0=00000000_00410000 s1=00000000_00410000 s4=00000000_00000000 ra=00000000
[black-dbg]   leave GtsCmd4 pc=0x00000000 (ra_in=0x00000000) s0=0x004406e0 (in 0x004406e0) sp=0x01fabff0 (in 0x01fabff0) v0=0x0000000e stack[s0 slot?]
[black-dbg] sceSifCallRpc @0x36b100 a0=0x004926c8 a1=0x00000004 ra=0x00269084 sp=0x01d23b30 | game=0x0049c000 state=1 cur=0x00000000 pend=0x004bc210
[black-dbg]   enter sceSifCallRpc s0=0x00492700 s1=0x00410000
[black-dbg]   ctor slots: s0=00000000_00410000 s1=00000000_00410000 s4=00000000_00000000 ra=00000000
[black-dbg]   leave sceSifCallRpc pc=0x00269084 (ra_in=0x00269084) s0=0x00492700 (in 0x00492700) sp=0x01d23b30 (in 0x01d23b30) v0=0x00000000 stack[s0 slot?]
[black-dbg] sceSifCallRpc @0x36b100 a0=0x004926c8 a1=0x00000003 ra=0x00268fb4 sp=0x01d23940 | game=0x0049c000 state=1 cur=0x00000000 pend=0x004bc210
[black-dbg]   enter sceSifCallRpc s0=0x00492700 s1=0x00410000
[black-dbg]   ctor slots: s0=00000000_00410000 s1=00000000_00410000 s4=00000000_00000000 ra=00000000
[black-dbg]   leave sceSifCallRpc pc=0x00268fb4 (ra_in=0x00268fb4) s0=0x00492700 (in 0x00492700) sp=0x01d23940 (in 0x01d23940) v0=0x00000000 stack[s0 slot?]
[black-fs] open "Export\FrontEnd\Loading.bin" -> 0x0040eff0
[black-dbg] sceSifCallRpc @0x36b100 a0=0x004926c8 a1=0x00000005 ra=0x002693d0 sp=0x01d23ac0 | game=0x0049c000 state=1 cur=0x00000000 pend=0x004bc210
[black-dbg]   enter sceSifCallRpc s0=0x00010000 s1=0x01c79c80
[black-dbg]   ctor slots: s0=00000000_00410000 s1=00000000_00410000 s4=00000000_00000000 ra=00000000
[black-dbg]   leave sceSifCallRpc pc=0x002693d0 (ra_in=0x002693d0) s0=0x00010000 (in 0x00010000) sp=0x01d23ac0 (in 0x01d23ac0) v0=0x00000000 stack[s0 slot?]
[black-dbg] GtsCmd4 @0x2697e0 a0=0x01fac000 a1=0x0040eed0 ra=0x00000000 sp=0x01fa3ff0 | game=0x0049c000 state=1 cur=0x00000000 pend=0x004bc210
[black-dbg]   enter GtsCmd4 s0=0x004406e0 s1=0x00000000
[black-dbg]   ctor slots: s0=00000000_00410000 s1=00000000_00410000 s4=00000000_00000000 ra=00000000
[black-dbg]   leave GtsCmd4 pc=0x00000000 (ra_in=0x00000000) s0=0x004406e0 (in 0x004406e0) sp=0x01fa3ff0 (in 0x01fa3ff0) v0=0x0000000e stack[s0 slot?]
[black-dbg] sceSifCallRpc @0x36b100 a0=0x004926c8 a1=0x00000004 ra=0x00269084 sp=0x01d23b30 | game=0x0049c000 state=1 cur=0x00000000 pend=0x004bc210
[black-dbg]   enter sceSifCallRpc s0=0x00492700 s1=0x00410000
[black-dbg]   ctor slots: s0=00000000_00410000 s1=00000000_00410000 s4=00000000_00000000 ra=00000000
[black-dbg]   leave sceSifCallRpc pc=0x00269084 (ra_in=0x00269084) s0=0x00492700 (in 0x00492700) sp=0x01d23b30 (in 0x01d23b30) v0=0x00000000 stack[s0 slot?]
[black-init] t=0.34s calls=16 frames=15 state=6 fe=10 busy=0x0000
[black-dbg] FE:SetPage @0x20b678 a0=0x005b8c80 a1=0x003fa5a0 ra=0x0020a7e4 sp=0x01fffec0 | game=0x0049c000 state=1 cur=0x00000000 pend=0x004bc210
[black-fe] g=0.33 FE:SetPage a0="" a1="Loading_screen" a0+60="" a2=0x5 a3=0x27f0000
[black-dbg]   enter FE:SetPage s0=0x00410000 s1=0x00410000
[black-dbg]   ctor slots: s0=00000000_00410000 s1=00000000_00410000 s4=00000000_00410000 ra=00000000
[black-dbg]   leave FE:SetPage pc=0x0023a250 (ra_in=0x0020a7e4) s0=0x00000000 (in 0x00410000) sp=0x01fffb50 (in 0x01fffec0) v0=0x00000000 stack[s0 slot?]
[black-dbg] sceSifCallRpc @0x36b100 a0=0x004926c8 a1=0x00000003 ra=0x00268fb4 sp=0x01d23940 | game=0x0049c000 state=1 cur=0x00000000 pend=0x004bc210
[black-dbg]   enter sceSifCallRpc s0=0x00492700 s1=0x00410000
[black-dbg]   ctor slots: s0=00000000_00410000 s1=00000000_00410000 s4=00000000_00000000 ra=00000000
[black-dbg]   leave sceSifCallRpc pc=0x00268fb4 (ra_in=0x00268fb4) s0=0x00492700 (in 0x00492700) sp=0x01d23940 (in 0x01d23940) v0=0x00000000 stack[s0 slot?]
[black-fs] open "Export\FrontEnd\WpnScope.bin" -> 0x0040eff0
[black-dbg] sceSifCallRpc @0x36b100 a0=0x004926c8 a1=0x00000005 ra=0x002693d0 sp=0x01d23ac0 | game=0x0049c000 state=1 cur=0x00000000 pend=0x004bc210
[black-dbg]   enter sceSifCallRpc s0=0x00016000 s1=0x01c8fc80
[black-dbg]   ctor slots: s0=00000000_00410000 s1=00000000_00410000 s4=00000000_00000000 ra=00000000
[black-dbg]   leave sceSifCallRpc pc=0x002693d0 (ra_in=0x002693d0) s0=0x00016000 (in 0x00016000) sp=0x01d23ac0 (in 0x01d23ac0) v0=0x00000000 stack[s0 slot?]
[black-init] t=0.35s calls=17 frames=16 state=6 fe=13 busy=0x0001
[black-dbg] GtsCmd4 @0x2697e0 a0=0x01fac000 a1=0x0040eed0 ra=0x00000000 sp=0x01fabff0 | game=0x0049c000 state=1 cur=0x00000000 pend=0x004bc210
[black-dbg]   enter GtsCmd4 s0=0x004406e0 s1=0x00000000
[black-dbg]   ctor slots: s0=00000000_00410000 s1=00000000_00410000 s4=00000000_00000000 ra=00000000
[black-dbg]   leave GtsCmd4 pc=0x00000000 (ra_in=0x00000000) s0=0x004406e0 (in 0x004406e0) sp=0x01fabff0 (in 0x01fabff0) v0=0x0000000e stack[s0 slot?]
[black-dbg] sceSifCallRpc @0x36b100 a0=0x004926c8 a1=0x00000004 ra=0x00269084 sp=0x01d23b30 | game=0x0049c000 state=1 cur=0x00000000 pend=0x004bc210
[black-dbg]   enter sceSifCallRpc s0=0x00492700 s1=0x00410000
[black-dbg]   ctor slots: s0=00000000_00410000 s1=00000000_00410000 s4=00000000_00000000 ra=00000000
[black-dbg]   leave sceSifCallRpc pc=0x00269084 (ra_in=0x00269084) s0=0x00492700 (in 0x00492700) sp=0x01d23b30 (in 0x01d23b30) v0=0x00000000 stack[s0 slot?]
[black-dbg] sceSifCallRpc @0x36b100 a0=0x004926c8 a1=0x00000003 ra=0x00268fb4 sp=0x01d23940 | game=0x0049c000 state=1 cur=0x00000000 pend=0x004bc210
[black-dbg]   enter sceSifCallRpc s0=0x00492700 s1=0x00410000
[black-dbg]   ctor slots: s0=00000000_00410000 s1=00000000_00410000 s4=00000000_00000000 ra=00000000
[black-dbg]   leave sceSifCallRpc pc=0x00268fb4 (ra_in=0x00268fb4) s0=0x00492700 (in 0x00492700) sp=0x01d23940 (in 0x01d23940) v0=0x00000000 stack[s0 slot?]
[black-fs] open "Export\FrontEnd\Ring.bin" -> 0x0040eff0
[black-dbg] sceSifCallRpc @0x36b100 a0=0x004926c8 a1=0x00000005 ra=0x002693d0 sp=0x01d23ac0 | game=0x0049c000 state=1 cur=0x00000000 pend=0x004bc210
[black-dbg]   enter sceSifCallRpc s0=0x00006800 s1=0x01c96480
[black-dbg]   ctor slots: s0=00000000_00410000 s1=00000000_00410000 s4=00000000_00000000 ra=00000000
[black-dbg]   leave sceSifCallRpc pc=0x002693d0 (ra_in=0x002693d0) s0=0x00006800 (in 0x00006800) sp=0x01d23ac0 (in 0x01d23ac0) v0=0x00000000 stack[s0 slot?]
[black-dbg] GtsCmd4 @0x2697e0 a0=0x01fac000 a1=0x0040eed0 ra=0x00000000 sp=0x01fa3ff0 | game=0x0049c000 state=1 cur=0x00000000 pend=0x004bc210
[black-dbg]   enter GtsCmd4 s0=0x004406e0 s1=0x00000000
[black-dbg]   ctor slots: s0=00000000_00410000 s1=00000000_00410000 s4=00000000_00000000 ra=00000000
[black-dbg]   leave GtsCmd4 pc=0x00000000 (ra_in=0x00000000) s0=0x004406e0 (in 0x004406e0) sp=0x01fa3ff0 (in 0x01fa3ff0) v0=0x0000000e stack[s0 slot?]
[black-dbg] sceSifCallRpc @0x36b100 a0=0x004926c8 a1=0x00000004 ra=0x00269084 sp=0x01d23b30 | game=0x0049c000 state=1 cur=0x00000000 pend=0x004bc210
[black-dbg]   enter sceSifCallRpc s0=0x00492700 s1=0x00410000
[black-dbg]   ctor slots: s0=00000000_00410000 s1=00000000_00410000 s4=00000000_00000000 ra=00000000
[black-dbg]   leave sceSifCallRpc pc=0x00269084 (ra_in=0x00269084) s0=0x00492700 (in 0x00492700) sp=0x01d23b30 (in 0x01d23b30) v0=0x00000000 stack[s0 slot?]
[black-init] t=0.38s calls=19 frames=18 state=6 fe=14 busy=0x0000
[black-dbg] sceSifCallRpc @0x36b100 a0=0x004926c8 a1=0x00000003 ra=0x00268fb4 sp=0x01d23940 | game=0x0049c000 state=1 cur=0x00000000 pend=0x004bc210
[black-dbg]   enter sceSifCallRpc s0=0x00492700 s1=0x00410000
[black-dbg]   ctor slots: s0=00000000_00410000 s1=00000000_00410000 s4=00000000_00000000 ra=00000000
[black-dbg]   leave sceSifCallRpc pc=0x00268fb4 (ra_in=0x00268fb4) s0=0x00492700 (in 0x00492700) sp=0x01d23940 (in 0x01d23940) v0=0x00000000 stack[s0 slot?]
[black-fs] open "Export\FrontEnd\cntrDisc.bin" -> 0x0040eff0
[black-dbg] sceSifCallRpc @0x36b100 a0=0x004926c8 a1=0x00000005 ra=0x002693d0 sp=0x01d23ac0 | game=0x0049c000 state=1 cur=0x00000000 pend=0x004bc210
[black-dbg]   enter sceSifCallRpc s0=0x00000800 s1=0x01c96c80
[black-dbg]   ctor slots: s0=00000000_00410000 s1=00000000_00410000 s4=00000000_00000000 ra=00000000
[black-dbg]   leave sceSifCallRpc pc=0x002693d0 (ra_in=0x002693d0) s0=0x00000800 (in 0x00000800) sp=0x01d23ac0 (in 0x01d23ac0) v0=0x00000000 stack[s0 slot?]
[black-dbg] GtsCmd4 @0x2697e0 a0=0x01fac000 a1=0x0040eed0 ra=0x00000000 sp=0x01fa3ff0 | game=0x0049c000 state=1 cur=0x00000000 pend=0x004bc210
[black-dbg]   enter GtsCmd4 s0=0x004406e0 s1=0x00000000
[black-dbg]   ctor slots: s0=00000000_00410000 s1=00000000_00410000 s4=00000000_00000000 ra=00000000
[black-dbg]   leave GtsCmd4 pc=0x00000000 (ra_in=0x00000000) s0=0x004406e0 (in 0x004406e0) sp=0x01fa3ff0 (in 0x01fa3ff0) v0=0x0000000e stack[s0 slot?]
[black-dbg] sceSifCallRpc @0x36b100 a0=0x004926c8 a1=0x00000004 ra=0x00269084 sp=0x01d23b30 | game=0x0049c000 state=1 cur=0x00000000 pend=0x004bc210
[black-dbg]   enter sceSifCallRpc s0=0x00492700 s1=0x00410000
[black-dbg]   ctor slots: s0=00000000_00410000 s1=00000000_00410000 s4=00000000_00000000 ra=00000000
[black-dbg]   leave sceSifCallRpc pc=0x00269084 (ra_in=0x00269084) s0=0x00492700 (in 0x00492700) sp=0x01d23b30 (in 0x01d23b30) v0=0x00000000 stack[s0 slot?]
[black-init] t=0.40s calls=20 frames=19 state=6 fe=16 busy=0x0000
[black-dbg] FE:SetPage @0x20b678 a0=0x005b8c80 a1=0x003fa5b0 ra=0x0020aa7c sp=0x01fffec0 | game=0x0049c000 state=1 cur=0x00000000 pend=0x004bc210
[black-fe] g=0.40 FE:SetPage a0="" a1="ControllerDisconnected" a0+60="" a2=0x7 a3=0x1b864b8
[black-dbg]   enter FE:SetPage s0=0x0000000d s1=0x00410000
[black-dbg]   ctor slots: s0=00000000_00410000 s1=00000000_00410000 s4=00000000_00410000 ra=00000000
[black-dbg]   leave FE:SetPage pc=0x0023a250 (ra_in=0x0020aa7c) s0=0x00000000 (in 0x0000000d) sp=0x01fffb50 (in 0x01fffec0) v0=0x00000000 stack[s0 slot?]
[black-dbg] sceSifBindRpc @0x36af20 a0=0x004438c0 a1=0x80001300 ra=0x0029b5f4 sp=0x01fffd90 | game=0x0049c000 state=1 cur=0x00000000 pend=0x004bc210
[black-dbg]   enter sceSifBindRpc s0=0x004438c0 s1=0x00440000
[black-dbg]   ctor slots: s0=00000000_00410000 s1=00000000_00410000 s4=00000000_00410000 ra=00000000
[black-dbg]   leave sceSifBindRpc pc=0x0029b5f4 (ra_in=0x0029b5f4) s0=0x004438c0 (in 0x004438c0) sp=0x01fffd90 (in 0x01fffd90) v0=0x00000000 stack[s0 slot?]
[black-dbg] sceSifCallRpc @0x36b100 a0=0x004438c0 a1=0x80001363 ra=0x0029b540 sp=0x01fffd60 | game=0x0049c000 state=1 cur=0x00000000 pend=0x004bc210
[black-dbg]   enter sceSifCallRpc s0=0x00440000 s1=0x00440000
[black-dbg]   ctor slots: s0=00000000_00410000 s1=00000000_00410000 s4=00000000_00410000 ra=00000000
[black-dbg]   leave sceSifCallRpc pc=0x0029b540 (ra_in=0x0029b540) s0=0x00440000 (in 0x00440000) sp=0x01fffd60 (in 0x01fffd60) v0=0x00000000 stack[s0 slot?]
[black-dbg] sceSifBindRpc @0x36af20 a0=0x00443910 a1=0x8000131c ra=0x0029b694 sp=0x01fffd90 | game=0x0049c000 state=1 cur=0x00000000 pend=0x004bc210
[black-dbg]   enter sceSifBindRpc s0=0x00443910 s1=0x00440000
[black-dbg]   ctor slots: s0=00000000_00410000 s1=00000000_00410000 s4=00000000_00410000 ra=00000000
[black-dbg]   leave sceSifBindRpc pc=0x0029b694 (ra_in=0x0029b694) s0=0x00443910 (in 0x00443910) sp=0x01fffd90 (in 0x01fffd90) v0=0x00000000 stack[s0 slot?]
[black-dbg] sceSifBindRpc @0x36af20 a0=0x00443938 a1=0x8000131e ra=0x0029b704 sp=0x01fffd90 | game=0x0049c000 state=1 cur=0x00000000 pend=0x004bc210
[black-dbg]   enter sceSifBindRpc s0=0x0044395c s1=0x00000000
[black-dbg]   ctor slots: s0=00000000_00410000 s1=00000000_00410000 s4=00000000_00410000 ra=00000000
[black-dbg]   leave sceSifBindRpc pc=0x0029b704 (ra_in=0x0029b704) s0=0x0044395c (in 0x0044395c) sp=0x01fffd90 (in 0x01fffd90) v0=0x00000000 stack[s0 slot?]
[black-dbg] sceSifBindRpc @0x36af20 a0=0x00443960 a1=0x8000131f ra=0x0029b704 sp=0x01fffd90 | game=0x0049c000 state=1 cur=0x00000000 pend=0x004bc210
[black-dbg]   enter sceSifBindRpc s0=0x00443984 s1=0x00000028
[black-dbg]   ctor slots: s0=00000000_00410000 s1=00000000_00410000 s4=00000000_00410000 ra=00000000
[black-dbg]   leave sceSifBindRpc pc=0x0029b704 (ra_in=0x0029b704) s0=0x00443984 (in 0x00443984) sp=0x01fffd90 (in 0x01fffd90) v0=0x00000000 stack[s0 slot?]
[black-dbg] sceSifCallRpc @0x36b100 a0=0x004438c0 a1=0x80001304 ra=0x0029b83c sp=0x01fffd60 | game=0x0049c000 state=1 cur=0x00000000 pend=0x004bc210
[black-dbg]   enter sceSifCallRpc s0=0x00440000 s1=0x00000028
[black-dbg]   ctor slots: s0=00000000_00410000 s1=00000000_00410000 s4=00000000_00410000 ra=00000000
[black-dbg]   leave sceSifCallRpc pc=0x0029b83c (ra_in=0x0029b83c) s0=0x00440000 (in 0x00440000) sp=0x01fffd60 (in 0x01fffd60) v0=0x00000000 stack[s0 slot?]
[black-dbc] dbc_29b7f8 a0=0x00445cc0 a1=0x445cc0 a2=0x0 a3=0x4439c0 [a1]=00000000 00000000 00000000 00000000 ra=0029b7bc -> v0=0x00000001
[black-dbg] sceSifCallRpc @0x36b100 a0=0x004438c0 a1=0x80001301 ra=0x0029b948 sp=0x01fffd70 | game=0x0049c000 state=1 cur=0x00000000 pend=0x004bc210
[black-dbg]   enter sceSifCallRpc s0=0x01fffde0 s1=0x004439c0
[black-dbg]   ctor slots: s0=00000000_00410000 s1=00000000_00410000 s4=00000000_00410000 ra=00000000
[black-dbg]   leave sceSifCallRpc pc=0x0029b948 (ra_in=0x0029b948) s0=0x01fffde0 (in 0x01fffde0) sp=0x01fffd70 (in 0x01fffd70) v0=0x00000000 stack[s0 slot?]
[black-dbc] sceDbcCreateSocket a0=0x01fffde0 a1=0x585440 a2=0x5854c0 desc=00000003 00000001 00000000 00000000 00000000 -> v0=0x00000000
[black-dbg] sceSifCallRpc @0x36b100 a0=0x004438c0 a1=0x80001301 ra=0x0029b948 sp=0x01fffd70 | game=0x0049c000 state=1 cur=0x00000000 pend=0x004bc210
[black-dbg]   enter sceSifCallRpc s0=0x01fffde0 s1=0x004439c0
[black-dbg]   ctor slots: s0=00000000_00410000 s1=00000000_00410000 s4=00000000_00410000 ra=00000000
[black-dbg]   leave sceSifCallRpc pc=0x0029b948 (ra_in=0x0029b948) s0=0x01fffde0 (in 0x01fffde0) sp=0x01fffd70 (in 0x01fffd70) v0=0x00000000 stack[s0 slot?]
[black-dbc] sceDbcCreateSocket a0=0x01fffde0 a1=0x585540 a2=0x5855c0 desc=00000003 00000001 00000001 00000000 00000000 -> v0=0x00000001
[black-dbg] sceSifCallRpc @0x36b100 a0=0x004926c8 a1=0x00000003 ra=0x00268fb4 sp=0x01fffcc0 | game=0x0049c000 state=1 cur=0x00000000 pend=0x004bc210
[black-dbg]   enter sceSifCallRpc s0=0x00492700 s1=0x00410000
[black-dbg]   ctor slots: s0=00000000_00410000 s1=00000000_00410000 s4=00000000_00410000 ra=003f24a0
[black-dbg]   leave sceSifCallRpc pc=0x00268fb4 (ra_in=0x00268fb4) s0=0x00492700 (in 0x00492700) sp=0x01fffcc0 (in 0x01fffcc0) v0=0x00000000 stack[s0 slot?]
[black-fs] open "Data/Andy.aku" -> 0x0040eff0
[black-dbg] sceSifCallRpc @0x36b100 a0=0x004926c8 a1=0x00000005 ra=0x002693d0 sp=0x01fffe40 | game=0x0049c000 state=1 cur=0x00000000 pend=0x004bc210
[black-dbg]   enter sceSifCallRpc s0=0x00003000 s1=0x006ec700
[black-dbg]   ctor slots: s0=00000000_00410000 s1=00000000_00410000 s4=00000000_00410000 ra=003f24a0
[black-dbg]   leave sceSifCallRpc pc=0x002693d0 (ra_in=0x002693d0) s0=0x00003000 (in 0x00003000) sp=0x01fffe40 (in 0x01fffe40) v0=0x00000000 stack[s0 slot?]
[black-dbg] GtsCmd4 @0x2697e0 a0=0x01fac000 a1=0x0040eed0 ra=0x00000000 sp=0x01fefff0 | game=0x0049c000 state=1 cur=0x00000000 pend=0x004bc210
[black-dbg]   enter GtsCmd4 s0=0x004406e0 s1=0x00000000
[black-dbg]   ctor slots: s0=00000000_00410000 s1=00000000_00410000 s4=00000000_00410000 ra=003f24a0
[black-dbg]   leave GtsCmd4 pc=0x00000000 (ra_in=0x00000000) s0=0x004406e0 (in 0x004406e0) sp=0x01fefff0 (in 0x01fefff0) v0=0x0000000e stack[s0 slot?]
[black-dbg] sceSifCallRpc @0x36b100 a0=0x004926c8 a1=0x00000004 ra=0x00269084 sp=0x01fffeb0 | game=0x0049c000 state=1 cur=0x00000000 pend=0x004bc210
[black-dbg]   enter sceSifCallRpc s0=0x00492700 s1=0x00410000
[black-dbg]   ctor slots: s0=00000000_00410000 s1=00000000_00410000 s4=00000000_00410000 ra=003f24a0
[black-dbg]   leave sceSifCallRpc pc=0x00269084 (ra_in=0x00269084) s0=0x00492700 (in 0x00492700) sp=0x01fffeb0 (in 0x01fffeb0) v0=0x00000000 stack[s0 slot?]
[black-dbg] sceSifCallRpc @0x36b100 a0=0x00655f00 a1=0x00101079 ra=0x00286850 sp=0x01fffe30 | game=0x0049c000 state=1 cur=0x00000000 pend=0x004bc210
[black-dbg]   enter sceSifCallRpc s0=0x00655f00 s1=0x006536c0
[black-dbg]   ctor slots: s0=00000000_00410000 s1=00000000_00410000 s4=00000000_00410000 ra=00102b20
[black-dbg]   leave sceSifCallRpc pc=0x00286850 (ra_in=0x00286850) s0=0x00655f00 (in 0x00655f00) sp=0x01fffe30 (in 0x01fffe30) v0=0x00000000 stack[s0 slot?]
[black-dbg] sceSifSendCmd @0x36a660 a0=0x00000000 a1=0x0045a3b0 ra=0x00324498 sp=0x01fffd70 | game=0x0049c000 state=1 cur=0x00000000 pend=0x004bc210
[black-dbg]   enter sceSifSendCmd s0=0x00000680 s1=0x00000680
[black-dbg]   ctor slots: s0=00000000_00410000 s1=00000000_00410000 s4=00000000_00410000 ra=00102b20
[black-dbg]   leave sceSifSendCmd pc=0x00324498 (ra_in=0x00324498) s0=0x00000680 (in 0x00000680) sp=0x01fffd70 (in 0x01fffd70) v0=0x00000001 stack[s0 slot?]
[black-load] g=0.40 upd=1 loaderState=4294967295 -> 1
[black-watch] g=0.40 upd=1 game+0x14=0x003e24d8 words: 00000000 00000000 00000000 0049cc24 00000fa0 003e24d8 00000000 00000000 00000000 00000000 00000000 00000000 00000000 00000000 00000000 00000000
[black-state] t=1.0 g=0.4 upd=1 feState=28 fe+0x37a4=1 streamerBusy=0x0000 mode=1 cur=0x00000000 pend=0x004bc210 pendState=1
[black-dbcwork] 00000000 00000000 00000000 00000000 00000000 00000000 00000000 00000000 | 00000000 00000000 00000000 00000000
[black-mcrx] b00: 00000000 00000000 00000000 00000000 00000000 00000000 | b80: 00000000 00000000 00000000 00000000 00000000 00000000
[black-mc] obj=0x005bd980 +0=0 +4=1 +8=0 state=0 +10=0 +14=0 +18=0 +1c=0
[black-snd] upd=1 slotState=0x1 slotLoaded=0 req=0x01ca2210 reqState=0x1 stream=0 streamFlags=0x0
[black-state] pend vtbl=0x003db678 [0]=0x00105858 [1]=0x00105bc0 [2]=0x00105c40 [3]=0x00105cb8 [4]=0x00105ce8 [5]=0x00382330 [6]=0x00382338 [7]=0x00382340 [8]=0x00105848 [9]=0x00000000 [10]=0x00000000 [11]=0x00165b90
[black-gs] upd=1 pmode=0x8003 dispfb1=0x80000051400 display1=0x1be27f00000000 dispfb2=0x80000051400 display2=0x1be27f00000000 smode2=0x0 vsync=24 nativeGif=0 nativeImg=0
[black-gs]     present disp=0 src=0 640x448 pref=0
[black-gs]   bitbltbuf dbp=0 dbw=0 dpsm=0x0 trxreg=0x0 trxdir=3 xfer 0/0
[black-gs]   hist=1 giftag=0 reg=0 draw=0 xfer=0 present=1 lastDrawFbp=0 verts=0 frame=0 | present 640x448 dispFbp=0 srcFbp=0 has=1
[black-gs]   frame 640x448 media=0.0 naoPretos=0
[black-gs]   tex@2240 somaAmostra=0
[black-dbg] Game::update? @0x102bd0 a0=0x0049c000 a1=0x006e2100 ra=0x002640d0 sp=0x01ffffb0 | game=0x0049c000 state=1 cur=0x00000000 pend=0x004bc210
[black-dbg]   enter Game::update? s0=0x00410000 s1=0x00410000
[black-dbg]   ctor slots: s0=00000000_00410000 s1=00000000_00410000 s4=00000000_004bd06c ra=00102b20
[black-dbg]   leave Game::update? pc=0x0023a250 (ra_in=0x002640d0) s0=0x00000000 (in 0x00410000) sp=0x01fffba0 (in 0x01ffffb0) v0=0x00000000 stack[s0 slot?]
[black-dbg] RwaEeCmdHandler @0x324660 a0=0x01fac000 a1=0x00000000 ra=0x00000000 sp=0x01fefff0 | game=0x0049c000 state=1 cur=0x00000000 pend=0x004bc210
[black-dbg]   enter RwaEeCmdHandler s0=0x004406e0 s1=0x00000000
[black-dbg]   ctor slots: s0=00000000_00410000 s1=00000000_00410000 s4=00000000_00000000 ra=00000001
[black-dbg]   leave RwaEeCmdHandler pc=0x00000000 (ra_in=0x00000000) s0=0x004406e0 (in 0x004406e0) sp=0x01fefff0 (in 0x01fefff0) v0=0x0000000c stack[s0 slot?]
[black-dbg] RwaEventCb @0x3251b8 a0=0x01c9a440 a1=0x00000014 ra=0x003241f4 sp=0x00459580 | game=0x0049c000 state=1 cur=0x00000000 pend=0x004bc210
[black-dbg]   enter RwaEventCb s0=0x00459780 s1=0x00000030
[black-dbg]   ctor slots: s0=00000000_00410000 s1=00000000_00410000 s4=00000000_00000000 ra=00000001
[black-dbg]   leave RwaEventCb pc=0x003254b4 (ra_in=0x003241f4) s0=0x00459780 (in 0x00459780) sp=0x00459540 (in 0x00459580) v0=0x0040a100 stack[s0 slot?]
[black-rwa] msg type=65011720 +14=0x27bd0040 +18=0x0 +1c=0x27bdffb0 +20=0x3c050041 +24=0x7fb10030 +28=0x24a5a0f0 +2c=0x80882d
[black-dbg] Game::swapPending? @0x1036f0 a0=0x0049c000 a1=0x01b87d94 ra=0x00102cd8 sp=0x01ffff20 | game=0x0049c000 state=1 cur=0x00000000 pend=0x004bc210
[black-dbg]   enter Game::swapPending? s0=0x00000001 s1=0x00410000
[black-dbg]   ctor slots: s0=00000000_00410000 s1=00000000_00410000 s4=00000000_00000000 ra=00000001
[black-dbg]   leave Game::swapPending? pc=0x001efd80 (ra_in=0x00102cd8) s0=0x005a1200 (in 0x00000001) sp=0x01fffd90 (in 0x01ffff20) v0=0x00653500 stack[s0 slot?]
[black-dbg] sceSifCallRpc @0x36b100 a0=0x00655f00 a1=0x00101079 ra=0x00286850 sp=0x01fffca0 | game=0x0049c000 state=1 cur=0x00000000 pend=0x004bc210
[black-dbg]   enter sceSifCallRpc s0=0x00655f00 s1=0x006536c0
[black-dbg]   ctor slots: s0=00000000_00410000 s1=00000000_00410000 s4=00000000_00000000 ra=00000001
[black-dbg]   leave sceSifCallRpc pc=0x00286850 (ra_in=0x00286850) s0=0x00655f00 (in 0x00655f00) sp=0x01fffca0 (in 0x01fffca0) v0=0x00000000 stack[s0 slot?]
[black-dbg] sceSifCallRpc @0x36b100 a0=0x00655f00 a1=0x00101079 ra=0x00286850 sp=0x01fffd10 | game=0x0049c000 state=1 cur=0x00000000 pend=0x004bc210
[black-dbg]   enter sceSifCallRpc s0=0x00655f00 s1=0x006536c0
[black-dbg]   ctor slots: s0=00000000_00410000 s1=00000000_00410000 s4=00000000_00000000 ra=00000001
[black-dbg]   leave sceSifCallRpc pc=0x00286850 (ra_in=0x00286850) s0=0x00655f00 (in 0x00655f00) sp=0x01fffd10 (in 0x01fffd10) v0=0x00000000 stack[s0 slot?]
[black-dbg] SndLoad? @0x1ef548 a0=0x0065f600 a1=0x00661280 ra=0x001e9c10 sp=0x01fffe10 | game=0x0049c000 state=1 cur=0x00000000 pend=0x004bc210
[black-dbg]   enter SndLoad? s0=0x006612f0 s1=0xffffffff
[black-dbg]   ctor slots: s0=00000000_00410000 s1=00000000_00410000 s4=00000000_00000000 ra=00000001
[black-dbg] SndLoad.a? @0x280a38 a0=0x0065f600 a1=0x00661280 ra=0x001ef5d4 sp=0x01fffd50 | game=0x0049c000 state=1 cur=0x00000000 pend=0x004bc210
[black-dbg]   enter SndLoad.a? s0=0x006612f0 s1=0xffffffff
[black-dbg]   ctor slots: s0=00000000_00410000 s1=00000000_00410000 s4=00000000_00000000 ra=00000001
[black-dbg]   leave SndLoad.a? pc=0x001ef5d4 (ra_in=0x001ef5d4) s0=0x006612f0 (in 0x006612f0) sp=0x01fffd50 (in 0x01fffd50) v0=0x00000001 stack[s0 slot?]
[black-dbg] SndLoad.b? @0x27ff78 a0=0x00599200 a1=0x003f8560 ra=0x001ef680 sp=0x01fffd50 | game=0x0049c000 state=1 cur=0x00000000 pend=0x004bc210
[black-dbg]   enter SndLoad.b? s0=0x00008000 s1=0x00075400
[black-dbg]   ctor slots: s0=00000000_00410000 s1=00000000_00410000 s4=00000000_00000000 ra=00000001
[black-dbg] SndFindSlot @0x280160 a0=0x00599200 a1=0x01fffc30 ra=0x00280000 sp=0x01fffc30 | game=0x0049c000 state=1 cur=0x00000000 pend=0x004bc210
[black-dbg]   enter SndFindSlot s0=0x01fffc70 s1=0x00599200
[black-dbg]   ctor slots: s0=00000000_00410000 s1=00000000_00410000 s4=00000000_00000000 ra=00000001
[black-snd] slot=0x00000000 loaded=0 vt=0x00000000 poll=0x00000000 load=0x00000000
[black-dbg]   leave SndFindSlot pc=0x00280000 (ra_in=0x00280000) s0=0x01fffc70 (in 0x01fffc70) sp=0x01fffc30 (in 0x01fffc30) v0=0x00000000 stack[s0 slot?]
[black-dbg] sceSifSendCmd @0x36a660 a0=0x00000000 a1=0x0045a3e0 ra=0x00324498 sp=0x01fffa20 | game=0x0049c000 state=1 cur=0x00000000 pend=0x004bc210
[black-dbg]   enter sceSifSendCmd s0=0x00000070 s1=0x00000070
[black-dbg]   ctor slots: s0=00000000_00410000 s1=00000000_00410000 s4=00000000_00000000 ra=00000001
[black-dbg]   leave sceSifSendCmd pc=0x00324498 (ra_in=0x00324498) s0=0x00000070 (in 0x00000070) sp=0x01fffa20 (in 0x01fffa20) v0=0x00000001 stack[s0 slot?]
[black-dbg]   leave SndLoad.b? pc=0x001ef680 (ra_in=0x001ef680) s0=0x00008000 (in 0x00008000) sp=0x01fffd50 (in 0x01fffd50) v0=0x00000000 stack[s0 slot?]
[black-dbg]   leave SndLoad? pc=0x001e9c10 (ra_in=0x001e9c10) s0=0x006612f0 (in 0x006612f0) sp=0x01fffe10 (in 0x01fffe10) v0=0x00000000 stack[s0 slot?]
[black-dbg] RwaEeCmdHandler @0x324660 a0=0x01fac000 a1=0x00000000 ra=0x00000000 sp=0x01fabff0 | game=0x0049c000 state=1 cur=0x00000000 pend=0x004bc210
[black-dbg]   enter RwaEeCmdHandler s0=0x004406e0 s1=0x00000000
[black-dbg]   ctor slots: s0=00000000_00410000 s1=00000000_00410000 s4=00000000_00000000 ra=00000001
[black-dbg]   leave RwaEeCmdHandler pc=0x00000000 (ra_in=0x00000000) s0=0x004406e0 (in 0x004406e0) sp=0x01fabff0 (in 0x01fabff0) v0=0x0000000c stack[s0 slot?]
[black-dbg] RwaEventCb @0x3251b8 a0=0x01c9a440 a1=0x00000033 ra=0x003241f4 sp=0x00459580 | game=0x0049c000 state=1 cur=0x00000000 pend=0x004bc210
[black-dbg]   enter RwaEventCb s0=0x004597b0 s1=0x00000030
[black-dbg]   ctor slots: s0=00000000_00410000 s1=00000000_00410000 s4=00000000_00000000 ra=00000001
[black-dbg]   leave RwaEventCb pc=0x00325488 (ra_in=0x003241f4) s0=0x004597b0 (in 0x004597b0) sp=0x00459540 (in 0x00459580) v0=0x0040a100 stack[s0 slot?]
[black-rwa] msg type=2075131952 +14=0x56200001 +18=0xae260000 +1c=0x1a400004 +20=0x7bb00030 +24=0xc0d9de4 +28=0x240202d +2c=0x7bb00030
[black-dbg] sceSifSendCmd @0x36a660 a0=0x00000000 a1=0x0045a410 ra=0x00324498 sp=0x01fffd80 | game=0x0049c000 state=1 cur=0x00000000 pend=0x004bc210
[black-dbg]   enter sceSifSendCmd s0=0x00000680 s1=0x00000680
[black-dbg]   ctor slots: s0=00000000_00410000 s1=00000000_00410000 s4=00000000_00000000 ra=00000001
[black-dbg]   leave sceSifSendCmd pc=0x00324498 (ra_in=0x00324498) s0=0x00000680 (in 0x00000680) sp=0x01fffd80 (in 0x01fffd80) v0=0x00000001 stack[s0 slot?]
[black-dbg] RwaEeCmdHandler @0x324660 a0=0x01fac000 a1=0x00000000 ra=0x00000000 sp=0x01fabff0 | game=0x0049c000 state=1 cur=0x00000000 pend=0x004bc210
[black-dbg]   enter RwaEeCmdHandler s0=0x00000006 s1=0x00410000
[black-dbg]   ctor slots: s0=00000000_00410000 s1=00000000_00410000 s4=00000000_00000000 ra=00102ef8
[black-dbg]   leave RwaEeCmdHandler pc=0x00000000 (ra_in=0x00000000) s0=0x00000006 (in 0x00000006) sp=0x01fabff0 (in 0x01fabff0) v0=0x0000000c stack[s0 slot?]
[black-dbg] RwaEventCb @0x3251b8 a0=0x01c9a440 a1=0x00000014 ra=0x003241f4 sp=0x00459580 | game=0x0049c000 state=1 cur=0x00000000 pend=0x004bc210
[black-dbg]   enter RwaEventCb s0=0x004597e0 s1=0x00000030
[black-dbg]   ctor slots: s0=00000000_00410000 s1=00000000_00410000 s4=00000000_00000000 ra=00102ef8
[black-dbg]   leave RwaEventCb pc=0x003254b4 (ra_in=0x003241f4) s0=0x004597e0 (in 0x004597e0) sp=0x00459540 (in 0x00459580) v0=0x0040a100 stack[s0 slot?]
[black-rwa] msg type=65011720 +14=0x27bd0040 +18=0x0 +1c=0x27bdffb0 +20=0x3c050041 +24=0x7fb10030 +28=0x24a5a0f0 +2c=0x80882d
[black-state] t=1.1 g=0.4 upd=2 feState=28 fe+0x37a4=1 streamerBusy=0x0000 mode=1 cur=0x00000000 pend=0x004bc210 pendState=1
[black-dbcwork] 00000000 00000000 00000000 00000000 00000000 00000000 00000000 00000000 | 00000000 00000000 00000000 00000000
[black-mcrx] b00: 00000000 00000000 00000000 00000000 00000000 00000000 | b80: 00000000 00000000 00000000 00000000 00000000 00000000
[black-mc] obj=0x005bd980 +0=0 +4=1 +8=0 state=0 +10=0 +14=0 +18=0 +1c=0
[black-snd] upd=2 slotState=0x10 slotLoaded=0 req=0x01ca2210 reqState=0x30 stream=1 streamFlags=0x6
[black-gs] upd=2 pmode=0x8003 dispfb1=0x80000051400 display1=0x1be27f00000000 dispfb2=0x80000051400 display2=0x1be27f00000000 smode2=0x0 vsync=25 nativeGif=0 nativeImg=0
[black-gs]   bitbltbuf dbp=0 dbw=0 dpsm=0x0 trxreg=0x0 trxdir=3 xfer 0/0
[black-gs]   hist=0 giftag=0 reg=0 draw=0 xfer=0 present=0 lastDrawFbp=0 verts=0 frame=0 | present 640x448 dispFbp=0 srcFbp=0 has=1
[black-gs]   frame 640x448 media=0.0 naoPretos=0
[black-gs]   tex@2240 somaAmostra=0
[black-dbg] Game::update? @0x102bd0 a0=0x0049c000 a1=0x005a8a80 ra=0x002640d0 sp=0x01ffffb0 | game=0x0049c000 state=1 cur=0x00000000 pend=0x004bc210
[black-dbg]   enter Game::update? s0=0x00410000 s1=0x00410000
[black-dbg]   ctor slots: s0=00000000_00410000 s1=00000000_00410000 s4=00000000_00000000 ra=00000001
[black-dbc] dbc_29ba58 a0=0x00000000 a1=0x0 a2=0x4001d0 a3=0x2 [a1]=00000000 00000000 00000000 00000000 ra=0029ccbc -> v0=0xfffffff4
[black-dbg] sceSifCallRpc @0x36b100 a0=0x004438c0 a1=0x80001302 ra=0x0029ba0c sp=0x01fffd50 | game=0x0049c000 state=1 cur=0x00000000 pend=0x004bc210
[black-dbg]   enter sceSifCallRpc s0=0x004439c0 s1=0x00000000
[black-dbg]   ctor slots: s0=00000000_00410000 s1=00000000_00410000 s4=00000000_00000000 ra=00410000
[black-dbg]   leave sceSifCallRpc pc=0x0029ba0c (ra_in=0x0029ba0c) s0=0x004439c0 (in 0x004439c0) sp=0x01fffd50 (in 0x01fffd50) v0=0x00000000 stack[s0 slot?]
[black-dbc] sceDbcDeleteSocket a0=0x00000000 a1=0x445d40 a2=0x445cc0 desc=fffffff4 00000000 00000000 00000000 00000000 -> v0=0x00000001
[black-dbc] dbc_29ba58 a0=0x00000001 a1=0x100 a2=0x4001d0 a3=0x4439c0 [a1]=00000000 00000000 00000000 00000000 ra=0029ccbc -> v0=0xfffffff4
[black-dbg] sceSifCallRpc @0x36b100 a0=0x004438c0 a1=0x80001302 ra=0x0029ba0c sp=0x01fffd50 | game=0x0049c000 state=1 cur=0x00000000 pend=0x004bc210
[black-dbg]   enter sceSifCallRpc s0=0x004439c0 s1=0x00000001
[black-dbg]   ctor slots: s0=00000000_00410000 s1=00000000_00410000 s4=00000000_00000000 ra=00410000
[black-dbg]   leave sceSifCallRpc pc=0x0029ba0c (ra_in=0x0029ba0c) s0=0x004439c0 (in 0x004439c0) sp=0x01fffd50 (in 0x01fffd50) v0=0x00000000 stack[s0 slot?]
[black-dbc] sceDbcDeleteSocket a0=0x00000001 a1=0x445d40 a2=0x445cc0 desc=fffffff4 00000000 00000000 00000000 00000000 -> v0=0x00000001
[black-dbg]   leave Game::update? pc=0x0023a250 (ra_in=0x002640d0) s0=0x00000000 (in 0x00410000) sp=0x01fffba0 (in 0x01ffffb0) v0=0x00000000 stack[s0 slot?]
[black-dbg] Game::swapPending? @0x1036f0 a0=0x0049c000 a1=0x01b88530 ra=0x00102cd8 sp=0x01ffff20 | game=0x0049c000 state=1 cur=0x00000000 pend=0x004bc210
[black-dbg]   enter Game::swapPending? s0=0x00000001 s1=0xffffffff
[black-dbg]   ctor slots: s0=00000000_00410000 s1=00000000_00410000 s4=00000000_00000000 ra=00000001
[black-dbg] SndLoad? @0x1ef548 a0=0x0065f600 a1=0x00661280 ra=0x001e9c10 sp=0x01fffe10 | game=0x0049c000 state=1 cur=0x00000000 pend=0x004bc210
[black-dbg]   enter SndLoad? s0=0x00656000 s1=0x00656044
[black-dbg]   ctor slots: s0=00000000_00410000 s1=00000000_00410000 s4=00000000_00000000 ra=00000001
[black-dbg] SndLoad.b? @0x27ff78 a0=0x00599200 a1=0x003f8560 ra=0x001ef680 sp=0x01fffd50 | game=0x0049c000 state=1 cur=0x00000000 pend=0x004bc210
[black-dbg]   enter SndLoad.b? s0=0x00008000 s1=0x00075400
[black-dbg]   ctor slots: s0=00000000_00410000 s1=00000000_00410000 s4=00000000_00000000 ra=00000001
[black-dbg] SndFindSlot @0x280160 a0=0x00599200 a1=0x01fffc30 ra=0x00280000 sp=0x01fffc30 | game=0x0049c000 state=1 cur=0x00000000 pend=0x004bc210
[black-dbg]   enter SndFindSlot s0=0x01fffc70 s1=0x00599200
[black-dbg]   ctor slots: s0=00000000_00410000 s1=00000000_00410000 s4=00000000_00000000 ra=00000001
[black-snd] slot=0x005a2440 loaded=0 vt=0x003e2838 poll=0x00282828 load=0x0027fe68
[black-dbg]   leave SndFindSlot pc=0x00280000 (ra_in=0x00280000) s0=0x01fffc70 (in 0x01fffc70) sp=0x01fffc30 (in 0x01fffc30) v0=0x005a2440 stack[s0 slot?]
[black-dbg]   leave SndLoad.b? pc=0x001ef680 (ra_in=0x001ef680) s0=0x00008000 (in 0x00008000) sp=0x01fffd50 (in 0x01fffd50) v0=0x00000000 stack[s0 slot?]
[black-dbg]   leave SndLoad? pc=0x001e9c10 (ra_in=0x001e9c10) s0=0x00656000 (in 0x00656000) sp=0x01fffe10 (in 0x01fffe10) v0=0x00000000 stack[s0 slot?]
[black-dbg]   leave Game::swapPending? pc=0x001e9c28 (ra_in=0x00102cd8) s0=0x00656000 (in 0x00000001) sp=0x01fffe10 (in 0x01ffff20) v0=0x00000000 stack[s0 slot?]
[black-dbg] RwaEeCmdHandler @0x324660 a0=0x01fac000 a1=0x00000000 ra=0x00000000 sp=0x01fabff0 | game=0x0049c000 state=1 cur=0x00000000 pend=0x004bc210
[black-dbg]   enter RwaEeCmdHandler s0=0x004406e0 s1=0x00000000
[black-dbg]   ctor slots: s0=00000000_00410000 s1=00000000_00410000 s4=00000000_00000000 ra=00000001
[black-dbg]   leave RwaEeCmdHandler pc=0x00000000 (ra_in=0x00000000) s0=0x004406e0 (in 0x004406e0) sp=0x01fabff0 (in 0x01fabff0) v0=0x0000000c stack[s0 slot?]
[WARN]: Stalled compile (compute, 8d60b1f83861ed31): thread 0 - 16952.000 us (mode: sync, success: yes).
[black-dbg] RwaEventCb @0x3251b8 a0=0x01c9a440 a1=0x00000033 ra=0x003241f4 sp=0x00459580 | game=0x0049c000 state=1 cur=0x00000000 pend=0x004bc210
[black-dbg]   enter RwaEventCb s0=0x00459810 s1=0x00000030
[black-dbg]   ctor slots: s0=00000000_00410000 s1=00000000_00410000 s4=00000000_00000000 ra=00000001
[black-dbg]   leave RwaEventCb pc=0x00325488 (ra_in=0x003241f4) s0=0x00459810 (in 0x00459810) sp=0x00459540 (in 0x00459580) v0=0x0040a100 stack[s0 slot?]
[black-rwa] msg type=2075131952 +14=0x56200001 +18=0xae260000 +1c=0x1a400004 +20=0x7bb00030 +24=0xc0d9de4 +28=0x240202d +2c=0x7bb00030
[black-dbg] RwaEventCb @0x3251b8 a0=0x01c9a440 a1=0x00000014 ra=0x003241f4 sp=0x00459580 | game=0x0049c000 state=1 cur=0x00000000 pend=0x004bc210
[black-dbg]   enter RwaEventCb s0=0x00459840 s1=0x00000030
[black-dbg]   ctor slots: s0=00000000_00410000 s1=00000000_00410000 s4=00000000_00000000 ra=00102ef8
[black-dbg]   leave RwaEventCb pc=0x003254b4 (ra_in=0x003241f4) s0=0x00459840 (in 0x00459840) sp=0x00459540 (in 0x00459580) v0=0x0040a100 stack[s0 slot?]
[black-rwa] msg type=65011720 +14=0x27bd0040 +18=0x0 +1c=0x27bdffb0 +20=0x3c050041 +24=0x7fb10030 +28=0x24a5a0f0 +2c=0x80882d
[black-state] t=1.1 g=0.4 upd=3 feState=28 fe+0x37a4=1 streamerBusy=0x0000 mode=1 cur=0x00000000 pend=0x004bc210 pendState=1
[black-dbcwork] 00000000 00000000 00000000 00000000 00000000 00000000 00000000 00000000 | 00000000 00000000 00000000 00000000
[black-mcrx] b00: 00000000 00000000 00000000 00000000 00000000 00000000 | b80: 00000000 00000000 00000000 00000000 00000000 00000000
[black-mc] obj=0x005bd980 +0=0 +4=1 +8=0 state=0 +10=0 +14=0 +18=0 +1c=0
[black-snd] upd=3 slotState=0x10 slotLoaded=0 req=0x01ca2210 reqState=0x50 stream=1 streamFlags=0x6
[black-gs] upd=3 pmode=0x8003 dispfb1=0x51400 display1=0x1bf27f00000000 dispfb2=0x80000051400 display2=0x1be27f00000000 smode2=0x0 vsync=26 nativeGif=0 nativeImg=0
[black-gs]   bitbltbuf dbp=0 dbw=0 dpsm=0x0 trxreg=0x0 trxdir=3 xfer 0/0
[black-gs]   hist=0 giftag=0 reg=0 draw=0 xfer=0 present=0 lastDrawFbp=0 verts=0 frame=0 | present 640x448 dispFbp=0 srcFbp=0 has=1
[black-gs]   frame 640x448 media=0.0 naoPretos=0
[black-gs]   tex@2240 somaAmostra=0
[black-dbg] Game::update? @0x102bd0 a0=0x0049c000 a1=0x005a8a80 ra=0x002640d0 sp=0x01ffffb0 | game=0x0049c000 state=1 cur=0x00000000 pend=0x004bc210
[black-dbg]   enter Game::update? s0=0x00410000 s1=0x00410000
[black-dbg]   ctor slots: s0=00000000_00410000 s1=00000000_00410000 s4=00000000_00000000 ra=00000001
[black-dbg] sceSifCallRpc @0x36b100 a0=0x004438c0 a1=0x80001301 ra=0x0029b948 sp=0x01fffce0 | game=0x0049c000 state=1 cur=0x00000000 pend=0x004bc210
[black-dbg]   enter sceSifCallRpc s0=0x01fffd50 s1=0x004439c0
[black-dbg]   ctor slots: s0=00000000_00410000 s1=00000000_00410000 s4=00000000_00000000 ra=00410000
[black-dbg]   leave sceSifCallRpc pc=0x0029b948 (ra_in=0x0029b948) s0=0x01fffd50 (in 0x01fffd50) sp=0x01fffce0 (in 0x01fffce0) v0=0x00000000 stack[s0 slot?]
[black-dbc] sceDbcCreateSocket a0=0x01fffd50 a1=0x585440 a2=0x5854c0 desc=00000003 00000001 00000000 00000000 00000000 -> v0=0x00000000
[black-dbg]   leave Game::update? pc=0x00367880 (ra_in=0x002640d0) s0=0x00000000 (in 0x00410000) sp=0x01fffce0 (in 0x01ffffb0) v0=0x00000000 stack[s0 slot?]
[black-dbg] sceSifCallRpc @0x36b100 a0=0x004438c0 a1=0x80001301 ra=0x0029b948 sp=0x01fffce0 | game=0x0049c000 state=1 cur=0x00000000 pend=0x004bc210
[black-dbg]   enter sceSifCallRpc s0=0x01fffd50 s1=0x004439c0
[black-dbg]   ctor slots: s0=00000000_00410000 s1=00000000_00410000 s4=00000000_00000000 ra=00410000
[black-dbg]   leave sceSifCallRpc pc=0x0029b948 (ra_in=0x0029b948) s0=0x01fffd50 (in 0x01fffd50) sp=0x01fffce0 (in 0x01fffce0) v0=0x00000000 stack[s0 slot?]
[black-dbc] sceDbcCreateSocket a0=0x01fffd50 a1=0x585540 a2=0x5855c0 desc=00000003 00000001 00000001 00000000 00000000 -> v0=0x00000001
[black-dbg] Game::swapPending? @0x1036f0 a0=0x0049c000 a1=0x01b88530 ra=0x00102cd8 sp=0x01ffff20 | game=0x0049c000 state=1 cur=0x00000000 pend=0x004bc210
[black-dbg]   enter Game::swapPending? s0=0x00000001 s1=0xffffffff
[black-dbg]   ctor slots: s0=00000000_00410000 s1=00000000_00410000 s4=00000000_00000000 ra=00000001
[black-dbg] SndLoad? @0x1ef548 a0=0x0065f600 a1=0x00661280 ra=0x001e9c10 sp=0x01fffe10 | game=0x0049c000 state=1 cur=0x00000000 pend=0x004bc210
[black-dbg]   enter SndLoad? s0=0x00656000 s1=0x00656044
[black-dbg]   ctor slots: s0=00000000_00410000 s1=00000000_00410000 s4=00000000_00000000 ra=00000001
[black-dbg] SndLoad.b? @0x27ff78 a0=0x00599200 a1=0x003f8560 ra=0x001ef680 sp=0x01fffd50 | game=0x0049c000 state=1 cur=0x00000000 pend=0x004bc210
[black-dbg]   enter SndLoad.b? s0=0x00008000 s1=0x00075400
[black-dbg]   ctor slots: s0=00000000_00410000 s1=00000000_00410000 s4=00000000_00000000 ra=00000001
[black-dbg] SndFindSlot @0x280160 a0=0x00599200 a1=0x01fffc30 ra=0x00280000 sp=0x01fffc30 | game=0x0049c000 state=1 cur=0x00000000 pend=0x004bc210
[black-dbg]   enter SndFindSlot s0=0x01fffc70 s1=0x00599200
[black-dbg]   ctor slots: s0=00000000_00410000 s1=00000000_00410000 s4=00000000_00000000 ra=00000001
[black-snd] slot=0x005a2440 loaded=0 vt=0x003e2838 poll=0x00282828 load=0x0027fe68
[black-dbg]   leave SndFindSlot pc=0x00280000 (ra_in=0x00280000) s0=0x01fffc70 (in 0x01fffc70) sp=0x01fffc30 (in 0x01fffc30) v0=0x005a2440 stack[s0 slot?]
[black-dbg]   leave SndLoad.b? pc=0x0031e1a4 (ra_in=0x001ef680) s0=0x0048ab10 (in 0x00008000) sp=0x01fff9a0 (in 0x01fffd50) v0=0x00000000 stack[s0 slot?]
[black-dbg]   leave SndLoad? pc=0x0031e1a4 (ra_in=0x001e9c10) s0=0x0048ab10 (in 0x00656000) sp=0x01fff9a0 (in 0x01fffe10) v0=0x00000000 stack[s0 slot?]
[black-dbg]   leave Game::swapPending? pc=0x0031e1a4 (ra_in=0x00102cd8) s0=0x0048ab10 (in 0x00000001) sp=0x01fff9a0 (in 0x01ffff20) v0=0x00000000 stack[s0 slot?]
[black-dbg] RwaEventCb @0x3251b8 a0=0x01c9a440 a1=0x00000033 ra=0x003241f4 sp=0x00459580 | game=0x0049c000 state=1 cur=0x00000000 pend=0x004bc210
[black-dbg]   enter RwaEventCb s0=0x00459870 s1=0x00000030
[black-dbg]   ctor slots: s0=00000000_00410000 s1=00000000_00410000 s4=00000000_00000000 ra=00000001
[black-dbg]   leave RwaEventCb pc=0x00325488 (ra_in=0x003241f4) s0=0x00459870 (in 0x00459870) sp=0x00459540 (in 0x00459580) v0=0x0040a100 stack[s0 slot?]
[black-rwa] msg type=2075131952 +14=0x56200001 +18=0xae260000 +1c=0x1a400004 +20=0x7bb00030 +24=0xc0d9de4 +28=0x240202d +2c=0x7bb00030
[black-rwa] msg type=65011720 +14=0x27bd0040 +18=0x0 +1c=0x27bdffb0 +20=0x3c050041 +24=0x7fb10030 +28=0x24a5a0f0 +2c=0x80882d
[black-dbg] Game::update? @0x102bd0 a0=0x0049c000 a1=0x005a8a80 ra=0x002640d0 sp=0x01ffffb0 | game=0x0049c000 state=1 cur=0x00000000 pend=0x004bc210
[black-dbg]   enter Game::update? s0=0x00410000 s1=0x00410000
[black-dbg]   ctor slots: s0=00000000_00410000 s1=00000000_00410000 s4=00000000_00000000 ra=00000001
[black-dbc] dbc_29ba58 a0=0x00000000 a1=0x0 a2=0x4001d0 a3=0x4 [a1]=00000000 00000000 00000000 00000000 ra=0029ccbc -> v0=0xfffffff4
[black-dbg] sceSifCallRpc @0x36b100 a0=0x004438c0 a1=0x80001302 ra=0x0029ba0c sp=0x01fffd50 | game=0x0049c000 state=1 cur=0x00000000 pend=0x004bc210
[black-dbg]   enter sceSifCallRpc s0=0x004439c0 s1=0x00000000
[black-dbg]   ctor slots: s0=00000000_00410000 s1=00000000_00410000 s4=00000000_00000000 ra=00410000
[black-dbg]   leave sceSifCallRpc pc=0x0029ba0c (ra_in=0x0029ba0c) s0=0x004439c0 (in 0x004439c0) sp=0x01fffd50 (in 0x01fffd50) v0=0x00000000 stack[s0 slot?]
[black-dbc] sceDbcDeleteSocket a0=0x00000000 a1=0x445d40 a2=0x445cc0 desc=fffffff4 00000000 00000000 00000000 00000000 -> v0=0x00000001
[black-dbc] dbc_29ba58 a0=0x00000001 a1=0x100 a2=0x4001d0 a3=0x4439c0 [a1]=00000000 00000000 00000000 00000000 ra=0029ccbc -> v0=0xfffffff4
[black-dbg] sceSifCallRpc @0x36b100 a0=0x004438c0 a1=0x80001302 ra=0x0029ba0c sp=0x01fffd50 | game=0x0049c000 state=1 cur=0x00000000 pend=0x004bc210
[black-dbg]   enter sceSifCallRpc s0=0x004439c0 s1=0x00000001
[black-dbg]   ctor slots: s0=00000000_00410000 s1=00000000_00410000 s4=00000000_00000000 ra=00410000
[black-dbg]   leave sceSifCallRpc pc=0x0029ba0c (ra_in=0x0029ba0c) s0=0x004439c0 (in 0x004439c0) sp=0x01fffd50 (in 0x01fffd50) v0=0x00000000 stack[s0 slot?]
[black-dbc] sceDbcDeleteSocket a0=0x00000001 a1=0x445d40 a2=0x445cc0 desc=fffffff4 00000000 00000000 00000000 00000000 -> v0=0x00000001
[black-dbg]   leave Game::update? pc=0x0023a250 (ra_in=0x002640d0) s0=0x00000000 (in 0x00410000) sp=0x01fffba0 (in 0x01ffffb0) v0=0x00000000 stack[s0 slot?]
[black-dbg] Game::swapPending? @0x1036f0 a0=0x0049c000 a1=0x01b88530 ra=0x00102cd8 sp=0x01ffff20 | game=0x0049c000 state=1 cur=0x00000000 pend=0x004bc210
[black-dbg]   enter Game::swapPending? s0=0x00000001 s1=0xffffffff
[black-dbg]   ctor slots: s0=00000000_00410000 s1=00000000_00410000 s4=00000000_00000000 ra=00000001
[black-dbg]   leave Game::swapPending? pc=0x001e9c28 (ra_in=0x00102cd8) s0=0x00656000 (in 0x00000001) sp=0x01fffe10 (in 0x01ffff20) v0=0x00000000 stack[s0 slot?]
[black-dbg] sceSifCallRpc @0x36b100 a0=0x004438c0 a1=0x80001301 ra=0x0029b948 sp=0x01fffce0 | game=0x0049c000 state=1 cur=0x00000000 pend=0x004bc210
[black-dbg]   enter sceSifCallRpc s0=0x01fffd50 s1=0x004439c0
[black-dbg]   ctor slots: s0=00000000_00410000 s1=00000000_00410000 s4=00000000_00000000 ra=00410000
[black-dbg]   leave sceSifCallRpc pc=0x0029b948 (ra_in=0x0029b948) s0=0x01fffd50 (in 0x01fffd50) sp=0x01fffce0 (in 0x01fffce0) v0=0x00000000 stack[s0 slot?]
[black-dbc] sceDbcCreateSocket a0=0x01fffd50 a1=0x585440 a2=0x5854c0 desc=00000003 00000001 00000000 00000000 00000000 -> v0=0x00000000
[black-dbg] sceSifCallRpc @0x36b100 a0=0x004438c0 a1=0x80001301 ra=0x0029b948 sp=0x01fffce0 | game=0x0049c000 state=1 cur=0x00000000 pend=0x004bc210
[black-dbg]   enter sceSifCallRpc s0=0x01fffd50 s1=0x004439c0
[black-dbg]   ctor slots: s0=00000000_00410000 s1=00000000_00410000 s4=00000000_00000000 ra=00410000
[black-dbg]   leave sceSifCallRpc pc=0x0029b948 (ra_in=0x0029b948) s0=0x01fffd50 (in 0x01fffd50) sp=0x01fffce0 (in 0x01fffce0) v0=0x00000000 stack[s0 slot?]
[black-dbc] sceDbcCreateSocket a0=0x01fffd50 a1=0x585540 a2=0x5855c0 desc=00000003 00000001 00000001 00000000 00000000 -> v0=0x00000001
[black-dbg] Game::swapPending? @0x1036f0 a0=0x0049c000 a1=0x01b88530 ra=0x00102cd8 sp=0x01ffff20 | game=0x0049c000 state=1 cur=0x00000000 pend=0x004bc210
[black-dbg]   enter Game::swapPending? s0=0x00000001 s1=0xffffffff
[black-dbg]   ctor slots: s0=00000000_00410000 s1=00000000_00410000 s4=00000000_00000000 ra=00000001
[black-dbg]   leave Game::swapPending? pc=0x001e9c28 (ra_in=0x00102cd8) s0=0x00656000 (in 0x00000001) sp=0x01fffe10 (in 0x01ffff20) v0=0x00000000 stack[s0 slot?]
[black-dbc] dbc_29ba58 a0=0x00000000 a1=0x0 a2=0x4001d0 a3=0x6 [a1]=00000000 00000000 00000000 00000000 ra=0029ccbc -> v0=0xfffffff4
[black-dbg] sceSifCallRpc @0x36b100 a0=0x004438c0 a1=0x80001302 ra=0x0029ba0c sp=0x01fffd50 | game=0x0049c000 state=1 cur=0x00000000 pend=0x004bc210
[black-dbg]   enter sceSifCallRpc s0=0x004439c0 s1=0x00000000
[black-dbg]   ctor slots: s0=00000000_00410000 s1=00000000_00410000 s4=00000000_00000000 ra=00410000
[black-dbg]   leave sceSifCallRpc pc=0x0029ba0c (ra_in=0x0029ba0c) s0=0x004439c0 (in 0x004439c0) sp=0x01fffd50 (in 0x01fffd50) v0=0x00000000 stack[s0 slot?]
[black-dbc] sceDbcDeleteSocket a0=0x00000000 a1=0x445d40 a2=0x445cc0 desc=fffffff4 00000000 00000000 00000000 00000000 -> v0=0x00000001
[black-dbc] dbc_29ba58 a0=0x00000001 a1=0x100 a2=0x4001d0 a3=0x4439c0 [a1]=00000000 00000000 00000000 00000000 ra=0029ccbc -> v0=0xfffffff4
[black-dbg] sceSifCallRpc @0x36b100 a0=0x004438c0 a1=0x80001302 ra=0x0029ba0c sp=0x01fffd50 | game=0x0049c000 state=1 cur=0x00000000 pend=0x004bc210
[black-dbg]   enter sceSifCallRpc s0=0x004439c0 s1=0x00000001
[black-dbg]   ctor slots: s0=00000000_00410000 s1=00000000_00410000 s4=00000000_00000000 ra=00410000
[black-dbg]   leave sceSifCallRpc pc=0x0029ba0c (ra_in=0x0029ba0c) s0=0x004439c0 (in 0x004439c0) sp=0x01fffd50 (in 0x01fffd50) v0=0x00000000 stack[s0 slot?]
[black-dbc] sceDbcDeleteSocket a0=0x00000001 a1=0x445d40 a2=0x445cc0 desc=fffffff4 00000000 00000000 00000000 00000000 -> v0=0x00000001
[black-dbg] Game::swapPending? @0x1036f0 a0=0x0049c000 a1=0x01b88530 ra=0x00102cd8 sp=0x01ffff20 | game=0x0049c000 state=1 cur=0x00000000 pend=0x004bc210
[black-dbg]   enter Game::swapPending? s0=0x00000001 s1=0xffffffff
[black-dbg]   ctor slots: s0=00000000_00410000 s1=00000000_00410000 s4=00000000_00000000 ra=00000001
[black-dbg]   leave Game::swapPending? pc=0x001e9c28 (ra_in=0x00102cd8) s0=0x00656000 (in 0x00000001) sp=0x01fffe10 (in 0x01ffff20) v0=0x00000000 stack[s0 slot?]
[black-rwa] msg type=1348599825 +14=0x8e020014 +18=0x1000000d +1c=0x0 +20=0x8e020014 +24=0x10400004 +28=0x0 +2c=0x8e040024
[black-rwa] msg type=65011720 +14=0x27bd0040 +18=0x0 +1c=0x27bdffb0 +20=0x3c050041 +24=0x7fb10030 +28=0x24a5a0f0 +2c=0x80882d
[black-rwa] msg type=2075131952 +14=0x56200001 +18=0xae260000 +1c=0x1a400004 +20=0x7bb00030 +24=0xc0d9de4 +28=0x240202d +2c=0x7bb00030
[black-rwa] msg type=65011720 +14=0x27bd0040 +18=0x0 +1c=0x27bdffb0 +20=0x3c050041 +24=0x7fb10030 +28=0x24a5a0f0 +2c=0x80882d
[black-dbg] sceSifCallRpc @0x36b100 a0=0x004438c0 a1=0x80001301 ra=0x0029b948 sp=0x01fffce0 | game=0x0049c000 state=1 cur=0x00000000 pend=0x004bc210
[black-dbg]   enter sceSifCallRpc s0=0x01fffd50 s1=0x004439c0
[black-dbg]   ctor slots: s0=00000000_00410000 s1=00000000_00410000 s4=00000000_00000000 ra=00410000
[black-dbg]   leave sceSifCallRpc pc=0x0029b948 (ra_in=0x0029b948) s0=0x01fffd50 (in 0x01fffd50) sp=0x01fffce0 (in 0x01fffce0) v0=0x00000000 stack[s0 slot?]
[black-dbc] sceDbcCreateSocket a0=0x01fffd50 a1=0x585440 a2=0x5854c0 desc=00000003 00000001 00000000 00000000 00000000 -> v0=0x00000000
[black-dbg] sceSifCallRpc @0x36b100 a0=0x004438c0 a1=0x80001301 ra=0x0029b948 sp=0x01fffce0 | game=0x0049c000 state=1 cur=0x00000000 pend=0x004bc210
[black-dbg]   enter sceSifCallRpc s0=0x01fffd50 s1=0x004439c0
[black-dbg]   ctor slots: s0=00000000_00410000 s1=00000000_00410000 s4=00000000_00000000 ra=00410000
[black-dbg]   leave sceSifCallRpc pc=0x0029b948 (ra_in=0x0029b948) s0=0x01fffd50 (in 0x01fffd50) sp=0x01fffce0 (in 0x01fffce0) v0=0x00000000 stack[s0 slot?]
[black-dbc] sceDbcCreateSocket a0=0x01fffd50 a1=0x585540 a2=0x5855c0 desc=00000003 00000001 00000001 00000000 00000000 -> v0=0x00000001
[black-dbg] Game::swapPending? @0x1036f0 a0=0x0049c000 a1=0x01b88530 ra=0x00102cd8 sp=0x01ffff20 | game=0x0049c000 state=1 cur=0x00000000 pend=0x004bc210
[black-dbg]   enter Game::swapPending? s0=0x00000001 s1=0xffffffff
[black-dbg]   ctor slots: s0=00000000_00410000 s1=00000000_00410000 s4=00000000_00000000 ra=00000001
[black-dbg]   leave Game::swapPending? pc=0x001e9c28 (ra_in=0x00102cd8) s0=0x00656000 (in 0x00000001) sp=0x01fffe10 (in 0x01ffff20) v0=0x00000000 stack[s0 slot?]
[black-rwa] msg type=1348599825 +14=0x8e020014 +18=0x1000000d +1c=0x0 +20=0x8e020014 +24=0x10400004 +28=0x0 +2c=0x8e040024
[black-rwa] msg type=65011720 +14=0x27bd0040 +18=0x0 +1c=0x27bdffb0 +20=0x3c050041 +24=0x7fb10030 +28=0x24a5a0f0 +2c=0x80882d
[black-dbc] dbc_29ba58 a0=0x00000000 a1=0x0 a2=0x4001d0 a3=0x8 [a1]=00000000 00000000 00000000 00000000 ra=0029ccbc -> v0=0xfffffff4
[black-dbg] sceSifCallRpc @0x36b100 a0=0x004438c0 a1=0x80001302 ra=0x0029ba0c sp=0x01fffd50 | game=0x0049c000 state=1 cur=0x00000000 pend=0x004bc210
[black-dbg]   enter sceSifCallRpc s0=0x004439c0 s1=0x00000000
[black-dbg]   ctor slots: s0=00000000_00410000 s1=00000000_00410000 s4=00000000_00000000 ra=00410000
[black-dbg]   leave sceSifCallRpc pc=0x0029ba0c (ra_in=0x0029ba0c) s0=0x004439c0 (in 0x004439c0) sp=0x01fffd50 (in 0x01fffd50) v0=0x00000000 stack[s0 slot?]
[black-dbc] sceDbcDeleteSocket a0=0x00000000 a1=0x445d40 a2=0x445cc0 desc=fffffff4 00000000 00000000 00000000 00000000 -> v0=0x00000001
[black-dbc] dbc_29ba58 a0=0x00000001 a1=0x100 a2=0x4001d0 a3=0x4439c0 [a1]=00000000 00000000 00000000 00000000 ra=0029ccbc -> v0=0xfffffff4
[black-dbg] sceSifCallRpc @0x36b100 a0=0x004438c0 a1=0x80001302 ra=0x0029ba0c sp=0x01fffd50 | game=0x0049c000 state=1 cur=0x00000000 pend=0x004bc210
[black-dbg]   enter sceSifCallRpc s0=0x004439c0 s1=0x00000001
[black-dbg]   ctor slots: s0=00000000_00410000 s1=00000000_00410000 s4=00000000_00000000 ra=00410000
[black-dbg]   leave sceSifCallRpc pc=0x0029ba0c (ra_in=0x0029ba0c) s0=0x004439c0 (in 0x004439c0) sp=0x01fffd50 (in 0x01fffd50) v0=0x00000000 stack[s0 slot?]
[black-dbc] sceDbcDeleteSocket a0=0x00000001 a1=0x445d40 a2=0x445cc0 desc=fffffff4 00000000 00000000 00000000 00000000 -> v0=0x00000001
[black-dbg] Game::swapPending? @0x1036f0 a0=0x0049c000 a1=0x01b88530 ra=0x00102cd8 sp=0x01ffff20 | game=0x0049c000 state=1 cur=0x00000000 pend=0x004bc210
[black-dbg]   enter Game::swapPending? s0=0x00000001 s1=0xffffffff
[black-dbg]   ctor slots: s0=00000000_00410000 s1=00000000_00410000 s4=00000000_00000000 ra=00000001
[black-dbg]   leave Game::swapPending? pc=0x001e9c28 (ra_in=0x00102cd8) s0=0x00656000 (in 0x00000001) sp=0x01fffe10 (in 0x01ffff20) v0=0x00000000 stack[s0 slot?]
[black-rwa] msg type=2075131952 +14=0x56200001 +18=0xae260000 +1c=0x1a400004 +20=0x7bb00030 +24=0xc0d9de4 +28=0x240202d +2c=0x7bb00030
[black-rwa] msg type=65011720 +14=0x27bd0040 +18=0x0 +1c=0x27bdffb0 +20=0x3c050041 +24=0x7fb10030 +28=0x24a5a0f0 +2c=0x80882d
[black-dbg] sceSifCallRpc @0x36b100 a0=0x004438c0 a1=0x80001301 ra=0x0029b948 sp=0x01fffce0 | game=0x0049c000 state=1 cur=0x00000000 pend=0x004bc210
[black-dbg]   enter sceSifCallRpc s0=0x01fffd50 s1=0x004439c0
[black-dbg]   ctor slots: s0=00000000_00410000 s1=00000000_00410000 s4=00000000_00000000 ra=00410000
[black-dbg]   leave sceSifCallRpc pc=0x0029b948 (ra_in=0x0029b948) s0=0x01fffd50 (in 0x01fffd50) sp=0x01fffce0 (in 0x01fffce0) v0=0x00000000 stack[s0 slot?]
[black-dbc] sceDbcCreateSocket a0=0x01fffd50 a1=0x585440 a2=0x5854c0 desc=00000003 00000001 00000000 00000000 00000000 -> v0=0x00000000
[black-dbg] sceSifCallRpc @0x36b100 a0=0x004438c0 a1=0x80001301 ra=0x0029b948 sp=0x01fffce0 | game=0x0049c000 state=1 cur=0x00000000 pend=0x004bc210
[black-dbg]   enter sceSifCallRpc s0=0x01fffd50 s1=0x004439c0
[black-dbg]   ctor slots: s0=00000000_00410000 s1=00000000_00410000 s4=00000000_00000000 ra=00410000
[black-dbg]   leave sceSifCallRpc pc=0x0029b948 (ra_in=0x0029b948) s0=0x01fffd50 (in 0x01fffd50) sp=0x01fffce0 (in 0x01fffce0) v0=0x00000000 stack[s0 slot?]
[black-dbc] sceDbcCreateSocket a0=0x01fffd50 a1=0x585540 a2=0x5855c0 desc=00000003 00000001 00000001 00000000 00000000 -> v0=0x00000001
[black-dbc] dbc_29ba58 a0=0x00000000 a1=0x0 a2=0x4001d0 a3=0xa [a1]=00000000 00000000 00000000 00000000 ra=0029ccbc -> v0=0xfffffff4
[black-dbg] sceSifCallRpc @0x36b100 a0=0x004438c0 a1=0x80001302 ra=0x0029ba0c sp=0x01fffd50 | game=0x0049c000 state=1 cur=0x00000000 pend=0x004bc210
[black-dbg]   enter sceSifCallRpc s0=0x004439c0 s1=0x00000000
[black-dbg]   ctor slots: s0=00000000_00410000 s1=00000000_00410000 s4=00000000_00000000 ra=00410000
[black-dbg]   leave sceSifCallRpc pc=0x0029ba0c (ra_in=0x0029ba0c) s0=0x004439c0 (in 0x004439c0) sp=0x01fffd50 (in 0x01fffd50) v0=0x00000000 stack[s0 slot?]
[black-dbc] sceDbcDeleteSocket a0=0x00000000 a1=0x445d40 a2=0x445cc0 desc=fffffff4 00000000 00000000 00000000 00000000 -> v0=0x00000001
[black-dbc] dbc_29ba58 a0=0x00000001 a1=0x100 a2=0x4001d0 a3=0x4439c0 [a1]=00000000 00000000 00000000 00000000 ra=0029ccbc -> v0=0xfffffff4
[black-dbg] sceSifCallRpc @0x36b100 a0=0x004438c0 a1=0x80001302 ra=0x0029ba0c sp=0x01fffd50 | game=0x0049c000 state=1 cur=0x00000000 pend=0x004bc210
[black-dbg]   enter sceSifCallRpc s0=0x004439c0 s1=0x00000001
[black-dbg]   ctor slots: s0=00000000_00410000 s1=00000000_00410000 s4=00000000_00000000 ra=00410000
[black-dbg]   leave sceSifCallRpc pc=0x0029ba0c (ra_in=0x0029ba0c) s0=0x004439c0 (in 0x004439c0) sp=0x01fffd50 (in 0x01fffd50) v0=0x00000000 stack[s0 slot?]
[black-dbc] sceDbcDeleteSocket a0=0x00000001 a1=0x445d40 a2=0x445cc0 desc=fffffff4 00000000 00000000 00000000 00000000 -> v0=0x00000001
[black-rwa] msg type=1348599825 +14=0x8e020014 +18=0x1000000d +1c=0x0 +20=0x8e020014 +24=0x10400004 +28=0x0 +2c=0x8e040024
[black-rwa] msg type=65011720 +14=0x27bd0040 +18=0x0 +1c=0x27bdffb0 +20=0x3c050041 +24=0x7fb10030 +28=0x24a5a0f0 +2c=0x80882d
[black-rwa] msg type=2075131952 +14=0x56200001 +18=0xae260000 +1c=0x1a400004 +20=0x7bb00030 +24=0xc0d9de4 +28=0x240202d +2c=0x7bb00030
[black-rwa] msg type=65011720 +14=0x27bd0040 +18=0x0 +1c=0x27bdffb0 +20=0x3c050041 +24=0x7fb10030 +28=0x24a5a0f0 +2c=0x80882d
[black-dbg] sceSifCallRpc @0x36b100 a0=0x004438c0 a1=0x80001301 ra=0x0029b948 sp=0x01fffce0 | game=0x0049c000 state=1 cur=0x00000000 pend=0x004bc210
[black-dbg]   enter sceSifCallRpc s0=0x01fffd50 s1=0x004439c0
[black-dbg]   ctor slots: s0=00000000_00410000 s1=00000000_00410000 s4=00000000_00000000 ra=00410000
[black-dbg]   leave sceSifCallRpc pc=0x0029b948 (ra_in=0x0029b948) s0=0x01fffd50 (in 0x01fffd50) sp=0x01fffce0 (in 0x01fffce0) v0=0x00000000 stack[s0 slot?]
[black-dbc] sceDbcCreateSocket a0=0x01fffd50 a1=0x585440 a2=0x5854c0 desc=00000003 00000001 00000000 00000000 00000000 -> v0=0x00000000
[black-dbg] sceSifCallRpc @0x36b100 a0=0x004438c0 a1=0x80001301 ra=0x0029b948 sp=0x01fffce0 | game=0x0049c000 state=1 cur=0x00000000 pend=0x004bc210
[black-dbg]   enter sceSifCallRpc s0=0x01fffd50 s1=0x004439c0
[black-dbg]   ctor slots: s0=00000000_00410000 s1=00000000_00410000 s4=00000000_00000000 ra=00410000
[black-dbg]   leave sceSifCallRpc pc=0x0029b948 (ra_in=0x0029b948) s0=0x01fffd50 (in 0x01fffd50) sp=0x01fffce0 (in 0x01fffce0) v0=0x00000000 stack[s0 slot?]
[black-dbc] sceDbcCreateSocket a0=0x01fffd50 a1=0x585540 a2=0x5855c0 desc=00000003 00000001 00000001 00000000 00000000 -> v0=0x00000001
[black-dbc] dbc_29ba58 a0=0x00000000 a1=0x0 a2=0x4001d0 a3=0xc [a1]=00000000 00000000 00000000 00000000 ra=0029ccbc -> v0=0xfffffff4
[black-dbg] sceSifCallRpc @0x36b100 a0=0x004438c0 a1=0x80001302 ra=0x0029ba0c sp=0x01fffd50 | game=0x0049c000 state=1 cur=0x00000000 pend=0x004bc210
[black-dbg]   enter sceSifCallRpc s0=0x004439c0 s1=0x00000000
[black-dbg]   ctor slots: s0=00000000_00410000 s1=00000000_00410000 s4=00000000_00000000 ra=00410000
[black-dbg]   leave sceSifCallRpc pc=0x0029ba0c (ra_in=0x0029ba0c) s0=0x004439c0 (in 0x004439c0) sp=0x01fffd50 (in 0x01fffd50) v0=0x00000000 stack[s0 slot?]
[black-dbc] sceDbcDeleteSocket a0=0x00000000 a1=0x445d40 a2=0x445cc0 desc=fffffff4 00000000 00000000 00000000 00000000 -> v0=0x00000001
[black-dbc] dbc_29ba58 a0=0x00000001 a1=0x100 a2=0x4001d0 a3=0x4439c0 [a1]=00000000 00000000 00000000 00000000 ra=0029ccbc -> v0=0xfffffff4
[black-dbg] sceSifCallRpc @0x36b100 a0=0x004438c0 a1=0x80001302 ra=0x0029ba0c sp=0x01fffd50 | game=0x0049c000 state=1 cur=0x00000000 pend=0x004bc210
[black-dbg]   enter sceSifCallRpc s0=0x004439c0 s1=0x00000001
[black-dbg]   ctor slots: s0=00000000_00410000 s1=00000000_00410000 s4=00000000_00000000 ra=00410000
[black-dbg]   leave sceSifCallRpc pc=0x0029ba0c (ra_in=0x0029ba0c) s0=0x004439c0 (in 0x004439c0) sp=0x01fffd50 (in 0x01fffd50) v0=0x00000000 stack[s0 slot?]
[black-dbc] sceDbcDeleteSocket a0=0x00000001 a1=0x445d40 a2=0x445cc0 desc=fffffff4 00000000 00000000 00000000 00000000 -> v0=0x00000001
[black-rwa] msg type=1348599825 +14=0x8e020014 +18=0x1000000d +1c=0x0 +20=0x8e020014 +24=0x10400004 +28=0x0 +2c=0x8e040024
[black-rwa] msg type=65011720 +14=0x27bd0040 +18=0x0 +1c=0x27bdffb0 +20=0x3c050041 +24=0x7fb10030 +28=0x24a5a0f0 +2c=0x80882d
[black-rwa] msg type=2075131952 +14=0x56200001 +18=0xae260000 +1c=0x1a400004 +20=0x7bb00030 +24=0xc0d9de4 +28=0x240202d +2c=0x7bb00030
[black-rwa] msg type=65011720 +14=0x27bd0040 +18=0x0 +1c=0x27bdffb0 +20=0x3c050041 +24=0x7fb10030 +28=0x24a5a0f0 +2c=0x80882d
[black-dbg] sceSifCallRpc @0x36b100 a0=0x004438c0 a1=0x80001301 ra=0x0029b948 sp=0x01fffce0 | game=0x0049c000 state=1 cur=0x00000000 pend=0x004bc210
[black-dbg]   enter sceSifCallRpc s0=0x01fffd50 s1=0x004439c0
[black-dbg]   ctor slots: s0=00000000_00410000 s1=00000000_00410000 s4=00000000_00000000 ra=00410000
[black-dbg]   leave sceSifCallRpc pc=0x0029b948 (ra_in=0x0029b948) s0=0x01fffd50 (in 0x01fffd50) sp=0x01fffce0 (in 0x01fffce0) v0=0x00000000 stack[s0 slot?]
[black-dbc] sceDbcCreateSocket a0=0x01fffd50 a1=0x585440 a2=0x5854c0 desc=00000003 00000001 00000000 00000000 00000000 -> v0=0x00000000
[black-dbg] sceSifCallRpc @0x36b100 a0=0x004438c0 a1=0x80001301 ra=0x0029b948 sp=0x01fffce0 | game=0x0049c000 state=1 cur=0x00000000 pend=0x004bc210
[black-dbg]   enter sceSifCallRpc s0=0x01fffd50 s1=0x004439c0
[black-dbg]   ctor slots: s0=00000000_00410000 s1=00000000_00410000 s4=00000000_00000000 ra=00410000
[black-dbg]   leave sceSifCallRpc pc=0x0029b948 (ra_in=0x0029b948) s0=0x01fffd50 (in 0x01fffd50) sp=0x01fffce0 (in 0x01fffce0) v0=0x00000000 stack[s0 slot?]
[black-dbc] sceDbcCreateSocket a0=0x01fffd50 a1=0x585540 a2=0x5855c0 desc=00000003 00000001 00000001 00000000 00000000 -> v0=0x00000001
[black-rwa] msg type=1348599825 +14=0x8e020014 +18=0x1000000d +1c=0x0 +20=0x8e020014 +24=0x10400004 +28=0x0 +2c=0x8e040024
[black-rwa] msg type=65011720 +14=0x27bd0040 +18=0x0 +1c=0x27bdffb0 +20=0x3c050041 +24=0x7fb10030 +28=0x24a5a0f0 +2c=0x80882d
[black-dbc] dbc_29ba58 a0=0x00000000 a1=0x0 a2=0x4001d0 a3=0xe [a1]=00000000 00000000 00000000 00000000 ra=0029ccbc -> v0=0xfffffff4
[black-dbg] sceSifCallRpc @0x36b100 a0=0x004438c0 a1=0x80001302 ra=0x0029ba0c sp=0x01fffd50 | game=0x0049c000 state=1 cur=0x00000000 pend=0x004bc210
[black-dbg]   enter sceSifCallRpc s0=0x004439c0 s1=0x00000000
[black-dbg]   ctor slots: s0=00000000_00410000 s1=00000000_00410000 s4=00000000_00000000 ra=00410000
[black-dbg]   leave sceSifCallRpc pc=0x0029ba0c (ra_in=0x0029ba0c) s0=0x004439c0 (in 0x004439c0) sp=0x01fffd50 (in 0x01fffd50) v0=0x00000000 stack[s0 slot?]
[black-dbc] sceDbcDeleteSocket a0=0x00000000 a1=0x445d40 a2=0x445cc0 desc=fffffff4 00000000 00000000 00000000 00000000 -> v0=0x00000001
[black-dbc] dbc_29ba58 a0=0x00000001 a1=0x100 a2=0x4001d0 a3=0x4439c0 [a1]=00000000 00000000 00000000 00000000 ra=0029ccbc -> v0=0xfffffff4
[black-dbg] sceSifCallRpc @0x36b100 a0=0x004438c0 a1=0x80001302 ra=0x0029ba0c sp=0x01fffd50 | game=0x0049c000 state=1 cur=0x00000000 pend=0x004bc210
[black-dbg]   enter sceSifCallRpc s0=0x004439c0 s1=0x00000001
[black-dbg]   ctor slots: s0=00000000_00410000 s1=00000000_00410000 s4=00000000_00000000 ra=00410000
[black-dbg]   leave sceSifCallRpc pc=0x0029ba0c (ra_in=0x0029ba0c) s0=0x004439c0 (in 0x004439c0) sp=0x01fffd50 (in 0x01fffd50) v0=0x00000000 stack[s0 slot?]
[black-dbc] sceDbcDeleteSocket a0=0x00000001 a1=0x445d40 a2=0x445cc0 desc=fffffff4 00000000 00000000 00000000 00000000 -> v0=0x00000001
[black-rwa] msg type=2075131952 +14=0x56200001 +18=0xae260000 +1c=0x1a400004 +20=0x7bb00030 +24=0xc0d9de4 +28=0x240202d +2c=0x7bb00030
[black-rwa] msg type=65011720 +14=0x27bd0040 +18=0x0 +1c=0x27bdffb0 +20=0x3c050041 +24=0x7fb10030 +28=0x24a5a0f0 +2c=0x80882d
[black-dbg] sceSifCallRpc @0x36b100 a0=0x004438c0 a1=0x80001301 ra=0x0029b948 sp=0x01fffce0 | game=0x0049c000 state=1 cur=0x00000000 pend=0x004bc210
[black-dbg]   enter sceSifCallRpc s0=0x01fffd50 s1=0x004439c0
[black-dbg]   ctor slots: s0=00000000_00410000 s1=00000000_00410000 s4=00000000_00000000 ra=00410000
[black-dbg]   leave sceSifCallRpc pc=0x0029b948 (ra_in=0x0029b948) s0=0x01fffd50 (in 0x01fffd50) sp=0x01fffce0 (in 0x01fffce0) v0=0x00000000 stack[s0 slot?]
[black-dbc] sceDbcCreateSocket a0=0x01fffd50 a1=0x585440 a2=0x5854c0 desc=00000003 00000001 00000000 00000000 00000000 -> v0=0x00000000
[black-dbg] sceSifCallRpc @0x36b100 a0=0x004438c0 a1=0x80001301 ra=0x0029b948 sp=0x01fffce0 | game=0x0049c000 state=1 cur=0x00000000 pend=0x004bc210
[black-dbg]   enter sceSifCallRpc s0=0x01fffd50 s1=0x004439c0
[black-dbg]   ctor slots: s0=00000000_00410000 s1=00000000_00410000 s4=00000000_00000000 ra=00410000
[black-dbg]   leave sceSifCallRpc pc=0x0029b948 (ra_in=0x0029b948) s0=0x01fffd50 (in 0x01fffd50) sp=0x01fffce0 (in 0x01fffce0) v0=0x00000000 stack[s0 slot?]
[black-dbc] sceDbcCreateSocket a0=0x01fffd50 a1=0x585540 a2=0x5855c0 desc=00000003 00000001 00000001 00000000 00000000 -> v0=0x00000001
[black-dbc] dbc_29ba58 a0=0x00000000 a1=0x0 a2=0x4001d0 a3=0x10 [a1]=00000000 00000000 00000000 00000000 ra=0029ccbc -> v0=0xfffffff4
[black-dbg] sceSifCallRpc @0x36b100 a0=0x004438c0 a1=0x80001302 ra=0x0029ba0c sp=0x01fffd50 | game=0x0049c000 state=1 cur=0x00000000 pend=0x004bc210
[black-dbg]   enter sceSifCallRpc s0=0x004439c0 s1=0x00000000
[black-dbg]   ctor slots: s0=00000000_00410000 s1=00000000_00410000 s4=00000000_00000000 ra=00410000
[black-dbg]   leave sceSifCallRpc pc=0x0029ba0c (ra_in=0x0029ba0c) s0=0x004439c0 (in 0x004439c0) sp=0x01fffd50 (in 0x01fffd50) v0=0x00000000 stack[s0 slot?]
[black-dbc] sceDbcDeleteSocket a0=0x00000000 a1=0x445d40 a2=0x445cc0 desc=fffffff4 00000000 00000000 00000000 00000000 -> v0=0x00000001
[black-dbc] dbc_29ba58 a0=0x00000001 a1=0x100 a2=0x4001d0 a3=0x4439c0 [a1]=00000000 00000000 00000000 00000000 ra=0029ccbc -> v0=0xfffffff4
[black-dbc] sceDbcDeleteSocket a0=0x00000001 a1=0x445d40 a2=0x445cc0 desc=fffffff4 00000000 00000000 00000000 00000000 -> v0=0x00000001
[black-rwa] msg type=1348599825 +14=0x8e020014 +18=0x1000000d +1c=0x0 +20=0x8e020014 +24=0x10400004 +28=0x0 +2c=0x8e040024
[black-rwa] msg type=65011720 +14=0x27bd0040 +18=0x0 +1c=0x27bdffb0 +20=0x3c050041 +24=0x7fb10030 +28=0x24a5a0f0 +2c=0x80882d
[black-rwa] msg type=2075131952 +14=0x56200001 +18=0xae260000 +1c=0x1a400004 +20=0x7bb00030 +24=0xc0d9de4 +28=0x240202d +2c=0x7bb00030
[black-rwa] msg type=65011720 +14=0x27bd0040 +18=0x0 +1c=0x27bdffb0 +20=0x3c050041 +24=0x7fb10030 +28=0x24a5a0f0 +2c=0x80882d
[black-dbc] sceDbcCreateSocket a0=0x01fffd50 a1=0x585440 a2=0x5854c0 desc=00000003 00000001 00000000 00000000 00000000 -> v0=0x00000000
[black-dbc] sceDbcCreateSocket a0=0x01fffd50 a1=0x585540 a2=0x5855c0 desc=00000003 00000001 00000001 00000000 00000000 -> v0=0x00000001
[black-dbc] dbc_29ba58 a0=0x00000000 a1=0x0 a2=0x4001d0 a3=0x12 [a1]=00000000 00000000 00000000 00000000 ra=0029ccbc -> v0=0xfffffff4
[black-dbc] sceDbcDeleteSocket a0=0x00000000 a1=0x445d40 a2=0x445cc0 desc=fffffff4 00000000 00000000 00000000 00000000 -> v0=0x00000001
[black-dbc] dbc_29ba58 a0=0x00000001 a1=0x100 a2=0x4001d0 a3=0x4439c0 [a1]=00000000 00000000 00000000 00000000 ra=0029ccbc -> v0=0xfffffff4
[black-dbc] sceDbcDeleteSocket a0=0x00000001 a1=0x445d40 a2=0x445cc0 desc=fffffff4 00000000 00000000 00000000 00000000 -> v0=0x00000001
[black-rwa] msg type=1348599825 +14=0x8e020014 +18=0x1000000d +1c=0x0 +20=0x8e020014 +24=0x10400004 +28=0x0 +2c=0x8e040024
[black-rwa] msg type=65011720 +14=0x27bd0040 +18=0x0 +1c=0x27bdffb0 +20=0x3c050041 +24=0x7fb10030 +28=0x24a5a0f0 +2c=0x80882d
[black-rwa] msg type=2075131952 +14=0x56200001 +18=0xae260000 +1c=0x1a400004 +20=0x7bb00030 +24=0xc0d9de4 +28=0x240202d +2c=0x7bb00030
[black-rwa] msg type=65011720 +14=0x27bd0040 +18=0x0 +1c=0x27bdffb0 +20=0x3c050041 +24=0x7fb10030 +28=0x24a5a0f0 +2c=0x80882d
[black-dbc] sceDbcCreateSocket a0=0x01fffd50 a1=0x585440 a2=0x5854c0 desc=00000003 00000001 00000000 00000000 00000000 -> v0=0x00000000
[black-dbc] sceDbcCreateSocket a0=0x01fffd50 a1=0x585540 a2=0x5855c0 desc=00000003 00000001 00000001 00000000 00000000 -> v0=0x00000001
[black-dbc] dbc_29ba58 a0=0x00000000 a1=0x0 a2=0x4001d0 a3=0x14 [a1]=00000000 00000000 00000000 00000000 ra=0029ccbc -> v0=0xfffffff4
[black-dbc] sceDbcDeleteSocket a0=0x00000000 a1=0x445d40 a2=0x445cc0 desc=fffffff4 00000000 00000000 00000000 00000000 -> v0=0x00000001
[black-dbc] dbc_29ba58 a0=0x00000001 a1=0x100 a2=0x4001d0 a3=0x4439c0 [a1]=00000000 00000000 00000000 00000000 ra=0029ccbc -> v0=0xfffffff4
[black-dbc] sceDbcDeleteSocket a0=0x00000001 a1=0x445d40 a2=0x445cc0 desc=fffffff4 00000000 00000000 00000000 00000000 -> v0=0x00000001
[black-rwa] msg type=1348599825 +14=0x8e020014 +18=0x1000000d +1c=0x0 +20=0x8e020014 +24=0x10400004 +28=0x0 +2c=0x8e040024
[black-rwa] msg type=65011720 +14=0x27bd0040 +18=0x0 +1c=0x27bdffb0 +20=0x3c050041 +24=0x7fb10030 +28=0x24a5a0f0 +2c=0x80882d
[black-rwa] msg type=2075131952 +14=0x56200001 +18=0xae260000 +1c=0x1a400004 +20=0x7bb00030 +24=0xc0d9de4 +28=0x240202d +2c=0x7bb00030
[black-rwa] msg type=65011720 +14=0x27bd0040 +18=0x0 +1c=0x27bdffb0 +20=0x3c050041 +24=0x7fb10030 +28=0x24a5a0f0 +2c=0x80882d
[black-dbc] sceDbcCreateSocket a0=0x01fffd50 a1=0x585440 a2=0x5854c0 desc=00000003 00000001 00000000 00000000 00000000 -> v0=0x00000000
[black-dbc] sceDbcCreateSocket a0=0x01fffd50 a1=0x585540 a2=0x5855c0 desc=00000003 00000001 00000001 00000000 00000000 -> v0=0x00000001
[black-rwa] msg type=1348599825 +14=0x8e020014 +18=0x1000000d +1c=0x0 +20=0x8e020014 +24=0x10400004 +28=0x0 +2c=0x8e040024
[black-dbc] dbc_29ba58 a0=0x00000000 a1=0x0 a2=0x4001d0 a3=0x16 [a1]=00000000 00000000 00000000 00000000 ra=0029ccbc -> v0=0xfffffff4
[black-dbc] sceDbcDeleteSocket a0=0x00000000 a1=0x445d40 a2=0x445cc0 desc=fffffff4 00000000 00000000 00000000 00000000 -> v0=0x00000001
[black-dbc] dbc_29ba58 a0=0x00000001 a1=0x100 a2=0x4001d0 a3=0x4439c0 [a1]=00000000 00000000 00000000 00000000 ra=0029ccbc -> v0=0xfffffff4
[black-dbc] sceDbcDeleteSocket a0=0x00000001 a1=0x445d40 a2=0x445cc0 desc=fffffff4 00000000 00000000 00000000 00000000 -> v0=0x00000000
[black-rwa] msg type=65011720 +14=0x27bd0040 +18=0x0 +1c=0x27bdffb0 +20=0x3c050041 +24=0x7fb10030 +28=0x24a5a0f0 +2c=0x80882d
[black-rwa] msg type=2075131952 +14=0x56200001 +18=0xae260000 +1c=0x1a400004 +20=0x7bb00030 +24=0xc0d9de4 +28=0x240202d +2c=0x7bb00030
[black-rwa] msg type=65011720 +14=0x27bd0040 +18=0x0 +1c=0x27bdffb0 +20=0x3c050041 +24=0x7fb10030 +28=0x24a5a0f0 +2c=0x80882d
[black-dbc] sceDbcCreateSocket a0=0x01fffd50 a1=0x585440 a2=0x5854c0 desc=00000003 00000001 00000000 00000000 00000000 -> v0=0x00000000
[black-dbc] sceDbcCreateSocket a0=0x01fffd50 a1=0x585540 a2=0x5855c0 desc=00000003 00000001 00000001 00000000 00000000 -> v0=0x00000001
[black-dbc] dbc_29ba58 a0=0x00000000 a1=0x0 a2=0x4001d0 a3=0x18 [a1]=00000000 00000000 00000000 00000000 ra=0029ccbc -> v0=0xfffffff4
[black-dbc] sceDbcDeleteSocket a0=0x00000000 a1=0x445d40 a2=0x445cc0 desc=fffffff4 00000000 00000000 00000000 00000000 -> v0=0x00000001
[black-dbc] dbc_29ba58 a0=0x00000001 a1=0x100 a2=0x4001d0 a3=0x4439c0 [a1]=00000000 00000000 00000000 00000000 ra=0029ccbc -> v0=0xfffffff4
[black-dbc] sceDbcDeleteSocket a0=0x00000001 a1=0x445d40 a2=0x445cc0 desc=fffffff4 00000000 00000000 00000000 00000000 -> v0=0x00000001
[black-rwa] msg type=1348599825 +14=0x8e020014 +18=0x1000000d +1c=0x0 +20=0x8e020014 +24=0x10400004 +28=0x0 +2c=0x8e040024
[black-rwa] msg type=65011720 +14=0x27bd0040 +18=0x0 +1c=0x27bdffb0 +20=0x3c050041 +24=0x7fb10030 +28=0x24a5a0f0 +2c=0x80882d
[black-rwa] msg type=2075131952 +14=0x56200001 +18=0xae260000 +1c=0x1a400004 +20=0x7bb00030 +24=0xc0d9de4 +28=0x240202d +2c=0x7bb00030
[black-rwa] msg type=65011720 +14=0x27bd0040 +18=0x0 +1c=0x27bdffb0 +20=0x3c050041 +24=0x7fb10030 +28=0x24a5a0f0 +2c=0x80882d
[black-dbc] sceDbcCreateSocket a0=0x01fffd50 a1=0x585440 a2=0x5854c0 desc=00000003 00000001 00000000 00000000 00000000 -> v0=0x00000000
[black-dbc] sceDbcCreateSocket a0=0x01fffd50 a1=0x585540 a2=0x5855c0 desc=00000003 00000001 00000001 00000000 00000000 -> v0=0x00000001
[black-dbc] dbc_29ba58 a0=0x00000000 a1=0x0 a2=0x4001d0 a3=0x1a [a1]=00000000 00000000 00000000 00000000 ra=0029ccbc -> v0=0xfffffff4
[black-dbc] sceDbcDeleteSocket a0=0x00000000 a1=0x445d40 a2=0x445cc0 desc=fffffff4 00000000 00000000 00000000 00000000 -> v0=0x00000001
[black-dbc] dbc_29ba58 a0=0x00000001 a1=0x100 a2=0x4001d0 a3=0x4439c0 [a1]=00000000 00000000 00000000 00000000 ra=0029ccbc -> v0=0xfffffff4
[black-dbc] sceDbcDeleteSocket a0=0x00000001 a1=0x445d40 a2=0x445cc0 desc=fffffff4 00000000 00000000 00000000 00000000 -> v0=0x00000001
[black-rwa] msg type=1348599825 +14=0x8e020014 +18=0x1000000d +1c=0x0 +20=0x8e020014 +24=0x10400004 +28=0x0 +2c=0x8e040024
[black-rwa] msg type=65011720 +14=0x27bd0040 +18=0x0 +1c=0x27bdffb0 +20=0x3c050041 +24=0x7fb10030 +28=0x24a5a0f0 +2c=0x80882d
[black-rwa] msg type=2075131952 +14=0x56200001 +18=0xae260000 +1c=0x1a400004 +20=0x7bb00030 +24=0xc0d9de4 +28=0x240202d +2c=0x7bb00030
[black-rwa] msg type=65011720 +14=0x27bd0040 +18=0x0 +1c=0x27bdffb0 +20=0x3c050041 +24=0x7fb10030 +28=0x24a5a0f0 +2c=0x80882d
[black-dbc] sceDbcCreateSocket a0=0x01fffd50 a1=0x585440 a2=0x5854c0 desc=00000003 00000001 00000000 00000000 00000000 -> v0=0x00000000
[black-dbc] sceDbcCreateSocket a0=0x01fffd50 a1=0x585540 a2=0x5855c0 desc=00000003 00000001 00000001 00000000 00000000 -> v0=0x00000001
[black-rwa] msg type=1348599825 +14=0x8e020014 +18=0x1000000d +1c=0x0 +20=0x8e020014 +24=0x10400004 +28=0x0 +2c=0x8e040024
[black-dbc] dbc_29ba58 a0=0x00000000 a1=0x0 a2=0x4001d0 a3=0x1c [a1]=00000000 00000000 00000000 00000000 ra=0029ccbc -> v0=0xfffffff4
[black-dbc] sceDbcDeleteSocket a0=0x00000000 a1=0x445d40 a2=0x445cc0 desc=fffffff4 00000000 00000000 00000000 00000000 -> v0=0x00000001
[black-dbc] dbc_29ba58 a0=0x00000001 a1=0x100 a2=0x4001d0 a3=0x4439c0 [a1]=00000000 00000000 00000000 00000000 ra=0029ccbc -> v0=0xfffffff4
[black-dbc] sceDbcDeleteSocket a0=0x00000001 a1=0x445d40 a2=0x445cc0 desc=fffffff4 00000000 00000000 00000000 00000000 -> v0=0x00000001
[black-fs] open "Language/Fonts/Big.bin" -> 0x0040eff0
[black-dbg] GtsCmd4 @0x2697e0 a0=0x01fac000 a1=0x0040eed0 ra=0x00000000 sp=0x01fabff0 | game=0x0049c000 state=1 cur=0x00000000 pend=0x004bc210
[black-dbg]   enter GtsCmd4 s0=0x004406e0 s1=0x00000000
[black-dbg]   ctor slots: s0=00000000_00410000 s1=00000000_00410000 s4=00000000_00000000 ra=00000001
[black-dbg]   leave GtsCmd4 pc=0x00000000 (ra_in=0x00000000) s0=0x004406e0 (in 0x004406e0) sp=0x01fabff0 (in 0x01fabff0) v0=0x0000000e stack[s0 slot?]
[black-dbc] sceDbcCreateSocket a0=0x01fffd50 a1=0x585440 a2=0x5854c0 desc=00000003 00000001 00000000 00000000 00000000 -> v0=0x00000000
[black-dbc] sceDbcCreateSocket a0=0x01fffd50 a1=0x585540 a2=0x5855c0 desc=00000003 00000001 00000001 00000000 00000000 -> v0=0x00000001
[black-fs] open "Language/Fonts/Small.bin" -> 0x0040eff0
[black-dbg] GtsCmd4 @0x2697e0 a0=0x01fac000 a1=0x0040eed0 ra=0x00000000 sp=0x01fa3ff0 | game=0x0049c000 state=1 cur=0x00000000 pend=0x004bc210
[black-dbg]   enter GtsCmd4 s0=0x00000006 s1=0x00410000
[black-dbg]   ctor slots: s0=00000000_00410000 s1=00000000_00410000 s4=00000000_00000000 ra=00000001
[black-dbg]   leave GtsCmd4 pc=0x00000000 (ra_in=0x00000000) s0=0x00000006 (in 0x00000006) sp=0x01fa3ff0 (in 0x01fa3ff0) v0=0x0000000e stack[s0 slot?]
[black-dbc] dbc_29ba58 a0=0x00000000 a1=0x0 a2=0x4001d0 a3=0x1e [a1]=00000000 00000000 00000000 00000000 ra=0029ccbc -> v0=0xfffffff4
[black-dbc] sceDbcDeleteSocket a0=0x00000000 a1=0x445d40 a2=0x445cc0 desc=fffffff4 00000000 00000000 00000000 00000000 -> v0=0x00000001
[black-dbc] dbc_29ba58 a0=0x00000001 a1=0x100 a2=0x4001d0 a3=0x4439c0 [a1]=00000000 00000000 00000000 00000000 ra=0029ccbc -> v0=0xfffffff4
[black-dbc] sceDbcDeleteSocket a0=0x00000001 a1=0x445d40 a2=0x445cc0 desc=fffffff4 00000000 00000000 00000000 00000000 -> v0=0x00000000
[black-fs] open "GlobData.bin" -> 0x0040eff0
[black-dbg] GtsCmd4 @0x2697e0 a0=0x01fac000 a1=0x0040eed0 ra=0x00000000 sp=0x01fabff0 | game=0x0049c000 state=1 cur=0x00000000 pend=0x004bc210
[black-dbg]   enter GtsCmd4 s0=0x004406e0 s1=0x00000000
[black-dbg]   ctor slots: s0=00000000_00410000 s1=00000000_00410000 s4=00000000_00000000 ra=00000001
[black-dbg]   leave GtsCmd4 pc=0x00000000 (ra_in=0x00000000) s0=0x004406e0 (in 0x004406e0) sp=0x01fabff0 (in 0x01fabff0) v0=0x0000000e stack[s0 slot?]
[black-dbc] sceDbcCreateSocket a0=0x01fffd50 a1=0x585440 a2=0x5854c0 desc=00000003 00000001 00000000 00000000 00000000 -> v0=0x00000000
[black-dbc] sceDbcCreateSocket a0=0x01fffd50 a1=0x585540 a2=0x5855c0 desc=00000003 00000001 00000001 00000000 00000000 -> v0=0x00000001
[black-dbc] dbc_29ba58 a0=0x00000000 a1=0x0 a2=0x4001d0 a3=0x20 [a1]=00000000 00000000 00000000 00000000 ra=0029ccbc -> v0=0xfffffff4
[black-dbc] sceDbcDeleteSocket a0=0x00000000 a1=0x445d40 a2=0x445cc0 desc=fffffff4 00000000 00000000 00000000 00000000 -> v0=0x00000001
[black-dbc] dbc_29ba58 a0=0x00000001 a1=0x100 a2=0x4001d0 a3=0x4439c0 [a1]=00000000 00000000 00000000 00000000 ra=0029ccbc -> v0=0xfffffff4
[black-dbc] sceDbcDeleteSocket a0=0x00000001 a1=0x445d40 a2=0x445cc0 desc=fffffff4 00000000 00000000 00000000 00000000 -> v0=0x00000001
[black-dbc] sceDbcCreateSocket a0=0x01fffdd0 a1=0x480b00 a2=0x480b80 desc=00000003 00000002 00000002 00000000 00000000 -> v0=0x00000000
[black-dbc] mc2i_35c308 a0=0x01fffe60 a1=0x4405c0 a2=0x1 a3=0x2f [a1]=00000000 00000000 00000000 00000000 ra=00355550 -> v0=0x00000000
[black-dbc] mc2_3554f8 a0=0x01fffe60 a1=0x4405c0 a2=0x1 a3=0x2f [a1]=00000000 00000000 00000000 00000000 ra=0026f48c -> v0=0x00000000
[black-dbc] sceDbcCreateSocket a0=0x01fffd50 a1=0x585440 a2=0x5854c0 desc=00000003 00000001 00000000 00000000 00000000 -> v0=0x00000001
[black-dbc] sceDbcCreateSocket a0=0x01fffd50 a1=0x585540 a2=0x5855c0 desc=00000003 00000001 00000001 00000000 00000000 -> v0=0x00000002
[black-fs] open "Language/Strings/MainUS.bin" -> 0x0040eff0
[black-dbg] GtsCmd4 @0x2697e0 a0=0x01fac000 a1=0x0040eed0 ra=0x00000000 sp=0x01fa3ff0 | game=0x0049c000 state=0 cur=0x004bc210 pend=0x00000000
[black-dbg]   enter GtsCmd4 s0=0x00000006 s1=0x00410000
[black-dbg]   ctor slots: s0=00000000_00410000 s1=00000000_00410000 s4=00000000_00000000 ra=00102e54
[black-dbg]   leave GtsCmd4 pc=0x00000000 (ra_in=0x00000000) s0=0x00000006 (in 0x00000006) sp=0x01fa3ff0 (in 0x01fa3ff0) v0=0x0000000e stack[s0 slot?]
[black-dbc] dbc_29ba58 a0=0x00000001 a1=0x0 a2=0x4001d0 a3=0x22 [a1]=00000000 00000000 00000000 00000000 ra=0029ccbc -> v0=0xfffffff4
[black-dbc] sceDbcDeleteSocket a0=0x00000001 a1=0x445d40 a2=0x445cc0 desc=fffffff4 00000000 00000000 00000000 00000000 -> v0=0x00000001
[black-dbc] dbc_29ba58 a0=0x00000002 a1=0x100 a2=0x4001d0 a3=0x4439c0 [a1]=00000000 00000000 00000000 00000000 ra=0029ccbc -> v0=0xfffffff4
[black-dbc] sceDbcDeleteSocket a0=0x00000002 a1=0x445d40 a2=0x445cc0 desc=fffffff4 00000000 00000000 00000000 00000000 -> v0=0x00000001
[black-dbg] Game::setPendingScene @0x1034b0 a0=0x0049c000 a1=0x004bc220 ra=0x00105bf8 sp=0x01ffff10 | game=0x0049c000 state=0 cur=0x004bc210 pend=0x00000000
[black-dbg]   enter Game::setPendingScene s0=0x00000001 s1=0xffffffff
[black-dbg]   ctor slots: s0=00000000_00410000 s1=00000000_00410000 s4=00000000_00000000 ra=00102de4
[black-dbg]   leave Game::setPendingScene pc=0x0023a250 (ra_in=0x00105bf8) s0=0x00000000 (in 0x00000001) sp=0x01fffb80 (in 0x01ffff10) v0=0x00000000 stack[s0 slot?]
[black-dbg] FE:SetPage @0x20b678 a0=0x005b8c80 a1=0x003f2520 ra=0x00103520 sp=0x01fffec0 | game=0x0049c000 state=0 cur=0x004bc210 pend=0x00000000
[black-fe] g=1.40 FE:SetPage a0="" a1="Loading_screen" a0+60="" a2=0x5 a3=0x3c09f0
[black-dbg]   enter FE:SetPage s0=0x004bc000 s1=0x0049c000
[black-dbg]   ctor slots: s0=00000000_00410000 s1=00000000_00410000 s4=00000000_00000000 ra=00102de4
[black-dbg]   leave FE:SetPage pc=0x0023a250 (ra_in=0x00103520) s0=0x00000000 (in 0x004bc000) sp=0x01fffb50 (in 0x01fffec0) v0=0x00000000 stack[s0 slot?]
[black-dbc] sceDbcCreateSocket a0=0x01fffd50 a1=0x585440 a2=0x5854c0 desc=00000003 00000001 00000000 00000000 00000000 -> v0=0x00000001
[black-dbc] sceDbcCreateSocket a0=0x01fffd50 a1=0x585540 a2=0x5855c0 desc=00000003 00000001 00000001 00000000 00000000 -> v0=0x00000002
[black-dbc] dbc_29ba58 a0=0x00000001 a1=0x0 a2=0x4001d0 a3=0x24 [a1]=00000000 00000000 00000000 00000000 ra=0029ccbc -> v0=0xfffffff4
[black-dbc] sceDbcDeleteSocket a0=0x00000001 a1=0x445d40 a2=0x445cc0 desc=fffffff4 00000000 00000000 00000000 00000000 -> v0=0x00000001
[black-dbc] dbc_29ba58 a0=0x00000002 a1=0x100 a2=0x4001d0 a3=0x4439c0 [a1]=00000000 00000000 00000000 00000000 ra=0029ccbc -> v0=0xfffffff4
[black-dbc] sceDbcDeleteSocket a0=0x00000002 a1=0x445d40 a2=0x445cc0 desc=fffffff4 00000000 00000000 00000000 00000000 -> v0=0x00000001
[black-dbc] sceDbcCreateSocket a0=0x01fffd50 a1=0x585440 a2=0x5854c0 desc=00000003 00000001 00000000 00000000 00000000 -> v0=0x00000001
[black-dbc] sceDbcCreateSocket a0=0x01fffd50 a1=0x585540 a2=0x5855c0 desc=00000003 00000001 00000001 00000000 00000000 -> v0=0x00000002
[black-dbc] dbc_29ba58 a0=0x00000001 a1=0x0 a2=0x4001d0 a3=0x26 [a1]=00000000 00000000 00000000 00000000 ra=0029ccbc -> v0=0x00000000
[black-dbc] sceDbcReceiveData a0=0x00000001 a1=0x101800c a2=0x1fffd34 a3=0x1fffd30 [a1]=00000000 00000000 00000000 00000000 ra=0029cb08 -> v0=0x004439cd
[black-dbc] dbc_29ba58 a0=0x00000002 a1=0x100 a2=0x4001d0 a3=0x0 [a1]=00000000 00000000 00000000 00000000 ra=0029ccbc -> v0=0xfffffff4
[black-dbc] sceDbcDeleteSocket a0=0x00000002 a1=0x445d40 a2=0x445cc0 desc=fffffff4 00000000 00000000 00000000 00000000 -> v0=0x00000001
[black-dbg] sceMpegInit @0x294a08 a0=0x0071f018 a1=0x00000004 ra=0x00271c38 sp=0x01d23b30 | game=0x0049c000 state=1 cur=0x004bc210 pend=0x004bc220
[black-dbg]   enter sceMpegInit s0=0x0071f030 s1=0x0071f000
[black-dbg]   ctor slots: s0=00000000_00410000 s1=00000000_00410000 s4=00000000_00000000 ra=00000001
[black-dbg]   leave sceMpegInit pc=0x00271c38 (ra_in=0x00271c38) s0=0x0071f030 (in 0x0071f030) sp=0x01d23b30 (in 0x01d23b30) v0=0x00000000 stack[s0 slot?]
[black-dbc] sceDbcCreateSocket a0=0x01fffd50 a1=0x585540 a2=0x5855c0 desc=00000003 00000001 00000001 00000000 00000000 -> v0=0x00000002
[black-fs] open "sound\streams\Logos.ssh" -> 0x0040eff0
[black-dbc] dbc_29ba58 a0=0x00000002 a1=0x100 a2=0x4001d0 a3=0x0 [a1]=00000000 00000000 00000000 00000000 ra=0029ccbc -> v0=0xfffffff4
[black-dbc] sceDbcDeleteSocket a0=0x00000002 a1=0x445d40 a2=0x445cc0 desc=fffffff4 00000000 00000000 00000000 00000000 -> v0=0x00000001
[black-dbc] sceDbcCreateSocket a0=0x01fffd50 a1=0x585540 a2=0x5855c0 desc=00000003 00000001 00000001 00000000 00000000 -> v0=0x00000002
[black-dbg] GtsCmd4 @0x2697e0 a0=0x01fac000 a1=0x0040eed0 ra=0x00000000 sp=0x01fa3ff0 | game=0x0049c000 state=1 cur=0x004bc210 pend=0x004bc220
[black-dbg]   enter GtsCmd4 s0=0x00000006 s1=0x00410000
[black-dbg]   ctor slots: s0=00000000_00410000 s1=00000000_00410000 s4=00000000_00000000 ra=00000001
[black-dbg]   leave GtsCmd4 pc=0x00000000 (ra_in=0x00000000) s0=0x00000006 (in 0x00000006) sp=0x01fa3ff0 (in 0x01fa3ff0) v0=0x0000000e stack[s0 slot?]
[black-dbc] dbc_29ba58 a0=0x00000002 a1=0x100 a2=0x4001d0 a3=0x0 [a1]=00000000 00000000 00000000 00000000 ra=0029ccbc -> v0=0xfffffff4
[black-dbc] sceDbcDeleteSocket a0=0x00000002 a1=0x445d40 a2=0x445cc0 desc=fffffff4 00000000 00000000 00000000 00000000 -> v0=0x00000001
[black-dbc] sceDbcCreateSocket a0=0x01fffd50 a1=0x585540 a2=0x5855c0 desc=00000003 00000001 00000001 00000000 00000000 -> v0=0x00000002
[black-fs] open "sound\streams\DemoAttr.ssh" -> 0x0040eff0
[black-dbg] GtsCmd4 @0x2697e0 a0=0x01fac000 a1=0x0040eed0 ra=0x00000000 sp=0x01fa3ff0 | game=0x0049c000 state=1 cur=0x004bc210 pend=0x004bc220
[black-dbg]   enter GtsCmd4 s0=0x00000006 s1=0x00410000
[black-dbg]   ctor slots: s0=00000000_00410000 s1=00000000_00410000 s4=00000000_00000000 ra=00000001
[black-dbg]   leave GtsCmd4 pc=0x00000000 (ra_in=0x00000000) s0=0x00000006 (in 0x00000006) sp=0x01fa3ff0 (in 0x01fa3ff0) v0=0x0000000e stack[s0 slot?]
[black-dbc] dbc_29ba58 a0=0x00000002 a1=0x100 a2=0x4001d0 a3=0x0 [a1]=00000000 00000000 00000000 00000000 ra=0029ccbc -> v0=0xfffffff4
[black-dbc] sceDbcDeleteSocket a0=0x00000002 a1=0x445d40 a2=0x445cc0 desc=fffffff4 00000000 00000000 00000000 00000000 -> v0=0x00000001
[black-dbc] sceDbcCreateSocket a0=0x01fffd50 a1=0x585540 a2=0x5855c0 desc=00000003 00000001 00000001 00000000 00000000 -> v0=0x00000002
[black-fs] open "sound\streams\Intro.ssh" -> 0x0040eff0
[black-dbg] GtsCmd4 @0x2697e0 a0=0x01fac000 a1=0x0040eed0 ra=0x00000000 sp=0x01fa3ff0 | game=0x0049c000 state=1 cur=0x004bc210 pend=0x004bc220
[black-dbg]   enter GtsCmd4 s0=0x00000006 s1=0x00410000
[black-dbg]   ctor slots: s0=00000000_00410000 s1=00000000_00410000 s4=00000000_00000000 ra=00000001
[black-dbg]   leave GtsCmd4 pc=0x00000000 (ra_in=0x00000000) s0=0x00000006 (in 0x00000006) sp=0x01fa3ff0 (in 0x01fa3ff0) v0=0x0000000e stack[s0 slot?]
[black-dbc] dbc_29ba58 a0=0x00000002 a1=0x100 a2=0x4001d0 a3=0x0 [a1]=00000000 00000000 00000000 00000000 ra=0029ccbc -> v0=0xfffffff4
[black-dbc] sceDbcDeleteSocket a0=0x00000002 a1=0x445d40 a2=0x445cc0 desc=fffffff4 00000000 00000000 00000000 00000000 -> v0=0x00000001
[black-dbc] sceDbcCreateSocket a0=0x01fffd50 a1=0x585540 a2=0x5855c0 desc=00000003 00000001 00000001 00000000 00000000 -> v0=0x00000002
[black-fs] open "sound\streams\7thWave.ssh" -> 0x0040eff0
[black-dbg] GtsCmd4 @0x2697e0 a0=0x01fac000 a1=0x0040eed0 ra=0x00000000 sp=0x01fa3ff0 | game=0x0049c000 state=1 cur=0x004bc210 pend=0x004bc220
[black-dbg]   enter GtsCmd4 s0=0x00000006 s1=0x00410000
[black-dbg]   ctor slots: s0=00000000_00410000 s1=00000000_00410000 s4=00000000_00000000 ra=00000001
[black-dbg]   leave GtsCmd4 pc=0x00000000 (ra_in=0x00000000) s0=0x00000006 (in 0x00000006) sp=0x01fa3ff0 (in 0x01fa3ff0) v0=0x0000000e stack[s0 slot?]
[black-dbc] dbc_29ba58 a0=0x00000002 a1=0x100 a2=0x4001d0 a3=0x0 [a1]=00000000 00000000 00000000 00000000 ra=0029ccbc -> v0=0xfffffff4
[black-dbc] sceDbcDeleteSocket a0=0x00000002 a1=0x445d40 a2=0x445cc0 desc=fffffff4 00000000 00000000 00000000 00000000 -> v0=0x00000001
[black-dbc] sceDbcCreateSocket a0=0x01fffd50 a1=0x585540 a2=0x5855c0 desc=00000003 00000001 00000001 00000000 00000000 -> v0=0x00000002
[black-fs] open "sound\streams\Target.ssh" -> 0x0040eff0
[black-dbg] GtsCmd4 @0x2697e0 a0=0x01fac000 a1=0x0040eed0 ra=0x00000000 sp=0x01fa3ff0 | game=0x0049c000 state=1 cur=0x004bc210 pend=0x004bc220
[black-dbg]   enter GtsCmd4 s0=0x00000006 s1=0x00410000
[black-dbg]   ctor slots: s0=00000000_00410000 s1=00000000_00410000 s4=00000000_00000000 ra=00000001
[black-dbg]   leave GtsCmd4 pc=0x00000000 (ra_in=0x00000000) s0=0x00000006 (in 0x00000006) sp=0x01fa3ff0 (in 0x01fa3ff0) v0=0x0000000e stack[s0 slot?]
[black-dbc] dbc_29ba58 a0=0x00000002 a1=0x100 a2=0x4001d0 a3=0x0 [a1]=00000000 00000000 00000000 00000000 ra=0029ccbc -> v0=0xfffffff4
[black-dbc] sceDbcDeleteSocket a0=0x00000002 a1=0x445d40 a2=0x445cc0 desc=fffffff4 00000000 00000000 00000000 00000000 -> v0=0x00000001
[black-dbc] sceDbcCreateSocket a0=0x01fffd50 a1=0x585540 a2=0x5855c0 desc=00000003 00000001 00000001 00000000 00000000 -> v0=0x00000002
[black-fs] open "sound\streams\American.ssh" -> 0x0040eff0
[black-dbg] GtsCmd4 @0x2697e0 a0=0x01fac000 a1=0x0040eed0 ra=0x00000000 sp=0x01fa3ff0 | game=0x0049c000 state=1 cur=0x004bc210 pend=0x004bc220
[black-dbg]   enter GtsCmd4 s0=0x00000006 s1=0x00410000
[black-dbg]   ctor slots: s0=00000000_00410000 s1=00000000_00410000 s4=00000000_00000000 ra=00000001
[black-dbg]   leave GtsCmd4 pc=0x00000000 (ra_in=0x00000000) s0=0x00000006 (in 0x00000006) sp=0x01fa3ff0 (in 0x01fa3ff0) v0=0x0000000e stack[s0 slot?]
[black-dbc] dbc_29ba58 a0=0x00000002 a1=0x100 a2=0x4001d0 a3=0x0 [a1]=00000000 00000000 00000000 00000000 ra=0029ccbc -> v0=0xfffffff4
[black-dbc] sceDbcDeleteSocket a0=0x00000002 a1=0x445d40 a2=0x445cc0 desc=fffffff4 00000000 00000000 00000000 00000000 -> v0=0x00000001
[black-dbc] sceDbcCreateSocket a0=0x01fffd50 a1=0x585540 a2=0x5855c0 desc=00000003 00000001 00000001 00000000 00000000 -> v0=0x00000002
[black-fs] open "sound\streams\Assets.ssh" -> 0x0040eff0
[black-dbg] GtsCmd4 @0x2697e0 a0=0x01fac000 a1=0x0040eed0 ra=0x00000000 sp=0x01fa3ff0 | game=0x0049c000 state=1 cur=0x004bc210 pend=0x004bc220
[black-dbg]   enter GtsCmd4 s0=0x00000006 s1=0x00410000
[black-dbg]   ctor slots: s0=00000000_00410000 s1=00000000_00410000 s4=00000000_00000000 ra=00000001
[black-dbg]   leave GtsCmd4 pc=0x00000000 (ra_in=0x00000000) s0=0x00000006 (in 0x00000006) sp=0x01fa3ff0 (in 0x01fa3ff0) v0=0x0000000e stack[s0 slot?]
[black-dbc] dbc_29ba58 a0=0x00000002 a1=0x100 a2=0x4001d0 a3=0x0 [a1]=00000000 00000000 00000000 00000000 ra=0029ccbc -> v0=0xfffffff4
[black-dbc] sceDbcDeleteSocket a0=0x00000002 a1=0x445d40 a2=0x445cc0 desc=fffffff4 00000000 00000000 00000000 00000000 -> v0=0x00000001
[black-dbc] sceDbcCreateSocket a0=0x01fffd50 a1=0x585540 a2=0x5855c0 desc=00000003 00000001 00000001 00000000 00000000 -> v0=0x00000002
[black-fs] open "sound\streams\Solomon.ssh" -> 0x0040eff0
[black-dbg] GtsCmd4 @0x2697e0 a0=0x01fac000 a1=0x0040eed0 ra=0x00000000 sp=0x01fa3ff0 | game=0x0049c000 state=1 cur=0x004bc210 pend=0x004bc220
[black-dbg]   enter GtsCmd4 s0=0x00000006 s1=0x00410000
[black-dbg]   ctor slots: s0=00000000_00410000 s1=00000000_00410000 s4=00000000_00000000 ra=00000001
[black-dbg]   leave GtsCmd4 pc=0x00000000 (ra_in=0x00000000) s0=0x00000006 (in 0x00000006) sp=0x01fa3ff0 (in 0x01fa3ff0) v0=0x0000000e stack[s0 slot?]
[black-dbc] dbc_29ba58 a0=0x00000002 a1=0x100 a2=0x4001d0 a3=0x0 [a1]=00000000 00000000 00000000 00000000 ra=0029ccbc -> v0=0xfffffff4
[black-dbc] sceDbcDeleteSocket a0=0x00000002 a1=0x445d40 a2=0x445cc0 desc=fffffff4 00000000 00000000 00000000 00000000 -> v0=0x00000001
[black-dbc] sceDbcCreateSocket a0=0x01fffd50 a1=0x585540 a2=0x5855c0 desc=00000003 00000001 00000001 00000000 00000000 -> v0=0x00000002
[black-fs] open "sound\streams\Valencio.ssh" -> 0x0040eff0
[black-dbg] GtsCmd4 @0x2697e0 a0=0x01fac000 a1=0x0040eed0 ra=0x00000000 sp=0x01fa3ff0 | game=0x0049c000 state=1 cur=0x004bc210 pend=0x004bc220
[black-dbg]   enter GtsCmd4 s0=0x00000006 s1=0x00410000
[black-dbg]   ctor slots: s0=00000000_00410000 s1=00000000_00410000 s4=00000000_00000000 ra=00000001
[black-dbg]   leave GtsCmd4 pc=0x00000000 (ra_in=0x00000000) s0=0x00000006 (in 0x00000006) sp=0x01fa3ff0 (in 0x01fa3ff0) v0=0x0000000e stack[s0 slot?]
[black-dbc] dbc_29ba58 a0=0x00000002 a1=0x100 a2=0x4001d0 a3=0x0 [a1]=00000000 00000000 00000000 00000000 ra=0029ccbc -> v0=0xfffffff4
[black-dbc] sceDbcDeleteSocket a0=0x00000002 a1=0x445d40 a2=0x445cc0 desc=fffffff4 00000000 00000000 00000000 00000000 -> v0=0x00000001
[parallel-gs] primitives=3297 readbacks=120 scanout=640x448 smode1=0000000740804504
[black-dbc] sceDbcCreateSocket a0=0x01fffd50 a1=0x585540 a2=0x5855c0 desc=00000003 00000001 00000001 00000000 00000000 -> v0=0x00000002
[black-fs] open "sound\streams\Ops.ssh" -> 0x0040eff0
[black-dbc] dbc_29ba58 a0=0x00000002 a1=0x100 a2=0x4001d0 a3=0x0 [a1]=00000000 00000000 00000000 00000000 ra=0029ccbc -> v0=0xfffffff4
[black-dbc] sceDbcDeleteSocket a0=0x00000002 a1=0x445d40 a2=0x445cc0 desc=fffffff4 00000000 00000000 00000000 00000000 -> v0=0x00000001
[black-state] t=3.0 g=2.3 upd=61 feState=28 fe+0x37a4=1 streamerBusy=0x0000 mode=1 cur=0x004bc210 pend=0x004bc220 pendState=4
[black-dbcwork] 00000000 00000001 00000000 00000000 00000000 00000000 00000000 00000000 | 00000000 00000001 00000000 00000000
[black-mcrx] b00: 00000000 00000000 00000000 00000000 00000000 00000000 | b80: 00000000 00000000 00000000 00000000 00000000 00000000
[black-mc] obj=0x005bd980 +0=0 +4=28 +8=1 state=0 +10=0 +14=0 +18=0 +1c=0
[black-snd] upd=61 slotState=0x1 slotLoaded=0 req=0x01ca2210 reqState=0x1 stream=0 streamFlags=0x0
[black-gs] upd=61 pmode=0x8003 dispfb1=0x51400 display1=0x1bf27f00000000 dispfb2=0x80000051400 display2=0x1be27f00000000 smode2=0x0 vsync=139 nativeGif=0 nativeImg=0
[black-gs]   bitbltbuf dbp=0 dbw=0 dpsm=0x0 trxreg=0x0 trxdir=3 xfer 0/0
[black-gs]   hist=100 giftag=0 reg=0 draw=0 xfer=0 present=100 lastDrawFbp=0 verts=0 frame=96 | present 640x448 dispFbp=0 srcFbp=0 has=1
[black-gs]   frame 640x448 media=6.4 naoPretos=22739
[black-gs]   tex@2240 somaAmostra=0
[black-dbc] sceDbcCreateSocket a0=0x01fffd50 a1=0x585540 a2=0x5855c0 desc=00000003 00000001 00000001 00000000 00000000 -> v0=0x00000002
[black-fs] open "sound\streams\Level.ssh" -> 0x0040eff0
[black-dbc] dbc_29ba58 a0=0x00000002 a1=0x100 a2=0x4001d0 a3=0x0 [a1]=00000000 00000000 00000000 00000000 ra=0029ccbc -> v0=0xfffffff4
[black-dbc] sceDbcDeleteSocket a0=0x00000002 a1=0x445d40 a2=0x445cc0 desc=fffffff4 00000000 00000000 00000000 00000000 -> v0=0x00000001
[black-dbc] sceDbcCreateSocket a0=0x01fffd50 a1=0x585540 a2=0x5855c0 desc=00000003 00000001 00000001 00000000 00000000 -> v0=0x00000002
[black-fs] open "sound\streams\Division.ssh" -> 0x0040eff0
[black-dbc] dbc_29ba58 a0=0x00000002 a1=0x100 a2=0x4001d0 a3=0x0 [a1]=00000000 00000000 00000000 00000000 ra=0029ccbc -> v0=0xfffffff4
[black-dbc] sceDbcDeleteSocket a0=0x00000002 a1=0x445d40 a2=0x445cc0 desc=fffffff4 00000000 00000000 00000000 00000000 -> v0=0x00000001
[black-dbc] sceDbcCreateSocket a0=0x01fffd50 a1=0x585540 a2=0x5855c0 desc=00000003 00000001 00000001 00000000 00000000 -> v0=0x00000002
[black-fs] open "sound\streams\AK47.ssh" -> 0x0040eff0
[black-dbc] dbc_29ba58 a0=0x00000002 a1=0x100 a2=0x4001d0 a3=0x0 [a1]=00000000 00000000 00000000 00000000 ra=0029ccbc -> v0=0xfffffff4
[black-dbc] sceDbcDeleteSocket a0=0x00000002 a1=0x445d40 a2=0x445cc0 desc=fffffff4 00000000 00000000 00000000 00000000 -> v0=0x00000001
[black-dbc] sceDbcCreateSocket a0=0x01fffd50 a1=0x585540 a2=0x5855c0 desc=00000003 00000001 00000001 00000000 00000000 -> v0=0x00000002
[black-fs] open "sound\streams\MP5.ssh" -> 0x0040eff0
[black-dbc] dbc_29ba58 a0=0x00000002 a1=0x100 a2=0x4001d0 a3=0x0 [a1]=00000000 00000000 00000000 00000000 ra=0029ccbc -> v0=0xfffffff4
[black-dbc] sceDbcDeleteSocket a0=0x00000002 a1=0x445d40 a2=0x445cc0 desc=fffffff4 00000000 00000000 00000000 00000000 -> v0=0x00000001
[black-dbc] sceDbcCreateSocket a0=0x01fffd50 a1=0x585540 a2=0x5855c0 desc=00000003 00000001 00000001 00000000 00000000 -> v0=0x00000002
[black-fs] open "sound\streams\SMG.ssh" -> 0x0040eff0
[black-dbc] dbc_29ba58 a0=0x00000002 a1=0x100 a2=0x4001d0 a3=0x0 [a1]=00000000 00000000 00000000 00000000 ra=0029ccbc -> v0=0xfffffff4
[black-dbc] sceDbcDeleteSocket a0=0x00000002 a1=0x445d40 a2=0x445cc0 desc=fffffff4 00000000 00000000 00000000 00000000 -> v0=0x00000001
[black-dbc] sceDbcCreateSocket a0=0x01fffd50 a1=0x585540 a2=0x5855c0 desc=00000003 00000001 00000001 00000000 00000000 -> v0=0x00000002
[black-fs] open "sound\streams\Mag.ssh" -> 0x0040eff0
[black-dbc] dbc_29ba58 a0=0x00000002 a1=0x100 a2=0x4001d0 a3=0x0 [a1]=00000000 00000000 00000000 00000000 ra=0029ccbc -> v0=0xfffffff4
[black-dbc] sceDbcDeleteSocket a0=0x00000002 a1=0x445d40 a2=0x445cc0 desc=fffffff4 00000000 00000000 00000000 00000000 -> v0=0x00000001
[black-dbc] sceDbcCreateSocket a0=0x01fffd50 a1=0x585540 a2=0x5855c0 desc=00000003 00000001 00000001 00000000 00000000 -> v0=0x00000002
[black-fs] open "sound\streams\CredRoll.ssh" -> 0x00000000
[black-dbc] dbc_29ba58 a0=0x00000002 a1=0x100 a2=0x4001d0 a3=0x0 [a1]=00000000 00000000 00000000 00000000 ra=0029ccbc -> v0=0xfffffff4
[black-dbc] sceDbcDeleteSocket a0=0x00000002 a1=0x445d40 a2=0x445cc0 desc=fffffff4 00000000 00000000 00000000 00000000 -> v0=0x00000001
[black-fs] open "Export\FrontEnd\FEMain.bin" -> 0x0040eff0
[black-dbc] sceDbcCreateSocket a0=0x01fffd50 a1=0x585540 a2=0x5855c0 desc=00000003 00000001 00000001 00000000 00000000 -> v0=0x00000002
[black-fs] open "Export\FrontEnd\Common.bin" -> 0x0040eff0
[black-dbc] dbc_29ba58 a0=0x00000002 a1=0x100 a2=0x4001d0 a3=0x0 [a1]=00000000 00000000 00000000 00000000 ra=0029ccbc -> v0=0xfffffff4
[black-dbc] sceDbcDeleteSocket a0=0x00000002 a1=0x445d40 a2=0x445cc0 desc=fffffff4 00000000 00000000 00000000 00000000 -> v0=0x00000001
[black-fs] open "data/view.ico" -> 0x0040eff0
[black-dbc] sceDbcCreateSocket a0=0x01fffd50 a1=0x585540 a2=0x5855c0 desc=00000003 00000001 00000001 00000000 00000000 -> v0=0x00000002
[black-dbg] SndLoad.a? @0x280a38 a0=0x0065f600 a1=0x00661480 ra=0x001ef5d4 sp=0x01fffd20 | game=0x0049c000 state=1 cur=0x004bc210 pend=0x004bc220
[black-dbg]   enter SndLoad.a? s0=0xffffffff s1=0x006614f0
[black-dbg]   ctor slots: s0=00000000_00410000 s1=00000000_00410000 s4=00000000_00000000 ra=00000001
[black-dbg]   leave SndLoad.a? pc=0x001ef5d4 (ra_in=0x001ef5d4) s0=0xffffffff (in 0xffffffff) sp=0x01fffd20 (in 0x01fffd20) v0=0x00000001 stack[s0 slot?]
[black-dbc] dbc_29ba58 a0=0x00000002 a1=0x100 a2=0x4001d0 a3=0x0 [a1]=00000000 00000000 00000000 00000000 ra=0029ccbc -> v0=0xfffffff4
[black-dbc] sceDbcDeleteSocket a0=0x00000002 a1=0x445d40 a2=0x445cc0 desc=fffffff4 00000000 00000000 00000000 00000000 -> v0=0x00000001
[black-dbc] sceDbcCreateSocket a0=0x01fffd50 a1=0x585540 a2=0x5855c0 desc=00000003 00000001 00000001 00000000 00000000 -> v0=0x00000002
[black-dbc] dbc_29ba58 a0=0x00000002 a1=0x100 a2=0x4001d0 a3=0x0 [a1]=00000000 00000000 00000000 00000000 ra=0029ccbc -> v0=0xfffffff4
[black-dbc] sceDbcDeleteSocket a0=0x00000002 a1=0x445d40 a2=0x445cc0 desc=fffffff4 00000000 00000000 00000000 00000000 -> v0=0x00000001
[black-dbc] sceDbcCreateSocket a0=0x01fffd50 a1=0x585540 a2=0x5855c0 desc=00000003 00000001 00000001 00000000 00000000 -> v0=0x00000002
[black-dbc] dbc_29ba58 a0=0x00000002 a1=0x100 a2=0x4001d0 a3=0x0 [a1]=00000000 00000000 00000000 00000000 ra=0029ccbc -> v0=0xfffffff4
[black-dbc] sceDbcDeleteSocket a0=0x00000002 a1=0x445d40 a2=0x445cc0 desc=fffffff4 00000000 00000000 00000000 00000000 -> v0=0x00000001
[black-dbc] sceDbcCreateSocket a0=0x01fffd50 a1=0x585540 a2=0x5855c0 desc=00000003 00000001 00000001 00000000 00000000 -> v0=0x00000002
[black-dbc] dbc_29ba58 a0=0x00000002 a1=0x100 a2=0x4001d0 a3=0x0 [a1]=00000000 00000000 00000000 00000000 ra=0029ccbc -> v0=0xfffffff4
[black-dbc] sceDbcDeleteSocket a0=0x00000002 a1=0x445d40 a2=0x445cc0 desc=fffffff4 00000000 00000000 00000000 00000000 -> v0=0x00000001
[black-dbc] sceDbcCreateSocket a0=0x01fffd50 a1=0x585540 a2=0x5855c0 desc=00000003 00000001 00000001 00000000 00000000 -> v0=0x00000002
[black-dbc] dbc_29ba58 a0=0x00000002 a1=0x100 a2=0x4001d0 a3=0x0 [a1]=00000000 00000000 00000000 00000000 ra=0029ccbc -> v0=0xfffffff4
[black-dbc] sceDbcDeleteSocket a0=0x00000002 a1=0x445d40 a2=0x445cc0 desc=fffffff4 00000000 00000000 00000000 00000000 -> v0=0x00000001
[black-dbc] sceDbcCreateSocket a0=0x01fffd50 a1=0x585540 a2=0x5855c0 desc=00000003 00000001 00000001 00000000 00000000 -> v0=0x00000002
[black-dbc] dbc_29ba58 a0=0x00000002 a1=0x100 a2=0x4001d0 a3=0x0 [a1]=00000000 00000000 00000000 00000000 ra=0029ccbc -> v0=0xfffffff4
[black-dbc] sceDbcDeleteSocket a0=0x00000002 a1=0x445d40 a2=0x445cc0 desc=fffffff4 00000000 00000000 00000000 00000000 -> v0=0x00000001
[black-dbc] sceDbcCreateSocket a0=0x01fffd50 a1=0x585540 a2=0x5855c0 desc=00000003 00000001 00000001 00000000 00000000 -> v0=0x00000002
[black-dbc] dbc_29ba58 a0=0x00000002 a1=0x100 a2=0x4001d0 a3=0x0 [a1]=00000000 00000000 00000000 00000000 ra=0029ccbc -> v0=0xfffffff4
[black-dbc] sceDbcDeleteSocket a0=0x00000002 a1=0x445d40 a2=0x445cc0 desc=fffffff4 00000000 00000000 00000000 00000000 -> v0=0x00000001
[black-dbc] sceDbcCreateSocket a0=0x01fffd50 a1=0x585540 a2=0x5855c0 desc=00000003 00000001 00000001 00000000 00000000 -> v0=0x00000002
[black-dbc] dbc_29ba58 a0=0x00000002 a1=0x100 a2=0x4001d0 a3=0x0 [a1]=00000000 00000000 00000000 00000000 ra=0029ccbc -> v0=0xfffffff4
[black-dbc] sceDbcDeleteSocket a0=0x00000002 a1=0x445d40 a2=0x445cc0 desc=fffffff4 00000000 00000000 00000000 00000000 -> v0=0x00000001
[black-dbc] sceDbcCreateSocket a0=0x01fffd50 a1=0x585540 a2=0x5855c0 desc=00000003 00000001 00000001 00000000 00000000 -> v0=0x00000002
[black-dbc] dbc_29ba58 a0=0x00000002 a1=0x100 a2=0x4001d0 a3=0x0 [a1]=00000000 00000000 00000000 00000000 ra=0029ccbc -> v0=0xfffffff4
[black-dbc] sceDbcDeleteSocket a0=0x00000002 a1=0x445d40 a2=0x445cc0 desc=fffffff4 00000000 00000000 00000000 00000000 -> v0=0x00000001
[black-dbc] sceDbcCreateSocket a0=0x01fffd50 a1=0x585540 a2=0x5855c0 desc=00000003 00000001 00000001 00000000 00000000 -> v0=0x00000002
[black-dbc] dbc_29ba58 a0=0x00000002 a1=0x100 a2=0x4001d0 a3=0x0 [a1]=00000000 00000000 00000000 00000000 ra=0029ccbc -> v0=0xfffffff4
[black-dbc] sceDbcDeleteSocket a0=0x00000002 a1=0x445d40 a2=0x445cc0 desc=fffffff4 00000000 00000000 00000000 00000000 -> v0=0x00000001
[black-dbc] sceDbcCreateSocket a0=0x01fffd50 a1=0x585540 a2=0x5855c0 desc=00000003 00000001 00000001 00000000 00000000 -> v0=0x00000002
[black-dbc] dbc_29ba58 a0=0x00000002 a1=0x100 a2=0x4001d0 a3=0x0 [a1]=00000000 00000000 00000000 00000000 ra=0029ccbc -> v0=0xfffffff4
[black-dbc] sceDbcDeleteSocket a0=0x00000002 a1=0x445d40 a2=0x445cc0 desc=fffffff4 00000000 00000000 00000000 00000000 -> v0=0x00000001
[black-dbc] sceDbcCreateSocket a0=0x01fffd50 a1=0x585540 a2=0x5855c0 desc=00000003 00000001 00000001 00000000 00000000 -> v0=0x00000002
[black-dbc] dbc_29ba58 a0=0x00000002 a1=0x100 a2=0x4001d0 a3=0x0 [a1]=00000000 00000000 00000000 00000000 ra=0029ccbc -> v0=0xfffffff4
[black-dbc] sceDbcDeleteSocket a0=0x00000002 a1=0x445d40 a2=0x445cc0 desc=fffffff4 00000000 00000000 00000000 00000000 -> v0=0x00000001
[black-dbc] sceDbcCreateSocket a0=0x01fffd50 a1=0x585540 a2=0x5855c0 desc=00000003 00000001 00000001 00000000 00000000 -> v0=0x00000002
[black-dbc] dbc_29ba58 a0=0x00000002 a1=0x100 a2=0x4001d0 a3=0x0 [a1]=00000000 00000000 00000000 00000000 ra=0029ccbc -> v0=0xfffffff4
[black-dbc] sceDbcDeleteSocket a0=0x00000002 a1=0x445d40 a2=0x445cc0 desc=fffffff4 00000000 00000000 00000000 00000000 -> v0=0x00000001
[black-dbc] sceDbcCreateSocket a0=0x01fffd50 a1=0x585540 a2=0x5855c0 desc=00000003 00000001 00000001 00000000 00000000 -> v0=0x00000002
[black-fs] open "Sound\Streams\FEMusic.ssh" -> 0x0040eff0
[black-dbc] dbc_29ba58 a0=0x00000002 a1=0x100 a2=0x4001d0 a3=0x0 [a1]=00000000 00000000 00000000 00000000 ra=0029ccbc -> v0=0xfffffff4
[black-dbc] sceDbcDeleteSocket a0=0x00000002 a1=0x445d40 a2=0x445cc0 desc=fffffff4 00000000 00000000 00000000 00000000 -> v0=0x00000001
[black-dbc] sceDbcCreateSocket a0=0x01fffd50 a1=0x585540 a2=0x5855c0 desc=00000003 00000001 00000001 00000000 00000000 -> v0=0x00000002
[black-dbc] dbc_29ba58 a0=0x00000002 a1=0x100 a2=0x4001d0 a3=0x0 [a1]=00000000 00000000 00000000 00000000 ra=0029ccbc -> v0=0xfffffff4
[black-dbc] sceDbcDeleteSocket a0=0x00000002 a1=0x445d40 a2=0x445cc0 desc=fffffff4 00000000 00000000 00000000 00000000 -> v0=0x00000001
[black-dbc] sceDbcCreateSocket a0=0x01fffd50 a1=0x585540 a2=0x5855c0 desc=00000003 00000001 00000001 00000000 00000000 -> v0=0x00000002
[black-dbc] dbc_29ba58 a0=0x00000002 a1=0x100 a2=0x4001d0 a3=0x0 [a1]=00000000 00000000 00000000 00000000 ra=0029ccbc -> v0=0xfffffff4
[black-dbc] sceDbcDeleteSocket a0=0x00000002 a1=0x445d40 a2=0x445cc0 desc=fffffff4 00000000 00000000 00000000 00000000 -> v0=0x00000001
[black-dbc] sceDbcCreateSocket a0=0x01fffd50 a1=0x585540 a2=0x5855c0 desc=00000003 00000001 00000001 00000000 00000000 -> v0=0x00000002
[black-dbc] dbc_29ba58 a0=0x00000002 a1=0x100 a2=0x4001d0 a3=0x0 [a1]=00000000 00000000 00000000 00000000 ra=0029ccbc -> v0=0xfffffff4
[black-dbc] sceDbcDeleteSocket a0=0x00000002 a1=0x445d40 a2=0x445cc0 desc=fffffff4 00000000 00000000 00000000 00000000 -> v0=0x00000001
[black-dbc] sceDbcCreateSocket a0=0x01fffd50 a1=0x585540 a2=0x5855c0 desc=00000003 00000001 00000001 00000000 00000000 -> v0=0x00000002
[black-dbc] dbc_29ba58 a0=0x00000002 a1=0x100 a2=0x4001d0 a3=0x0 [a1]=00000000 00000000 00000000 00000000 ra=0029ccbc -> v0=0xfffffff4
[black-dbc] sceDbcDeleteSocket a0=0x00000002 a1=0x445d40 a2=0x445cc0 desc=fffffff4 00000000 00000000 00000000 00000000 -> v0=0x00000001
[black-dbc] sceDbcCreateSocket a0=0x01fffd50 a1=0x585540 a2=0x5855c0 desc=00000003 00000001 00000001 00000000 00000000 -> v0=0x00000002
[black-dbc] dbc_29ba58 a0=0x00000002 a1=0x100 a2=0x4001d0 a3=0x0 [a1]=00000000 00000000 00000000 00000000 ra=0029ccbc -> v0=0xfffffff4
[black-dbc] sceDbcDeleteSocket a0=0x00000002 a1=0x445d40 a2=0x445cc0 desc=fffffff4 00000000 00000000 00000000 00000000 -> v0=0x00000001
[black-dbc] sceDbcCreateSocket a0=0x01fffd50 a1=0x585540 a2=0x5855c0 desc=00000003 00000001 00000001 00000000 00000000 -> v0=0x00000002
[black-dbc] dbc_29ba58 a0=0x00000002 a1=0x100 a2=0x4001d0 a3=0x0 [a1]=00000000 00000000 00000000 00000000 ra=0029ccbc -> v0=0xfffffff4
[black-dbc] sceDbcDeleteSocket a0=0x00000002 a1=0x445d40 a2=0x445cc0 desc=fffffff4 00000000 00000000 00000000 00000000 -> v0=0x00000001
[black-dbc] sceDbcCreateSocket a0=0x01fffd50 a1=0x585540 a2=0x5855c0 desc=00000003 00000001 00000001 00000000 00000000 -> v0=0x00000002
[black-dbc] dbc_29ba58 a0=0x00000002 a1=0x100 a2=0x4001d0 a3=0x0 [a1]=00000000 00000000 00000000 00000000 ra=0029ccbc -> v0=0xfffffff4
[black-dbc] sceDbcDeleteSocket a0=0x00000002 a1=0x445d40 a2=0x445cc0 desc=fffffff4 00000000 00000000 00000000 00000000 -> v0=0x00000001
[black-dbc] sceDbcCreateSocket a0=0x01fffd50 a1=0x585540 a2=0x5855c0 desc=00000003 00000001 00000001 00000000 00000000 -> v0=0x00000002
[black-dbc] dbc_29ba58 a0=0x00000002 a1=0x100 a2=0x4001d0 a3=0x0 [a1]=00000000 00000000 00000000 00000000 ra=0029ccbc -> v0=0xfffffff4
[black-dbc] sceDbcDeleteSocket a0=0x00000002 a1=0x445d40 a2=0x445cc0 desc=fffffff4 00000000 00000000 00000000 00000000 -> v0=0x00000001
[black-dbc] mc2_356030 a0=0x01fffa40 a1=0x1fffa44 a2=0x0 a3=0x0 [a1]=00000000 00000000 00000000 0010b180 ra=0026f838 -> v0=0xffffffff
[black-dbc] dbc_29bbc8 a0=0x00000000 a1=0x5be400 a2=0x0 a3=0x0 [a1]=00000000 00000001 ffffffff 0184e458 ra=0035c2bc -> v0=0x00000003
[black-dbc] mc2_356058 a0=0x01fffa40 a1=0x1fffa44 a2=0x0 a3=0x0 [a1]=81010013 00000000 00000000 0010b1a0 ra=0026f84c -> v0=0x00000001
[black-dbc] mc2_356030 a0=0x01fffe70 a1=0x1fffe74 a2=0x1fffeb0 a3=0x0 [a1]=00000000 00000000 00000000 0010ec20 ra=0026f838 -> v0=0xffffffff
[black-dbc] dbc_29bbc8 a0=0x00000000 a1=0x5be400 a2=0x445cc0 a3=0x0 [a1]=00000000 00000001 ffffffff 0184e458 ra=0035c2bc -> v0=0x00000003
[black-state] t=4.9 g=4.3 upd=121 feState=28 fe+0x37a4=28 streamerBusy=0x0000 mode=0 cur=0x004bc220 pend=0x00000000 pendState=0
[black-dbcwork] 00000000 00000001 00000000 00000000 00000000 00000000 00000000 00000000 | 00000000 00000001 00000000 00000000
[black-mcrx] b00: 00000000 00000000 00000000 00000000 00000000 00000000 | b80: 00000000 00000000 00000000 00000000 00000000 00000000
[black-mc] obj=0x005bd980 +0=0 +4=28 +8=1 state=1 +10=1 +14=0 +18=0 +1c=0
[black-snd] upd=121 slotState=0x100 slotLoaded=1 req=0x01ca2210 reqState=0x1 stream=0 streamFlags=0x0
[black-state] mgr=0x00599200 obj=0x00656000 sub=0x00661400 vt=0x003e0740 isReady=0x001e9688 subState=25590784 slots: 0x001e9688 0x001e9908 0x001e9958 0x001e9660 0x001e9ac8 0x00000000 0x00000000 0x001e8b60 0x001e9150 0x001e9250
[black-gs] upd=121 pmode=0x8003 dispfb1=0x51400 display1=0x1bf27f00000000 dispfb2=0x80000051400 display2=0x1be27f00000000 smode2=0x0 vsync=258 nativeGif=0 nativeImg=0
[black-gs]   bitbltbuf dbp=0 dbw=0 dpsm=0x0 trxreg=0x0 trxdir=3 xfer 0/0
[black-gs]   hist=110 giftag=0 reg=0 draw=0 xfer=0 present=110 lastDrawFbp=0 verts=0 frame=104 | present 640x448 dispFbp=0 srcFbp=0 has=1
[black-gs]   frame 640x448 media=0.3 naoPretos=1903
[black-gs]   tex@2240 somaAmostra=7322746
[black-dbc] sceDbcCreateSocket a0=0x01fffd50 a1=0x585540 a2=0x5855c0 desc=00000003 00000001 00000001 00000000 00000000 -> v0=0x00000002
[black-dbg] FE:SetPage @0x20b678 a0=0x005b8c80 a1=0x005bc4a0 ra=0x0020b4f4 sp=0x01fffea0 | game=0x0049c000 state=0 cur=0x004bc220 pend=0x00000000
[black-fe] g=4.30 FE:SetPage a0="" a1="memcardmessage" a0+60="" a2=0x4 a3=0x9c929a93
[black-dbg]   enter FE:SetPage s0=0x005bc4c0 s1=0x00000000
[black-dbg]   ctor slots: s0=00000000_00410000 s1=00000000_00410000 s4=00000000_00000000 ra=00000001
[black-dbg]   leave FE:SetPage pc=0x0023a250 (ra_in=0x0020b4f4) s0=0x00000000 (in 0x005bc4c0) sp=0x01fffb00 (in 0x01fffea0) v0=0x00000000 stack[s0 slot?]
[black-dbc] mc2_356030 a0=0x01fffe70 a1=0x1fffe74 a2=0x1fffeb0 a3=0x30 [a1]=81010013 00000000 00000000 0010ec44 ra=0026f838 -> v0=0x00000001
[black-dbc] dbc_29ba58 a0=0x00000002 a1=0x100 a2=0x4001d0 a3=0x0 [a1]=00000000 00000000 00000000 00000000 ra=0029ccbc -> v0=0xfffffff4
[black-dbc] sceDbcDeleteSocket a0=0x00000002 a1=0x445d40 a2=0x445cc0 desc=fffffff4 00000000 00000000 00000000 00000000 -> v0=0x00000001
[black-dbg] Video::play @0x1094c0 a0=0x004bc26c a1=0x01fffea0 ra=0x001040ec sp=0x01fffe90 | game=0x0049c000 state=0 cur=0x004bc220 pend=0x00000000
[black-fe] g=4.34 Video::play a0="" a1="AK_N" a0+60="" a2=0xd a3=0x1
[black-dbg]   enter Video::play s0=0x003bc4dc s1=0x0040d998
[black-dbg]   ctor slots: s0=00000000_00410000 s1=00000000_00410000 s4=00000000_00000000 ra=00000001
[black-dbg]   leave Video::play pc=0x001040ec (ra_in=0x001040ec) s0=0x003bc4dc (in 0x003bc4dc) sp=0x01fffe90 (in 0x01fffe90) v0=0x00000001 stack[s0 slot?]
[black-fs] open "videos/AK_N.m2v" -> 0x0040eff0
[black-dbg] sceMpegCreate @0x293f60 a0=0x0071f070 a1=0x0071f180 ra=0x00271de4 sp=0x01fffd90 | game=0x0049c000 state=0 cur=0x004bc220 pend=0x00000000
[black-dbg]   enter sceMpegCreate s0=0x0071f0b8 s1=0x0071f000
[black-dbg]   ctor slots: s0=00000000_00410000 s1=00000000_00410000 s4=00000000_00000000 ra=00000001
[black-dbg]   leave sceMpegCreate pc=0x00271de4 (ra_in=0x00271de4) s0=0x0071f0b8 (in 0x0071f0b8) sp=0x01fffd90 (in 0x01fffd90) v0=0x0071f298 stack[s0 slot?]
[parallel-gs] primitives=8478 readbacks=240 scanout=640x448 smode1=0000000740804504
[black-dbc] sceDbcCreateSocket a0=0x01fffd50 a1=0x585540 a2=0x5855c0 desc=00000003 00000001 00000001 00000000 00000000 -> v0=0x00000002
[black-dbc] dbc_29ba58 a0=0x00000002 a1=0x100 a2=0x4001d0 a3=0x0 [a1]=00000000 00000000 00000000 00000000 ra=0029ccbc -> v0=0xfffffff4
[black-dbc] sceDbcDeleteSocket a0=0x00000002 a1=0x445d40 a2=0x445cc0 desc=fffffff4 00000000 00000000 00000000 00000000 -> v0=0x00000001
[black-dbc] sceDbcCreateSocket a0=0x01fffd50 a1=0x585540 a2=0x5855c0 desc=00000003 00000001 00000001 00000000 00000000 -> v0=0x00000002
[black-dbc] dbc_29ba58 a0=0x00000002 a1=0x100 a2=0x4001d0 a3=0x0 [a1]=00000000 00000000 00000000 00000000 ra=0029ccbc -> v0=0xfffffff4
[black-dbc] sceDbcDeleteSocket a0=0x00000002 a1=0x445d40 a2=0x445cc0 desc=fffffff4 00000000 00000000 00000000 00000000 -> v0=0x00000001
[black-dbc] sceDbcCreateSocket a0=0x01fffd50 a1=0x585540 a2=0x5855c0 desc=00000003 00000001 00000001 00000000 00000000 -> v0=0x00000002
[black-dbc] dbc_29ba58 a0=0x00000002 a1=0x100 a2=0x4001d0 a3=0x0 [a1]=00000000 00000000 00000000 00000000 ra=0029ccbc -> v0=0xfffffff4
[black-dbc] sceDbcDeleteSocket a0=0x00000002 a1=0x445d40 a2=0x445cc0 desc=fffffff4 00000000 00000000 00000000 00000000 -> v0=0x00000001
[black-dbc] sceDbcCreateSocket a0=0x01fffd50 a1=0x585540 a2=0x5855c0 desc=00000003 00000001 00000001 00000000 00000000 -> v0=0x00000002
[black-dbc] dbc_29ba58 a0=0x00000002 a1=0x100 a2=0x4001d0 a3=0x0 [a1]=00000000 00000000 00000000 00000000 ra=0029ccbc -> v0=0xfffffff4
[black-dbc] sceDbcDeleteSocket a0=0x00000002 a1=0x445d40 a2=0x445cc0 desc=fffffff4 00000000 00000000 00000000 00000000 -> v0=0x00000001
[black-dbc] sceDbcCreateSocket a0=0x01fffd50 a1=0x585540 a2=0x5855c0 desc=00000003 00000001 00000001 00000000 00000000 -> v0=0x00000002
[black-dbc] dbc_29ba58 a0=0x00000002 a1=0x100 a2=0x4001d0 a3=0x0 [a1]=00000000 00000000 00000000 00000000 ra=0029ccbc -> v0=0xfffffff4
[black-dbc] sceDbcDeleteSocket a0=0x00000002 a1=0x445d40 a2=0x445cc0 desc=fffffff4 00000000 00000000 00000000 00000000 -> v0=0x00000001
[black-dbg] sceMpegGetPicture @0x294ac8 a0=0x0071f070 a1=0x00973300 ra=0x00272074 sp=0x01fffe10 | game=0x0049c000 state=0 cur=0x004bc220 pend=0x00000000
[black-dbg]   enter sceMpegGetPicture s0=0x0071f000 s1=0x00000000
[black-dbg]   ctor slots: s0=00000000_00410000 s1=00000000_00410000 s4=00000000_00000000 ra=00000001
[black-dbc] sceDbcCreateSocket a0=0x01fffd50 a1=0x585540 a2=0x5855c0 desc=00000003 00000001 00000001 00000000 00000000 -> v0=0x00000002
[black-dbc] dbc_29ba58 a0=0x00000002 a1=0x100 a2=0x4001d0 a3=0x0 [a1]=00000000 00000000 00000000 00000000 ra=0029ccbc -> v0=0xfffffff4
[black-dbc] sceDbcDeleteSocket a0=0x00000002 a1=0x445d40 a2=0x445cc0 desc=fffffff4 00000000 00000000 00000000 00000000 -> v0=0x00000001
[black-dbc] sceDbcCreateSocket a0=0x01fffd50 a1=0x585540 a2=0x5855c0 desc=00000003 00000001 00000001 00000000 00000000 -> v0=0x00000002
[black-dbc] dbc_29ba58 a0=0x00000002 a1=0x100 a2=0x4001d0 a3=0x0 [a1]=00000000 00000000 00000000 00000000 ra=0029ccbc -> v0=0xfffffff4
[black-dbc] sceDbcDeleteSocket a0=0x00000002 a1=0x445d40 a2=0x445cc0 desc=fffffff4 00000000 00000000 00000000 00000000 -> v0=0x00000001
[black-dbc] sceDbcCreateSocket a0=0x01fffd50 a1=0x585540 a2=0x5855c0 desc=00000003 00000001 00000001 00000000 00000000 -> v0=0x00000002
[black-dbc] dbc_29ba58 a0=0x00000002 a1=0x100 a2=0x4001d0 a3=0x0 [a1]=00000000 00000000 00000000 00000000 ra=0029ccbc -> v0=0xfffffff4
[black-dbc] sceDbcDeleteSocket a0=0x00000002 a1=0x445d40 a2=0x445cc0 desc=fffffff4 00000000 00000000 00000000 00000000 -> v0=0x00000001
[black-dbc] sceDbcCreateSocket a0=0x01fffd50 a1=0x585540 a2=0x5855c0 desc=00000003 00000001 00000001 00000000 00000000 -> v0=0x00000002
[black-dbc] dbc_29ba58 a0=0x00000002 a1=0x100 a2=0x4001d0 a3=0x0 [a1]=00000000 00000000 00000000 00000000 ra=0029ccbc -> v0=0xfffffff4
[black-dbc] sceDbcDeleteSocket a0=0x00000002 a1=0x445d40 a2=0x445cc0 desc=fffffff4 00000000 00000000 00000000 00000000 -> v0=0x00000001
[black-dbc] sceDbcCreateSocket a0=0x01fffd50 a1=0x585540 a2=0x5855c0 desc=00000003 00000001 00000001 00000000 00000000 -> v0=0x00000002
[black-dbc] dbc_29ba58 a0=0x00000002 a1=0x100 a2=0x4001d0 a3=0x0 [a1]=00000000 00000000 00000000 00000000 ra=0029ccbc -> v0=0xfffffff4
[black-dbc] sceDbcDeleteSocket a0=0x00000002 a1=0x445d40 a2=0x445cc0 desc=fffffff4 00000000 00000000 00000000 00000000 -> v0=0x00000001
[black-dbc] sceDbcCreateSocket a0=0x01fffd50 a1=0x585540 a2=0x5855c0 desc=00000003 00000001 00000001 00000000 00000000 -> v0=0x00000002
[black-dbc] dbc_29ba58 a0=0x00000002 a1=0x100 a2=0x4001d0 a3=0x0 [a1]=00000000 00000000 00000000 00000000 ra=0029ccbc -> v0=0xfffffff4
[black-dbc] sceDbcDeleteSocket a0=0x00000002 a1=0x445d40 a2=0x445cc0 desc=fffffff4 00000000 00000000 00000000 00000000 -> v0=0x00000001
[black-dbc] sceDbcCreateSocket a0=0x01fffd50 a1=0x585540 a2=0x5855c0 desc=00000003 00000001 00000001 00000000 00000000 -> v0=0x00000002
[black-dbc] dbc_29ba58 a0=0x00000002 a1=0x100 a2=0x4001d0 a3=0x0 [a1]=00000000 00000000 00000000 00000000 ra=0029ccbc -> v0=0xfffffff4
[black-dbc] sceDbcDeleteSocket a0=0x00000002 a1=0x445d40 a2=0x445cc0 desc=fffffff4 00000000 00000000 00000000 00000000 -> v0=0x00000001
[black-dbc] sceDbcCreateSocket a0=0x01fffd50 a1=0x585540 a2=0x5855c0 desc=00000003 00000001 00000001 00000000 00000000 -> v0=0x00000002
[black-dbc] dbc_29ba58 a0=0x00000002 a1=0x100 a2=0x4001d0 a3=0x0 [a1]=00000000 00000000 00000000 00000000 ra=0029ccbc -> v0=0xfffffff4
[black-dbc] sceDbcDeleteSocket a0=0x00000002 a1=0x445d40 a2=0x445cc0 desc=fffffff4 00000000 00000000 00000000 00000000 -> v0=0x00000001
[black-dbc] sceDbcCreateSocket a0=0x01fffd50 a1=0x585540 a2=0x5855c0 desc=00000003 00000001 00000001 00000000 00000000 -> v0=0x00000002
[black-dbc] dbc_29ba58 a0=0x00000002 a1=0x100 a2=0x4001d0 a3=0x0 [a1]=00000000 00000000 00000000 00000000 ra=0029ccbc -> v0=0xfffffff4
[black-dbc] sceDbcDeleteSocket a0=0x00000002 a1=0x445d40 a2=0x445cc0 desc=fffffff4 00000000 00000000 00000000 00000000 -> v0=0x00000001
[black-dbc] sceDbcCreateSocket a0=0x01fffd50 a1=0x585540 a2=0x5855c0 desc=00000003 00000001 00000001 00000000 00000000 -> v0=0x00000002
[black-dbc] dbc_29ba58 a0=0x00000002 a1=0x100 a2=0x4001d0 a3=0x0 [a1]=00000000 00000000 00000000 00000000 ra=0029ccbc -> v0=0xfffffff4
[black-dbc] sceDbcDeleteSocket a0=0x00000002 a1=0x445d40 a2=0x445cc0 desc=fffffff4 00000000 00000000 00000000 00000000 -> v0=0x00000001
[black-dbc] sceDbcCreateSocket a0=0x01fffd50 a1=0x585540 a2=0x5855c0 desc=00000003 00000001 00000001 00000000 00000000 -> v0=0x00000002
[black-dbc] dbc_29ba58 a0=0x00000002 a1=0x100 a2=0x4001d0 a3=0x0 [a1]=00000000 00000000 00000000 00000000 ra=0029ccbc -> v0=0xfffffff4
[black-dbc] sceDbcDeleteSocket a0=0x00000002 a1=0x445d40 a2=0x445cc0 desc=fffffff4 00000000 00000000 00000000 00000000 -> v0=0x00000001
[black-dbc] sceDbcCreateSocket a0=0x01fffd50 a1=0x585540 a2=0x5855c0 desc=00000003 00000001 00000001 00000000 00000000 -> v0=0x00000000
[black-dbc] dbc_29ba58 a0=0x00000002 a1=0x100 a2=0x4001d0 a3=0x0 [a1]=00000000 00000000 00000000 00000000 ra=0029ccbc -> v0=0xfffffff4
[black-dbc] sceDbcDeleteSocket a0=0x00000002 a1=0x445d40 a2=0x445cc0 desc=fffffff4 00000000 00000000 00000000 00000000 -> v0=0x00000001
[black-dbc] sceDbcCreateSocket a0=0x01fffd50 a1=0x585540 a2=0x5855c0 desc=00000003 00000001 00000001 00000000 00000000 -> v0=0x00000002
[black-dbc] dbc_29ba58 a0=0x00000002 a1=0x100 a2=0x4001d0 a3=0x0 [a1]=00000000 00000000 00000000 00000000 ra=0029ccbc -> v0=0xfffffff4
[black-dbc] sceDbcDeleteSocket a0=0x00000002 a1=0x445d40 a2=0x445cc0 desc=fffffff4 00000000 00000000 00000000 00000000 -> v0=0x00000001
[black-dbc] sceDbcCreateSocket a0=0x01fffd50 a1=0x585540 a2=0x5855c0 desc=00000003 00000001 00000001 00000000 00000000 -> v0=0x00000002
[black-dbc] dbc_29ba58 a0=0x00000002 a1=0x100 a2=0x4001d0 a3=0x0 [a1]=00000000 00000000 00000000 00000000 ra=0029ccbc -> v0=0xfffffff4
[black-dbc] sceDbcDeleteSocket a0=0x00000002 a1=0x445d40 a2=0x445cc0 desc=fffffff4 00000000 00000000 00000000 00000000 -> v0=0x00000001
[black-dbc] sceDbcCreateSocket a0=0x01fffd50 a1=0x585540 a2=0x5855c0 desc=00000003 00000001 00000001 00000000 00000000 -> v0=0x00000002
[black-dbc] dbc_29ba58 a0=0x00000002 a1=0x100 a2=0x4001d0 a3=0x0 [a1]=00000000 00000000 00000000 00000000 ra=0029ccbc -> v0=0xfffffff4
[black-dbc] sceDbcDeleteSocket a0=0x00000002 a1=0x445d40 a2=0x445cc0 desc=fffffff4 00000000 00000000 00000000 00000000 -> v0=0x00000001
[black-dbc] sceDbcCreateSocket a0=0x01fffd50 a1=0x585540 a2=0x5855c0 desc=00000003 00000001 00000001 00000000 00000000 -> v0=0x00000002
[black-dbc] dbc_29ba58 a0=0x00000002 a1=0x100 a2=0x4001d0 a3=0x0 [a1]=00000000 00000000 00000000 00000000 ra=0029ccbc -> v0=0xfffffff4
[black-dbc] sceDbcDeleteSocket a0=0x00000002 a1=0x445d40 a2=0x445cc0 desc=fffffff4 00000000 00000000 00000000 00000000 -> v0=0x00000001
[black-dbc] sceDbcCreateSocket a0=0x01fffd50 a1=0x585540 a2=0x5855c0 desc=00000003 00000001 00000001 00000000 00000000 -> v0=0x00000002
[black-dbc] dbc_29ba58 a0=0x00000002 a1=0x100 a2=0x4001d0 a3=0x0 [a1]=00000000 00000000 00000000 00000000 ra=0029ccbc -> v0=0xfffffff4
[black-dbc] sceDbcDeleteSocket a0=0x00000002 a1=0x445d40 a2=0x445cc0 desc=fffffff4 00000000 00000000 00000000 00000000 -> v0=0x00000001
[black-dbc] sceDbcCreateSocket a0=0x01fffd50 a1=0x585540 a2=0x5855c0 desc=00000003 00000001 00000001 00000000 00000000 -> v0=0x00000002
[black-dbc] dbc_29ba58 a0=0x00000002 a1=0x100 a2=0x4001d0 a3=0x0 [a1]=00000000 00000000 00000000 00000000 ra=0029ccbc -> v0=0xfffffff4
[black-dbc] sceDbcDeleteSocket a0=0x00000002 a1=0x445d40 a2=0x445cc0 desc=fffffff4 00000000 00000000 00000000 00000000 -> v0=0x00000001
[black-dbc] sceDbcCreateSocket a0=0x01fffd50 a1=0x585540 a2=0x5855c0 desc=00000003 00000001 00000001 00000000 00000000 -> v0=0x00000002
[black-dbc] dbc_29ba58 a0=0x00000002 a1=0x100 a2=0x4001d0 a3=0x0 [a1]=00000000 00000000 00000000 00000000 ra=0029ccbc -> v0=0xfffffff4
[black-dbc] sceDbcDeleteSocket a0=0x00000002 a1=0x445d40 a2=0x445cc0 desc=fffffff4 00000000 00000000 00000000 00000000 -> v0=0x00000001
[black-dbc] sceDbcCreateSocket a0=0x01fffd50 a1=0x585540 a2=0x5855c0 desc=00000003 00000001 00000001 00000000 00000000 -> v0=0x00000002
[black-dbc] dbc_29ba58 a0=0x00000002 a1=0x100 a2=0x4001d0 a3=0x0 [a1]=00000000 00000000 00000000 00000000 ra=0029ccbc -> v0=0xfffffff4
[black-dbc] sceDbcDeleteSocket a0=0x00000002 a1=0x445d40 a2=0x445cc0 desc=fffffff4 00000000 00000000 00000000 00000000 -> v0=0x00000001
[black-dbc] sceDbcCreateSocket a0=0x01fffd50 a1=0x585540 a2=0x5855c0 desc=00000003 00000001 00000001 00000000 00000000 -> v0=0x00000002
[black-dbc] dbc_29ba58 a0=0x00000002 a1=0x100 a2=0x4001d0 a3=0x0 [a1]=00000000 00000000 00000000 00000000 ra=0029ccbc -> v0=0xfffffff4
[black-dbc] sceDbcDeleteSocket a0=0x00000002 a1=0x445d40 a2=0x445cc0 desc=fffffff4 00000000 00000000 00000000 00000000 -> v0=0x00000001
[black-dbc] sceDbcCreateSocket a0=0x01fffd50 a1=0x585540 a2=0x5855c0 desc=00000003 00000001 00000001 00000000 00000000 -> v0=0x00000002
[black-dbc] dbc_29ba58 a0=0x00000002 a1=0x100 a2=0x4001d0 a3=0x0 [a1]=00000000 00000000 00000000 00000000 ra=0029ccbc -> v0=0xfffffff4
[black-dbc] sceDbcDeleteSocket a0=0x00000002 a1=0x445d40 a2=0x445cc0 desc=fffffff4 00000000 00000000 00000000 00000000 -> v0=0x00000001
[black-dbc] sceDbcCreateSocket a0=0x01fffd50 a1=0x585540 a2=0x5855c0 desc=00000003 00000001 00000001 00000000 00000000 -> v0=0x00000002
[black-dbc] dbc_29ba58 a0=0x00000002 a1=0x100 a2=0x4001d0 a3=0x0 [a1]=00000000 00000000 00000000 00000000 ra=0029ccbc -> v0=0xfffffff4
[black-dbc] sceDbcDeleteSocket a0=0x00000002 a1=0x445d40 a2=0x445cc0 desc=fffffff4 00000000 00000000 00000000 00000000 -> v0=0x00000001
[black-dbc] sceDbcCreateSocket a0=0x01fffd50 a1=0x585540 a2=0x5855c0 desc=00000003 00000001 00000001 00000000 00000000 -> v0=0x00000002
[black-dbc] dbc_29ba58 a0=0x00000002 a1=0x100 a2=0x4001d0 a3=0x0 [a1]=00000000 00000000 00000000 00000000 ra=0029ccbc -> v0=0xfffffff4
[black-dbc] sceDbcDeleteSocket a0=0x00000002 a1=0x445d40 a2=0x445cc0 desc=fffffff4 00000000 00000000 00000000 00000000 -> v0=0x00000001
[black-state] t=6.9 g=6.3 upd=181 feState=28 fe+0x37a4=28 streamerBusy=0x0000 mode=0 cur=0x004bc220 pend=0x00000000 pendState=0
[black-dbcwork] 00000000 00000001 00000000 00000000 00000000 00000000 00000000 00000000 | 00000000 00000001 00000000 00000000
[black-mcrx] b00: 00000000 00000000 00000000 00000000 00000000 00000000 | b80: 00000000 00000000 00000000 00000000 00000000 00000000
[black-mc] obj=0x005bd980 +0=0 +4=28 +8=1 state=1 +10=1 +14=0 +18=0 +1c=0
[black-snd] upd=181 slotState=0x100 slotLoaded=1 req=0x01ca2210 reqState=0x1 stream=0 streamFlags=0x0
[black-gs] upd=181 pmode=0x8003 dispfb1=0x51400 display1=0x1bf27f00000000 dispfb2=0x80000051400 display2=0x1be27f00000000 smode2=0x0 vsync=378 nativeGif=0 nativeImg=0
[black-gs]   bitbltbuf dbp=0 dbw=0 dpsm=0x0 trxreg=0x0 trxdir=3 xfer 0/0
[black-gs]   hist=116 giftag=0 reg=0 draw=0 xfer=0 present=116 lastDrawFbp=0 verts=0 frame=101 | present 640x448 dispFbp=0 srcFbp=0 has=1
[black-gs]   frame 640x448 media=24.4 naoPretos=225294
[black-gs]   tex@2240 somaAmostra=284223840
[black-dbc] sceDbcCreateSocket a0=0x01fffd50 a1=0x585540 a2=0x5855c0 desc=00000003 00000001 00000001 00000000 00000000 -> v0=0x00000002
[black-dbc] dbc_29ba58 a0=0x00000002 a1=0x100 a2=0x4001d0 a3=0x0 [a1]=00000000 00000000 00000000 00000000 ra=0029ccbc -> v0=0xfffffff4
[black-dbc] sceDbcDeleteSocket a0=0x00000002 a1=0x445d40 a2=0x445cc0 desc=fffffff4 00000000 00000000 00000000 00000000 -> v0=0x00000001
[black-dbc] sceDbcCreateSocket a0=0x01fffd50 a1=0x585540 a2=0x5855c0 desc=00000003 00000001 00000001 00000000 00000000 -> v0=0x00000002
[black-dbc] dbc_29ba58 a0=0x00000002 a1=0x100 a2=0x4001d0 a3=0x0 [a1]=00000000 00000000 00000000 00000000 ra=0029ccbc -> v0=0xfffffff4
[black-dbc] sceDbcDeleteSocket a0=0x00000002 a1=0x445d40 a2=0x445cc0 desc=fffffff4 00000000 00000000 00000000 00000000 -> v0=0x00000001
[parallel-gs] primitives=35422 readbacks=360 scanout=640x448 smode1=0000000740804504
[black-dbc] sceDbcCreateSocket a0=0x01fffd50 a1=0x585540 a2=0x5855c0 desc=00000003 00000001 00000001 00000000 00000000 -> v0=0x00000002
[black-dbc] dbc_29ba58 a0=0x00000002 a1=0x100 a2=0x4001d0 a3=0x0 [a1]=00000000 00000000 00000000 00000000 ra=0029ccbc -> v0=0xfffffff4
[black-dbc] sceDbcDeleteSocket a0=0x00000002 a1=0x445d40 a2=0x445cc0 desc=fffffff4 00000000 00000000 00000000 00000000 -> v0=0x00000001
[black-dbc] sceDbcCreateSocket a0=0x01fffd50 a1=0x585540 a2=0x5855c0 desc=00000003 00000001 00000001 00000000 00000000 -> v0=0x00000002
[black-dbc] dbc_29ba58 a0=0x00000002 a1=0x100 a2=0x4001d0 a3=0x0 [a1]=00000000 00000000 00000000 00000000 ra=0029ccbc -> v0=0xfffffff4
[black-dbc] sceDbcDeleteSocket a0=0x00000002 a1=0x445d40 a2=0x445cc0 desc=fffffff4 00000000 00000000 00000000 00000000 -> v0=0x00000001
[black-dbc] sceDbcCreateSocket a0=0x01fffd50 a1=0x585540 a2=0x5855c0 desc=00000003 00000001 00000001 00000000 00000000 -> v0=0x00000002
[black-dbc] dbc_29ba58 a0=0x00000002 a1=0x100 a2=0x4001d0 a3=0x0 [a1]=00000000 00000000 00000000 00000000 ra=0029ccbc -> v0=0xfffffff4
[black-dbc] sceDbcDeleteSocket a0=0x00000002 a1=0x445d40 a2=0x445cc0 desc=fffffff4 00000000 00000000 00000000 00000000 -> v0=0x00000001
[black-dbc] sceDbcCreateSocket a0=0x01fffd50 a1=0x585540 a2=0x5855c0 desc=00000003 00000001 00000001 00000000 00000000 -> v0=0x00000002
[black-dbc] dbc_29ba58 a0=0x00000002 a1=0x100 a2=0x4001d0 a3=0x0 [a1]=00000000 00000000 00000000 00000000 ra=0029ccbc -> v0=0xfffffff4
[black-dbc] sceDbcDeleteSocket a0=0x00000002 a1=0x445d40 a2=0x445cc0 desc=fffffff4 00000000 00000000 00000000 00000000 -> v0=0x00000001
[black-dbc] sceDbcCreateSocket a0=0x01fffd50 a1=0x585540 a2=0x5855c0 desc=00000003 00000001 00000001 00000000 00000000 -> v0=0x00000002
[black-dbc] dbc_29ba58 a0=0x00000002 a1=0x100 a2=0x4001d0 a3=0x0 [a1]=00000000 00000000 00000000 00000000 ra=0029ccbc -> v0=0xfffffff4
[black-dbc] sceDbcDeleteSocket a0=0x00000002 a1=0x445d40 a2=0x445cc0 desc=fffffff4 00000000 00000000 00000000 00000000 -> v0=0x00000001
[black-dbc] sceDbcCreateSocket a0=0x01fffd50 a1=0x585540 a2=0x5855c0 desc=00000003 00000001 00000001 00000000 00000000 -> v0=0x00000002
[black-dbc] dbc_29ba58 a0=0x00000002 a1=0x100 a2=0x4001d0 a3=0x0 [a1]=00000000 00000000 00000000 00000000 ra=0029ccbc -> v0=0xfffffff4
[black-dbc] sceDbcDeleteSocket a0=0x00000002 a1=0x445d40 a2=0x445cc0 desc=fffffff4 00000000 00000000 00000000 00000000 -> v0=0x00000001
[black-dbc] sceDbcCreateSocket a0=0x01fffd50 a1=0x585540 a2=0x5855c0 desc=00000003 00000001 00000001 00000000 00000000 -> v0=0x00000000
[black-dbc] dbc_29ba58 a0=0x00000002 a1=0x100 a2=0x4001d0 a3=0x0 [a1]=00000000 00000000 00000000 00000000 ra=0029ccbc -> v0=0xfffffff4
[black-dbc] sceDbcDeleteSocket a0=0x00000002 a1=0x445d40 a2=0x445cc0 desc=fffffff4 00000000 00000000 00000000 00000000 -> v0=0x00000001
[black-dbc] sceDbcCreateSocket a0=0x01fffd50 a1=0x585540 a2=0x5855c0 desc=00000003 00000001 00000001 00000000 00000000 -> v0=0x00000002
[black-dbc] dbc_29ba58 a0=0x00000002 a1=0x100 a2=0x4001d0 a3=0x0 [a1]=00000000 00000000 00000000 00000000 ra=0029ccbc -> v0=0xfffffff4
[black-dbc] sceDbcDeleteSocket a0=0x00000002 a1=0x445d40 a2=0x445cc0 desc=fffffff4 00000000 00000000 00000000 00000000 -> v0=0x00000001
[black-dbc] sceDbcCreateSocket a0=0x01fffd50 a1=0x585540 a2=0x5855c0 desc=00000003 00000001 00000001 00000000 00000000 -> v0=0x00000002
[black-dbc] dbc_29ba58 a0=0x00000002 a1=0x100 a2=0x4001d0 a3=0x0 [a1]=00000000 00000000 00000000 00000000 ra=0029ccbc -> v0=0xfffffff4
[black-dbc] sceDbcDeleteSocket a0=0x00000002 a1=0x445d40 a2=0x445cc0 desc=fffffff4 00000000 00000000 00000000 00000000 -> v0=0x00000001
[black-dbc] sceDbcCreateSocket a0=0x01fffd50 a1=0x585540 a2=0x5855c0 desc=00000003 00000001 00000001 00000000 00000000 -> v0=0x00000002
[black-dbc] dbc_29ba58 a0=0x00000002 a1=0x100 a2=0x4001d0 a3=0x0 [a1]=00000000 00000000 00000000 00000000 ra=0029ccbc -> v0=0xfffffff4
[black-dbc] sceDbcDeleteSocket a0=0x00000002 a1=0x445d40 a2=0x445cc0 desc=fffffff4 00000000 00000000 00000000 00000000 -> v0=0x00000001
[black-dbc] sceDbcCreateSocket a0=0x01fffd50 a1=0x585540 a2=0x5855c0 desc=00000003 00000001 00000001 00000000 00000000 -> v0=0x00000002
[black-dbc] dbc_29ba58 a0=0x00000002 a1=0x100 a2=0x4001d0 a3=0x0 [a1]=00000000 00000000 00000000 00000000 ra=0029ccbc -> v0=0xfffffff4
[black-dbc] sceDbcDeleteSocket a0=0x00000002 a1=0x445d40 a2=0x445cc0 desc=fffffff4 00000000 00000000 00000000 00000000 -> v0=0x00000001
[black-dbc] sceDbcCreateSocket a0=0x01fffd50 a1=0x585540 a2=0x5855c0 desc=00000003 00000001 00000001 00000000 00000000 -> v0=0x00000002
[black-dbc] dbc_29ba58 a0=0x00000002 a1=0x100 a2=0x4001d0 a3=0x0 [a1]=00000000 00000000 00000000 00000000 ra=0029ccbc -> v0=0xfffffff4
[black-dbc] sceDbcDeleteSocket a0=0x00000002 a1=0x445d40 a2=0x445cc0 desc=fffffff4 00000000 00000000 00000000 00000000 -> v0=0x00000001
[black-dbc] sceDbcCreateSocket a0=0x01fffd50 a1=0x585540 a2=0x5855c0 desc=00000003 00000001 00000001 00000000 00000000 -> v0=0x00000002
[black-dbc] dbc_29ba58 a0=0x00000002 a1=0x100 a2=0x4001d0 a3=0x0 [a1]=00000000 00000000 00000000 00000000 ra=0029ccbc -> v0=0xfffffff4
[black-dbc] sceDbcDeleteSocket a0=0x00000002 a1=0x445d40 a2=0x445cc0 desc=fffffff4 00000000 00000000 00000000 00000000 -> v0=0x00000001
[black-dbc] sceDbcCreateSocket a0=0x01fffd50 a1=0x585540 a2=0x5855c0 desc=00000003 00000001 00000001 00000000 00000000 -> v0=0x00000002
[black-dbc] dbc_29ba58 a0=0x00000002 a1=0x100 a2=0x4001d0 a3=0x0 [a1]=00000000 00000000 00000000 00000000 ra=0029ccbc -> v0=0xfffffff4
[black-dbc] sceDbcDeleteSocket a0=0x00000002 a1=0x445d40 a2=0x445cc0 desc=fffffff4 00000000 00000000 00000000 00000000 -> v0=0x00000001
[black-dbc] sceDbcCreateSocket a0=0x01fffd50 a1=0x585540 a2=0x5855c0 desc=00000003 00000001 00000001 00000000 00000000 -> v0=0x00000002
[black-dbc] dbc_29ba58 a0=0x00000002 a1=0x100 a2=0x4001d0 a3=0x0 [a1]=00000000 00000000 00000000 00000000 ra=0029ccbc -> v0=0xfffffff4
[black-dbc] sceDbcDeleteSocket a0=0x00000002 a1=0x445d40 a2=0x445cc0 desc=fffffff4 00000000 00000000 00000000 00000000 -> v0=0x00000001
[black-dbc] sceDbcCreateSocket a0=0x01fffd50 a1=0x585540 a2=0x5855c0 desc=00000003 00000001 00000001 00000000 00000000 -> v0=0x00000002
[black-dbc] dbc_29ba58 a0=0x00000002 a1=0x100 a2=0x4001d0 a3=0x0 [a1]=00000000 00000000 00000000 00000000 ra=0029ccbc -> v0=0xfffffff4
[black-dbc] sceDbcDeleteSocket a0=0x00000002 a1=0x445d40 a2=0x445cc0 desc=fffffff4 00000000 00000000 00000000 00000000 -> v0=0x00000001
[black-dbc] sceDbcCreateSocket a0=0x01fffd50 a1=0x585540 a2=0x5855c0 desc=00000003 00000001 00000001 00000000 00000000 -> v0=0x00000002
[black-dbc] dbc_29ba58 a0=0x00000002 a1=0x100 a2=0x4001d0 a3=0x0 [a1]=00000000 00000000 00000000 00000000 ra=0029ccbc -> v0=0xfffffff4
[black-dbc] sceDbcDeleteSocket a0=0x00000002 a1=0x445d40 a2=0x445cc0 desc=fffffff4 00000000 00000000 00000000 00000000 -> v0=0x00000001
[black-dbc] sceDbcCreateSocket a0=0x01fffd50 a1=0x585540 a2=0x5855c0 desc=00000003 00000001 00000001 00000000 00000000 -> v0=0x00000002
[black-dbc] mc2_356030 a0=0x01fffa60 a1=0x1fffa64 a2=0x1fffaa0 a3=0x30 [a1]=00000000 00000000 00000000 0010b908 ra=0026f838 -> v0=0xffffffff
[black-dbc] dbc_29bbc8 a0=0x00000000 a1=0x5be400 a2=0x445cc0 a3=0x0 [a1]=00000000 00000001 ffffffff 0184e458 ra=0035c2bc -> v0=0x00000003
[black-dbc] dbc_29ba58 a0=0x00000002 a1=0x100 a2=0x4001d0 a3=0x0 [a1]=00000000 00000000 00000000 00000000 ra=0029ccbc -> v0=0xfffffff4
[black-dbc] sceDbcDeleteSocket a0=0x00000002 a1=0x445d40 a2=0x445cc0 desc=fffffff4 00000000 00000000 00000000 00000000 -> v0=0x00000001
[black-dbc] mc2_356030 a0=0x01fffa60 a1=0x1fffa64 a2=0x1fffaa0 a3=0x30 [a1]=81010013 00000000 00000000 0010b908 ra=0026f838 -> v0=0x00000001
[black-dbc] sceDbcCreateSocket a0=0x01fffd50 a1=0x585540 a2=0x5855c0 desc=00000003 00000001 00000001 00000000 00000000 -> v0=0x00000002
[black-dbc] mc2_356030 a0=0x01fffa60 a1=0x1fffa64 a2=0x1fffaa0 a3=0x30 [a1]=00000000 00000000 00000000 0010b908 ra=0026f838 -> v0=0xffffffff
[black-dbc] dbc_29bbc8 a0=0x00000000 a1=0x5be400 a2=0x445cc0 a3=0x0 [a1]=00000000 00000001 ffffffff 0184e458 ra=0035c2bc -> v0=0x00000003
[black-dbc] dbc_29ba58 a0=0x00000002 a1=0x100 a2=0x4001d0 a3=0x0 [a1]=00000000 00000000 00000000 00000000 ra=0029ccbc -> v0=0xfffffff4
[black-dbc] sceDbcDeleteSocket a0=0x00000002 a1=0x445d40 a2=0x445cc0 desc=fffffff4 00000000 00000000 00000000 00000000 -> v0=0x00000001
[black-dbc] mc2_356030 a0=0x01fffa60 a1=0x1fffa64 a2=0x1fffaa0 a3=0x30 [a1]=81010013 00000000 00000000 0010b908 ra=0026f838 -> v0=0x00000001
[black-dbc] sceDbcCreateSocket a0=0x01fffd50 a1=0x585540 a2=0x5855c0 desc=00000003 00000001 00000001 00000000 00000000 -> v0=0x00000002
[black-dbc] mc2_356030 a0=0x01fffa60 a1=0x1fffa64 a2=0x1fffaa0 a3=0x30 [a1]=00000000 00000000 00000000 0010b908 ra=0026f838 -> v0=0xffffffff
[black-dbc] dbc_29bbc8 a0=0x00000000 a1=0x5be400 a2=0x445cc0 a3=0x0 [a1]=00000000 00000001 ffffffff 0184e458 ra=0035c2bc -> v0=0x00000003
[black-dbc] dbc_29ba58 a0=0x00000002 a1=0x100 a2=0x4001d0 a3=0x0 [a1]=00000000 00000000 00000000 00000000 ra=0029ccbc -> v0=0xfffffff4
[black-dbc] sceDbcDeleteSocket a0=0x00000002 a1=0x445d40 a2=0x445cc0 desc=fffffff4 00000000 00000000 00000000 00000000 -> v0=0x00000001
[black-dbc] mc2_356030 a0=0x01fffa60 a1=0x1fffa64 a2=0x1fffaa0 a3=0x30 [a1]=81010013 00000000 00000000 0010b908 ra=0026f838 -> v0=0x00000001
[black-dbc] sceDbcCreateSocket a0=0x01fffd50 a1=0x585540 a2=0x5855c0 desc=00000003 00000001 00000001 00000000 00000000 -> v0=0x00000002
[black-dbc] mc2_356030 a0=0x01fffa60 a1=0x1fffa64 a2=0x1fffaa0 a3=0x30 [a1]=00000000 00000000 00000000 0010b908 ra=0026f838 -> v0=0xffffffff
[black-dbc] dbc_29bbc8 a0=0x00000000 a1=0x5be400 a2=0x445cc0 a3=0x0 [a1]=00000000 00000001 ffffffff 0184e458 ra=0035c2bc -> v0=0x00000003
[black-dbc] dbc_29ba58 a0=0x00000002 a1=0x100 a2=0x4001d0 a3=0x0 [a1]=00000000 00000000 00000000 00000000 ra=0029ccbc -> v0=0xfffffff4
[black-dbc] sceDbcDeleteSocket a0=0x00000002 a1=0x445d40 a2=0x445cc0 desc=fffffff4 00000000 00000000 00000000 00000000 -> v0=0x00000001
[black-dbc] mc2_356030 a0=0x01fffa60 a1=0x1fffa64 a2=0x1fffaa0 a3=0x30 [a1]=81010013 00000000 00000000 0010b908 ra=0026f838 -> v0=0x00000001
[black-dbc] sceDbcCreateSocket a0=0x01fffd50 a1=0x585540 a2=0x5855c0 desc=00000003 00000001 00000001 00000000 00000000 -> v0=0x00000002
[black-dbc] mc2_356030 a0=0x01fffa60 a1=0x1fffa64 a2=0x1fffaa0 a3=0x30 [a1]=00000000 00000000 00000000 0010b908 ra=0026f838 -> v0=0xffffffff
[black-dbc] dbc_29bbc8 a0=0x00000000 a1=0x5be400 a2=0x445cc0 a3=0x0 [a1]=00000000 00000001 ffffffff 0184e458 ra=0035c2bc -> v0=0x00000003
[black-dbc] dbc_29ba58 a0=0x00000002 a1=0x100 a2=0x4001d0 a3=0x0 [a1]=00000000 00000000 00000000 00000000 ra=0029ccbc -> v0=0xfffffff4
[black-dbc] sceDbcDeleteSocket a0=0x00000002 a1=0x445d40 a2=0x445cc0 desc=fffffff4 00000000 00000000 00000000 00000000 -> v0=0x00000001
[black-dbc] mc2_356030 a0=0x01fffa60 a1=0x1fffa64 a2=0x1fffaa0 a3=0x30 [a1]=81010013 00000000 00000000 0010b908 ra=0026f838 -> v0=0x00000001
[black-dbc] sceDbcCreateSocket a0=0x01fffd50 a1=0x585540 a2=0x5855c0 desc=00000003 00000001 00000001 00000000 00000000 -> v0=0x00000002
[black-dbg] FE:SetPage @0x20b678 a0=0x005b8c80 a1=0x003fa7d8 ra=0x0020b48c sp=0x01fffea0 | game=0x0049c000 state=0 cur=0x004bc220 pend=0x00000000
[black-fe] g=7.91 FE:SetPage a0="" a1="Empty" a0+60="" a2=0x4 a3=0x1010101
[black-dbg]   enter FE:SetPage s0=0x005bc4c0 s1=0x003fa7d8
[black-dbg]   ctor slots: s0=00000000_00410000 s1=00000000_00410000 s4=00000000_00000000 ra=00000001
[black-dbg]   leave FE:SetPage pc=0x0023a250 (ra_in=0x0020b48c) s0=0x00000000 (in 0x005bc4c0) sp=0x01fffb00 (in 0x01fffea0) v0=0x00000000 stack[s0 slot?]
[black-dbg] FE:SetPage @0x20b678 a0=0x005b8c80 a1=0x005bc4a0 ra=0x0020b4f4 sp=0x01fffea0 | game=0x0049c000 state=0 cur=0x004bc220 pend=0x00000000
[black-fe] g=7.91 FE:SetPage a0="" a1="memcardmessage" a0+60="" a2=0x4 a3=0x110307d8
[black-dbg]   enter FE:SetPage s0=0x005bc4c0 s1=0x003fa7d8
[black-dbg]   ctor slots: s0=00000000_00410000 s1=00000000_00410000 s4=00000000_00000000 ra=00000001
[black-dbg]   leave FE:SetPage pc=0x0023a250 (ra_in=0x0020b4f4) s0=0x00000000 (in 0x005bc4c0) sp=0x01fffb00 (in 0x01fffea0) v0=0x00000000 stack[s0 slot?]
[black-dbc] mc2_356030 a0=0x01fffa60 a1=0x1fffa64 a2=0x1fffaa0 a3=0x30 [a1]=005bfd00 00000000 00000000 0010b908 ra=0026f838 -> v0=0xffffffff
[black-dbc] dbc_29bbc8 a0=0x00000000 a1=0x5be400 a2=0x445cc0 a3=0x0 [a1]=00000000 00000001 ffffffff 0184e458 ra=0035c2bc -> v0=0x00000003
[black-dbc] dbc_29ba58 a0=0x00000002 a1=0x100 a2=0x4001d0 a3=0x0 [a1]=00000000 00000000 00000000 00000000 ra=0029ccbc -> v0=0xfffffff4
[black-dbc] sceDbcDeleteSocket a0=0x00000002 a1=0x445d40 a2=0x445cc0 desc=fffffff4 00000000 00000000 00000000 00000000 -> v0=0x00000001
[black-dbg] Video::play @0x1094c0 a0=0x004bc26c a1=0x01fffea0 ra=0x001040ec sp=0x01fffe90 | game=0x0049c000 state=0 cur=0x004bc220 pend=0x00000000
[black-fe] g=7.94 Video::play a0="" a1="AK_N" a0+60="" a2=0xd a3=0x1
[black-dbg]   enter Video::play s0=0x003bc4dc s1=0x0040d998
[black-dbg]   ctor slots: s0=00000000_00410000 s1=00000000_00410000 s4=00000000_00000000 ra=00000001
[black-dbg]   leave Video::play pc=0x001040ec (ra_in=0x001040ec) s0=0x003bc4dc (in 0x003bc4dc) sp=0x01fffe90 (in 0x01fffe90) v0=0x00000001 stack[s0 slot?]
[black-fs] open "videos/AK_N.m2v" -> 0x0040eff0
[black-dbg] sceMpegCreate @0x293f60 a0=0x0071f070 a1=0x0071f180 ra=0x00271de4 sp=0x01fffd90 | game=0x0049c000 state=0 cur=0x004bc220 pend=0x00000000
[black-dbg]   enter sceMpegCreate s0=0x0071f0b8 s1=0x0071f000
[black-dbg]   ctor slots: s0=00000000_00410000 s1=00000000_00410000 s4=00000000_00000000 ra=00000001
[black-dbg]   leave sceMpegCreate pc=0x00271de4 (ra_in=0x00271de4) s0=0x0071f0b8 (in 0x0071f0b8) sp=0x01fffd90 (in 0x01fffd90) v0=0x0071f298 stack[s0 slot?]
[black-dbc] mc2_356030 a0=0x01fffa60 a1=0x1fffa64 a2=0x1fffaa0 a3=0x30 [a1]=81010013 00000000 00000000 0010b908 ra=0026f838 -> v0=0x00000001
[black-dbc] sceDbcCreateSocket a0=0x01fffd50 a1=0x585540 a2=0x5855c0 desc=00000003 00000001 00000001 00000000 00000000 -> v0=0x00000002
[black-dbc] mc2_356030 a0=0x01fffa60 a1=0x1fffa64 a2=0x1fffaa0 a3=0x30 [a1]=00000000 00000000 00000000 0010b908 ra=0026f838 -> v0=0xffffffff
[black-dbc] dbc_29bbc8 a0=0x00000000 a1=0x5be400 a2=0x445cc0 a3=0x0 [a1]=00000000 00000001 ffffffff 0184e458 ra=0035c2bc -> v0=0x00000003
[black-dbc] dbc_29ba58 a0=0x00000002 a1=0x100 a2=0x4001d0 a3=0x0 [a1]=00000000 00000000 00000000 00000000 ra=0029ccbc -> v0=0xfffffff4
[black-dbc] sceDbcDeleteSocket a0=0x00000002 a1=0x445d40 a2=0x445cc0 desc=fffffff4 00000000 00000000 00000000 00000000 -> v0=0x00000001
[black-dbc] mc2_356030 a0=0x01fffa60 a1=0x1fffa64 a2=0x1fffaa0 a3=0x30 [a1]=81010013 00000000 00000000 0010b908 ra=0026f838 -> v0=0x00000001
[black-dbc] sceDbcCreateSocket a0=0x01fffd50 a1=0x585540 a2=0x5855c0 desc=00000003 00000001 00000001 00000000 00000000 -> v0=0x00000002
[black-dbc] mc2_356030 a0=0x01fffa60 a1=0x1fffa64 a2=0x1fffaa0 a3=0x30 [a1]=00000000 00000000 00000000 0010b908 ra=0026f838 -> v0=0xffffffff
[black-dbc] dbc_29bbc8 a0=0x00000000 a1=0x5be400 a2=0x445cc0 a3=0x0 [a1]=00000000 00000001 ffffffff 0184e458 ra=0035c2bc -> v0=0x00000003
[black-dbc] dbc_29ba58 a0=0x00000002 a1=0x100 a2=0x4001d0 a3=0x0 [a1]=00000000 00000000 00000000 00000000 ra=0029ccbc -> v0=0xfffffff4
[black-dbc] sceDbcDeleteSocket a0=0x00000002 a1=0x445d40 a2=0x445cc0 desc=fffffff4 00000000 00000000 00000000 00000000 -> v0=0x00000001
[black-dbc] mc2_356030 a0=0x01fffa60 a1=0x1fffa64 a2=0x1fffaa0 a3=0x30 [a1]=81010013 00000000 00000000 0010b908 ra=0026f838 -> v0=0x00000001
[black-dbc] sceDbcCreateSocket a0=0x01fffd50 a1=0x585540 a2=0x5855c0 desc=00000003 00000001 00000001 00000000 00000000 -> v0=0x00000002
[black-dbc] mc2_356030 a0=0x01fffa60 a1=0x1fffa64 a2=0x1fffaa0 a3=0x30 [a1]=00000000 00000000 00000000 0010b908 ra=0026f838 -> v0=0xffffffff
[black-dbc] dbc_29bbc8 a0=0x00000000 a1=0x5be400 a2=0x445cc0 a3=0x0 [a1]=00000000 00000001 ffffffff 0184e458 ra=0035c2bc -> v0=0x00000003
[black-dbc] dbc_29ba58 a0=0x00000002 a1=0x100 a2=0x4001d0 a3=0x0 [a1]=00000000 00000000 00000000 00000000 ra=0029ccbc -> v0=0xfffffff4
[black-dbc] sceDbcDeleteSocket a0=0x00000002 a1=0x445d40 a2=0x445cc0 desc=fffffff4 00000000 00000000 00000000 00000000 -> v0=0x00000001
[black-dbc] mc2_356030 a0=0x01fffa60 a1=0x1fffa64 a2=0x1fffaa0 a3=0x30 [a1]=81010013 00000000 00000000 0010b908 ra=0026f838 -> v0=0x00000001
[black-dbc] sceDbcCreateSocket a0=0x01fffd50 a1=0x585540 a2=0x5855c0 desc=00000003 00000001 00000001 00000000 00000000 -> v0=0x00000002
[black-dbc] mc2_356030 a0=0x01fffa60 a1=0x1fffa64 a2=0x1fffaa0 a3=0x30 [a1]=00000000 00000000 00000000 0010b908 ra=0026f838 -> v0=0xffffffff
[black-dbc] dbc_29bbc8 a0=0x00000000 a1=0x5be400 a2=0x445cc0 a3=0x0 [a1]=00000000 00000001 ffffffff 0184e458 ra=0035c2bc -> v0=0x00000003
[black-dbc] dbc_29ba58 a0=0x00000002 a1=0x100 a2=0x4001d0 a3=0x0 [a1]=00000000 00000000 00000000 00000000 ra=0029ccbc -> v0=0xfffffff4
[black-dbc] sceDbcDeleteSocket a0=0x00000002 a1=0x445d40 a2=0x445cc0 desc=fffffff4 00000000 00000000 00000000 00000000 -> v0=0x00000001
[black-dbc] mc2_356030 a0=0x01fffa60 a1=0x1fffa64 a2=0x1fffaa0 a3=0x30 [a1]=81010013 00000000 00000000 0010b908 ra=0026f838 -> v0=0x00000001
[black-dbc] sceDbcCreateSocket a0=0x01fffd50 a1=0x585540 a2=0x5855c0 desc=00000003 00000001 00000001 00000000 00000000 -> v0=0x00000002
[black-dbc] mc2_356030 a0=0x01fffa60 a1=0x1fffa64 a2=0x1fffaa0 a3=0x30 [a1]=00000000 00000000 00000000 0010b908 ra=0026f838 -> v0=0xffffffff
[black-dbc] dbc_29bbc8 a0=0x00000000 a1=0x5be400 a2=0x445cc0 a3=0x0 [a1]=00000000 00000001 ffffffff 0184e458 ra=0035c2bc -> v0=0x00000003
[black-dbc] dbc_29ba58 a0=0x00000002 a1=0x100 a2=0x4001d0 a3=0x0 [a1]=00000000 00000000 00000000 00000000 ra=0029ccbc -> v0=0xfffffff4
[black-dbc] sceDbcDeleteSocket a0=0x00000002 a1=0x445d40 a2=0x445cc0 desc=fffffff4 00000000 00000000 00000000 00000000 -> v0=0x00000001
[black-dbc] mc2_356030 a0=0x01fffa60 a1=0x1fffa64 a2=0x1fffaa0 a3=0x30 [a1]=81010013 00000000 00000000 0010b908 ra=0026f838 -> v0=0x00000001
[black-state] t=8.9 g=8.3 upd=241 feState=28 fe+0x37a4=28 streamerBusy=0x0000 mode=0 cur=0x004bc220 pend=0x00000000 pendState=0
[black-dbcwork] 00000000 00000001 00000000 00000000 00000000 00000000 00000000 00000000 | 00000000 00000001 00000000 00000000
[black-mcrx] b00: 00000000 00000000 00000000 00000000 00000000 00000000 | b80: 00000000 00000000 00000000 00000000 00000000 00000000
[black-mc] obj=0x005bd980 +0=0 +4=28 +8=1 state=1 +10=6 +14=0 +18=0 +1c=0
[black-snd] upd=241 slotState=0x100 slotLoaded=1 req=0x01ca2210 reqState=0x1 stream=0 streamFlags=0x0
[black-gs] upd=241 pmode=0x8003 dispfb1=0x51400 display1=0x1bf27f00000000 dispfb2=0x80000051400 display2=0x1be27f00000000 smode2=0x0 vsync=498 nativeGif=0 nativeImg=0
[black-gs]   bitbltbuf dbp=0 dbw=0 dpsm=0x0 trxreg=0x0 trxdir=3 xfer 0/0
[black-gs]   hist=115 giftag=0 reg=0 draw=0 xfer=0 present=115 lastDrawFbp=0 verts=0 frame=99 | present 640x448 dispFbp=0 srcFbp=0 has=1
[black-gs]   frame 640x448 media=29.6 naoPretos=272647
[black-gs]   tex@2240 somaAmostra=539574024
[black-dbc] sceDbcCreateSocket a0=0x01fffd50 a1=0x585540 a2=0x5855c0 desc=00000003 00000001 00000001 00000000 00000000 -> v0=0x00000002
[black-dbg] sceMpegGetPicture @0x294ac8 a0=0x0071f070 a1=0x00973300 ra=0x00272074 sp=0x01fffe10 | game=0x0049c000 state=0 cur=0x004bc220 pend=0x00000000
[black-dbg]   enter sceMpegGetPicture s0=0x0071f000 s1=0x00000000
[black-dbg]   ctor slots: s0=00000000_00410000 s1=00000000_00410000 s4=00000000_00000000 ra=00000001
[black-dbc] mc2_356030 a0=0x01fffa60 a1=0x1fffa64 a2=0x1fffaa0 a3=0x30 [a1]=00000000 00000000 00000000 0010b908 ra=0026f838 -> v0=0xffffffff
[black-dbc] dbc_29bbc8 a0=0x00000000 a1=0x5be400 a2=0x445cc0 a3=0x0 [a1]=00000000 00000001 ffffffff 0184e458 ra=0035c2bc -> v0=0x00000003
[black-dbc] dbc_29ba58 a0=0x00000002 a1=0x100 a2=0x4001d0 a3=0x0 [a1]=00000000 00000000 00000000 00000000 ra=0029ccbc -> v0=0xfffffff4
[black-dbc] sceDbcDeleteSocket a0=0x00000002 a1=0x445d40 a2=0x445cc0 desc=fffffff4 00000000 00000000 00000000 00000000 -> v0=0x00000001
[black-dbc] mc2_356030 a0=0x01fffa60 a1=0x1fffa64 a2=0x1fffaa0 a3=0x30 [a1]=81010013 00000000 00000000 0010b908 ra=0026f838 -> v0=0x00000001
[black-dbc] sceDbcCreateSocket a0=0x01fffd50 a1=0x585540 a2=0x5855c0 desc=00000003 00000001 00000001 00000000 00000000 -> v0=0x00000002
[black-dbc] mc2_356030 a0=0x01fffa60 a1=0x1fffa64 a2=0x1fffaa0 a3=0x30 [a1]=00000000 00000000 00000000 0010b908 ra=0026f838 -> v0=0xffffffff
[black-dbc] dbc_29bbc8 a0=0x00000000 a1=0x5be400 a2=0x445cc0 a3=0x0 [a1]=00000000 00000001 ffffffff 0184e458 ra=0035c2bc -> v0=0x00000003
[black-dbc] dbc_29ba58 a0=0x00000002 a1=0x100 a2=0x4001d0 a3=0x0 [a1]=00000000 00000000 00000000 00000000 ra=0029ccbc -> v0=0xfffffff4
[black-dbc] sceDbcDeleteSocket a0=0x00000002 a1=0x445d40 a2=0x445cc0 desc=fffffff4 00000000 00000000 00000000 00000000 -> v0=0x00000001
[black-dbc] mc2_356030 a0=0x01fffa60 a1=0x1fffa64 a2=0x1fffaa0 a3=0x30 [a1]=81010013 00000000 00000000 0010b908 ra=0026f838 -> v0=0x00000001
[black-dbc] sceDbcCreateSocket a0=0x01fffd50 a1=0x585540 a2=0x5855c0 desc=00000003 00000001 00000001 00000000 00000000 -> v0=0x00000002
[black-dbc] mc2_356030 a0=0x01fffa60 a1=0x1fffa64 a2=0x1fffaa0 a3=0x30 [a1]=00000000 00000000 00000000 0010b908 ra=0026f838 -> v0=0xffffffff
[black-dbc] dbc_29bbc8 a0=0x00000000 a1=0x5be400 a2=0x445cc0 a3=0x0 [a1]=00000000 00000001 ffffffff 0184e458 ra=0035c2bc -> v0=0x00000003
[black-dbc] dbc_29ba58 a0=0x00000002 a1=0x100 a2=0x4001d0 a3=0x0 [a1]=00000000 00000000 00000000 00000000 ra=0029ccbc -> v0=0xfffffff4
[black-dbc] sceDbcDeleteSocket a0=0x00000002 a1=0x445d40 a2=0x445cc0 desc=fffffff4 00000000 00000000 00000000 00000000 -> v0=0x00000001
[black-dbc] mc2_356030 a0=0x01fffa60 a1=0x1fffa64 a2=0x1fffaa0 a3=0x30 [a1]=81010013 00000000 00000000 0010b908 ra=0026f838 -> v0=0x00000001
[black-dbc] sceDbcCreateSocket a0=0x01fffd50 a1=0x585540 a2=0x5855c0 desc=00000003 00000001 00000001 00000000 00000000 -> v0=0x00000002
[black-dbc] mc2_356030 a0=0x01fffa60 a1=0x1fffa64 a2=0x1fffaa0 a3=0x30 [a1]=00000000 00000000 00000000 0010b908 ra=0026f838 -> v0=0xffffffff
[black-dbc] dbc_29bbc8 a0=0x00000000 a1=0x5be400 a2=0x445cc0 a3=0x0 [a1]=00000000 00000001 ffffffff 0184e458 ra=0035c2bc -> v0=0x00000003
[parallel-gs] primitives=62303 readbacks=480 scanout=640x448 smode1=0000000740804504
[black-dbc] dbc_29ba58 a0=0x00000002 a1=0x100 a2=0x4001d0 a3=0x0 [a1]=00000000 00000000 00000000 00000000 ra=0029ccbc -> v0=0xfffffff4
[black-dbc] sceDbcDeleteSocket a0=0x00000002 a1=0x445d40 a2=0x445cc0 desc=fffffff4 00000000 00000000 00000000 00000000 -> v0=0x00000001
[black-dbc] mc2_356030 a0=0x01fffa60 a1=0x1fffa64 a2=0x1fffaa0 a3=0x30 [a1]=81010013 00000000 00000000 0010b908 ra=0026f838 -> v0=0x00000001
[black-dbc] sceDbcCreateSocket a0=0x01fffd50 a1=0x585540 a2=0x5855c0 desc=00000003 00000001 00000001 00000000 00000000 -> v0=0x00000002
[black-dbc] mc2_356030 a0=0x01fffa60 a1=0x1fffa64 a2=0x1fffaa0 a3=0x30 [a1]=00000000 00000000 00000000 0010b908 ra=0026f838 -> v0=0xffffffff
[black-dbc] dbc_29bbc8 a0=0x00000000 a1=0x5be400 a2=0x445cc0 a3=0x0 [a1]=00000000 00000001 ffffffff 0184e458 ra=0035c2bc -> v0=0x00000003
[black-dbc] dbc_29ba58 a0=0x00000002 a1=0x100 a2=0x4001d0 a3=0x0 [a1]=00000000 00000000 00000000 00000000 ra=0029ccbc -> v0=0xfffffff4
[black-dbc] sceDbcDeleteSocket a0=0x00000002 a1=0x445d40 a2=0x445cc0 desc=fffffff4 00000000 00000000 00000000 00000000 -> v0=0x00000001
[black-dbc] mc2_356030 a0=0x01fffa60 a1=0x1fffa64 a2=0x1fffaa0 a3=0x30 [a1]=81010013 00000000 00000000 0010b908 ra=0026f838 -> v0=0x00000001
[black-dbc] sceDbcCreateSocket a0=0x01fffd50 a1=0x585540 a2=0x5855c0 desc=00000003 00000001 00000001 00000000 00000000 -> v0=0x00000002
[black-dbc] mc2_356030 a0=0x01fffa60 a1=0x1fffa64 a2=0x1fffaa0 a3=0x30 [a1]=00000000 00000000 00000000 0010b908 ra=0026f838 -> v0=0xffffffff
[black-dbc] dbc_29bbc8 a0=0x00000000 a1=0x5be400 a2=0x445cc0 a3=0x0 [a1]=00000000 00000001 ffffffff 0184e458 ra=0035c2bc -> v0=0x00000003
[black-dbc] dbc_29ba58 a0=0x00000002 a1=0x100 a2=0x4001d0 a3=0x0 [a1]=00000000 00000000 00000000 00000000 ra=0029ccbc -> v0=0xfffffff4
[black-dbc] sceDbcDeleteSocket a0=0x00000002 a1=0x445d40 a2=0x445cc0 desc=fffffff4 00000000 00000000 00000000 00000000 -> v0=0x00000001
[black-dbc] mc2_356030 a0=0x01fffa60 a1=0x1fffa64 a2=0x1fffaa0 a3=0x30 [a1]=81010013 00000000 00000000 0010b908 ra=0026f838 -> v0=0x00000001
[black-dbc] sceDbcCreateSocket a0=0x01fffd50 a1=0x585540 a2=0x5855c0 desc=00000003 00000001 00000001 00000000 00000000 -> v0=0x00000002
[black-dbc] mc2_356030 a0=0x01fffa60 a1=0x1fffa64 a2=0x1fffaa0 a3=0x30 [a1]=00000000 00000000 00000000 0010b908 ra=0026f838 -> v0=0xffffffff
[black-dbc] dbc_29bbc8 a0=0x00000000 a1=0x5be400 a2=0x445cc0 a3=0x0 [a1]=00000000 00000001 ffffffff 0184e458 ra=0035c2bc -> v0=0x00000003
[black-dbc] dbc_29ba58 a0=0x00000002 a1=0x100 a2=0x4001d0 a3=0x0 [a1]=00000000 00000000 00000000 00000000 ra=0029ccbc -> v0=0xfffffff4
[black-dbc] sceDbcDeleteSocket a0=0x00000002 a1=0x445d40 a2=0x445cc0 desc=fffffff4 00000000 00000000 00000000 00000000 -> v0=0x00000001
[black-dbc] mc2_356030 a0=0x01fffa60 a1=0x1fffa64 a2=0x1fffaa0 a3=0x30 [a1]=81010013 00000000 00000000 0010b908 ra=0026f838 -> v0=0x00000001
[black-dbc] sceDbcCreateSocket a0=0x01fffd50 a1=0x585540 a2=0x5855c0 desc=00000003 00000001 00000001 00000000 00000000 -> v0=0x00000002
[black-dbc] mc2_356030 a0=0x01fffa60 a1=0x1fffa64 a2=0x1fffaa0 a3=0x30 [a1]=00000000 00000000 00000000 0010b908 ra=0026f838 -> v0=0xffffffff
[black-dbc] dbc_29bbc8 a0=0x00000000 a1=0x5be400 a2=0x445cc0 a3=0x0 [a1]=00000000 00000001 ffffffff 0184e458 ra=0035c2bc -> v0=0x00000003
[black-dbc] dbc_29ba58 a0=0x00000002 a1=0x100 a2=0x4001d0 a3=0x0 [a1]=00000000 00000000 00000000 00000000 ra=0029ccbc -> v0=0xfffffff4
[black-dbc] sceDbcDeleteSocket a0=0x00000002 a1=0x445d40 a2=0x445cc0 desc=fffffff4 00000000 00000000 00000000 00000000 -> v0=0x00000001
[black-dbc] mc2_356030 a0=0x01fffa60 a1=0x1fffa64 a2=0x1fffaa0 a3=0x30 [a1]=81010013 00000000 00000000 0010b908 ra=0026f838 -> v0=0x00000001
[black-dbc] sceDbcCreateSocket a0=0x01fffd50 a1=0x585540 a2=0x5855c0 desc=00000003 00000001 00000001 00000000 00000000 -> v0=0x00000002
[black-dbc] mc2_356030 a0=0x01fffa60 a1=0x1fffa64 a2=0x1fffaa0 a3=0x30 [a1]=00000000 00000000 00000000 0010b908 ra=0026f838 -> v0=0xffffffff
[black-dbc] dbc_29bbc8 a0=0x00000000 a1=0x5be400 a2=0x445cc0 a3=0x0 [a1]=00000000 00000001 ffffffff 0184e458 ra=0035c2bc -> v0=0x00000003
[black-dbc] dbc_29ba58 a0=0x00000002 a1=0x100 a2=0x4001d0 a3=0x0 [a1]=00000000 00000000 00000000 00000000 ra=0029ccbc -> v0=0xfffffff4
[black-dbc] sceDbcDeleteSocket a0=0x00000002 a1=0x445d40 a2=0x445cc0 desc=fffffff4 00000000 00000000 00000000 00000000 -> v0=0x00000001
[black-dbc] mc2_356030 a0=0x01fffa60 a1=0x1fffa64 a2=0x1fffaa0 a3=0x30 [a1]=81010013 00000000 00000000 0010b908 ra=0026f838 -> v0=0x00000001
[black-dbc] sceDbcCreateSocket a0=0x01fffd50 a1=0x585540 a2=0x5855c0 desc=00000003 00000001 00000001 00000000 00000000 -> v0=0x00000002
[black-dbc] mc2_356030 a0=0x01fffa60 a1=0x1fffa64 a2=0x1fffaa0 a3=0x30 [a1]=00000000 00000000 00000000 0010b908 ra=0026f838 -> v0=0xffffffff
[black-dbc] dbc_29bbc8 a0=0x00000000 a1=0x5be400 a2=0x445cc0 a3=0x0 [a1]=00000000 00000001 ffffffff 0184e458 ra=0035c2bc -> v0=0x00000003
[black-dbc] dbc_29ba58 a0=0x00000002 a1=0x100 a2=0x4001d0 a3=0x0 [a1]=00000000 00000000 00000000 00000000 ra=0029ccbc -> v0=0xfffffff4
[black-dbc] sceDbcDeleteSocket a0=0x00000002 a1=0x445d40 a2=0x445cc0 desc=fffffff4 00000000 00000000 00000000 00000000 -> v0=0x00000001
[black-dbc] mc2_356030 a0=0x01fffa60 a1=0x1fffa64 a2=0x1fffaa0 a3=0x30 [a1]=81010013 00000000 00000000 0010b908 ra=0026f838 -> v0=0x00000001
[black-dbc] sceDbcCreateSocket a0=0x01fffd50 a1=0x585540 a2=0x5855c0 desc=00000003 00000001 00000001 00000000 00000000 -> v0=0x00000002
[black-dbc] mc2_356030 a0=0x01fffa60 a1=0x1fffa64 a2=0x1fffaa0 a3=0x30 [a1]=00000000 00000000 00000000 0010b908 ra=0026f838 -> v0=0xffffffff
[black-dbc] dbc_29bbc8 a0=0x00000000 a1=0x5be400 a2=0x445cc0 a3=0x0 [a1]=00000000 00000001 ffffffff 0184e458 ra=0035c2bc -> v0=0x00000003
[black-dbc] dbc_29ba58 a0=0x00000002 a1=0x100 a2=0x4001d0 a3=0x0 [a1]=00000000 00000000 00000000 00000000 ra=0029ccbc -> v0=0xfffffff4
[black-dbc] sceDbcDeleteSocket a0=0x00000002 a1=0x445d40 a2=0x445cc0 desc=fffffff4 00000000 00000000 00000000 00000000 -> v0=0x00000001
[pad-script] t=9.01 buttons=0x0010 sticks=128,128/128,128
[black-dbc] mc2_356030 a0=0x01fffa60 a1=0x1fffa64 a2=0x1fffaa0 a3=0x30 [a1]=81010013 00000000 00000000 0010b908 ra=0026f838 -> v0=0x00000001
[black-dbc] sceDbcCreateSocket a0=0x01fffd50 a1=0x585540 a2=0x5855c0 desc=00000003 00000001 00000001 00000000 00000000 -> v0=0x00000002
[black-dbc] mc2_356030 a0=0x01fffa60 a1=0x1fffa64 a2=0x1fffaa0 a3=0x30 [a1]=00000000 00000000 00000000 0010b908 ra=0026f838 -> v0=0xffffffff
[black-dbc] dbc_29bbc8 a0=0x00000000 a1=0x5be400 a2=0x445cc0 a3=0x0 [a1]=00000000 00000001 ffffffff 0184e458 ra=0035c2bc -> v0=0x00000003
[black-dbc] dbc_29ba58 a0=0x00000002 a1=0x100 a2=0x4001d0 a3=0x0 [a1]=00000000 00000000 00000000 00000000 ra=0029ccbc -> v0=0xfffffff4
[black-dbc] sceDbcDeleteSocket a0=0x00000002 a1=0x445d40 a2=0x445cc0 desc=fffffff4 00000000 00000000 00000000 00000000 -> v0=0x00000001
[black-dbc] mc2_356030 a0=0x01fffa60 a1=0x1fffa64 a2=0x1fffaa0 a3=0x30 [a1]=81010013 00000000 00000000 0010b908 ra=0026f838 -> v0=0x00000001
[black-dbc] sceDbcCreateSocket a0=0x01fffd50 a1=0x585540 a2=0x5855c0 desc=00000003 00000001 00000001 00000000 00000000 -> v0=0x00000002
[black-dbc] mc2_356030 a0=0x01fffa60 a1=0x1fffa64 a2=0x1fffaa0 a3=0x30 [a1]=00000000 00000000 00000000 0010b908 ra=0026f838 -> v0=0xffffffff
[black-dbc] dbc_29bbc8 a0=0x00000000 a1=0x5be400 a2=0x445cc0 a3=0x0 [a1]=00000000 00000001 ffffffff 0184e458 ra=0035c2bc -> v0=0x00000003
[black-dbc] dbc_29ba58 a0=0x00000002 a1=0x100 a2=0x4001d0 a3=0x0 [a1]=00000000 00000000 00000000 00000000 ra=0029ccbc -> v0=0xfffffff4
[black-dbc] sceDbcDeleteSocket a0=0x00000002 a1=0x445d40 a2=0x445cc0 desc=fffffff4 00000000 00000000 00000000 00000000 -> v0=0x00000001
[black-dbc] mc2_356030 a0=0x01fffa60 a1=0x1fffa64 a2=0x1fffaa0 a3=0x30 [a1]=81010013 00000000 00000000 0010b908 ra=0026f838 -> v0=0x00000001
[black-dbc] sceDbcCreateSocket a0=0x01fffd50 a1=0x585540 a2=0x5855c0 desc=00000003 00000001 00000001 00000000 00000000 -> v0=0x00000002
[black-dbc] mc2_356030 a0=0x01fffa60 a1=0x1fffa64 a2=0x1fffaa0 a3=0x30 [a1]=00000000 00000000 00000000 0010b908 ra=0026f838 -> v0=0xffffffff
[black-dbc] dbc_29bbc8 a0=0x00000000 a1=0x5be400 a2=0x445cc0 a3=0x0 [a1]=00000000 00000001 ffffffff 0184e458 ra=0035c2bc -> v0=0x00000003
[black-dbc] dbc_29ba58 a0=0x00000002 a1=0x100 a2=0x4001d0 a3=0x0 [a1]=00000000 00000000 00000000 00000000 ra=0029ccbc -> v0=0xfffffff4
[black-dbc] sceDbcDeleteSocket a0=0x00000002 a1=0x445d40 a2=0x445cc0 desc=fffffff4 00000000 00000000 00000000 00000000 -> v0=0x00000001
[black-dbc] mc2_356030 a0=0x01fffa60 a1=0x1fffa64 a2=0x1fffaa0 a3=0x30 [a1]=81010013 00000000 00000000 0010b908 ra=0026f838 -> v0=0x00000001
[black-dbc] sceDbcCreateSocket a0=0x01fffd50 a1=0x585540 a2=0x5855c0 desc=00000003 00000001 00000001 00000000 00000000 -> v0=0x00000002
[black-dbc] mc2_356030 a0=0x01fffa60 a1=0x1fffa64 a2=0x1fffaa0 a3=0x30 [a1]=00000000 00000000 00000000 0010b908 ra=0026f838 -> v0=0xffffffff
[black-dbc] dbc_29bbc8 a0=0x00000000 a1=0x5be400 a2=0x445cc0 a3=0x0 [a1]=00000000 00000001 ffffffff 0184e458 ra=0035c2bc -> v0=0x00000003
[black-dbc] dbc_29ba58 a0=0x00000002 a1=0x100 a2=0x4001d0 a3=0x0 [a1]=00000000 00000000 00000000 00000000 ra=0029ccbc -> v0=0xfffffff4
[black-dbc] sceDbcDeleteSocket a0=0x00000002 a1=0x445d40 a2=0x445cc0 desc=fffffff4 00000000 00000000 00000000 00000000 -> v0=0x00000001
[black-dbc] mc2_356030 a0=0x01fffa60 a1=0x1fffa64 a2=0x1fffaa0 a3=0x30 [a1]=81010013 00000000 00000000 0010b908 ra=0026f838 -> v0=0x00000001
[black-dbc] sceDbcCreateSocket a0=0x01fffd50 a1=0x585540 a2=0x5855c0 desc=00000003 00000001 00000001 00000000 00000000 -> v0=0x00000002
[pad-script] t=9.31 buttons=0x0000 sticks=128,128/128,128
[black-dbc] mc2_356030 a0=0x01fffa60 a1=0x1fffa64 a2=0x1fffaa0 a3=0x30 [a1]=00000000 00000000 00000000 0010b908 ra=0026f838 -> v0=0xffffffff
[black-dbc] dbc_29bbc8 a0=0x00000000 a1=0x5be400 a2=0x445cc0 a3=0x0 [a1]=00000000 00000001 ffffffff 0184e458 ra=0035c2bc -> v0=0x00000003
[black-dbc] dbc_29ba58 a0=0x00000002 a1=0x100 a2=0x4001d0 a3=0x0 [a1]=00000000 00000000 00000000 00000000 ra=0029ccbc -> v0=0xfffffff4
[black-dbc] sceDbcDeleteSocket a0=0x00000002 a1=0x445d40 a2=0x445cc0 desc=fffffff4 00000000 00000000 00000000 00000000 -> v0=0x00000001
[black-dbc] mc2_356030 a0=0x01fffa60 a1=0x1fffa64 a2=0x1fffaa0 a3=0x30 [a1]=81010013 00000000 00000000 0010b908 ra=0026f838 -> v0=0x00000001
[black-dbc] sceDbcCreateSocket a0=0x01fffd50 a1=0x585540 a2=0x5855c0 desc=00000003 00000001 00000001 00000000 00000000 -> v0=0x00000002
[black-dbc] mc2_356030 a0=0x01fffa60 a1=0x1fffa64 a2=0x1fffaa0 a3=0x30 [a1]=00000000 00000000 00000000 0010b908 ra=0026f838 -> v0=0xffffffff
[black-dbc] dbc_29bbc8 a0=0x00000000 a1=0x5be400 a2=0x445cc0 a3=0x0 [a1]=00000000 00000001 ffffffff 0184e458 ra=0035c2bc -> v0=0x00000003
[black-dbc] dbc_29ba58 a0=0x00000002 a1=0x100 a2=0x4001d0 a3=0x0 [a1]=00000000 00000000 00000000 00000000 ra=0029ccbc -> v0=0xfffffff4
[black-dbc] sceDbcDeleteSocket a0=0x00000002 a1=0x445d40 a2=0x445cc0 desc=fffffff4 00000000 00000000 00000000 00000000 -> v0=0x00000001
[black-dbc] mc2_356030 a0=0x01fffa60 a1=0x1fffa64 a2=0x1fffaa0 a3=0x30 [a1]=81010013 00000000 00000000 0010b908 ra=0026f838 -> v0=0x00000001
[black-dbc] sceDbcCreateSocket a0=0x01fffd50 a1=0x585540 a2=0x5855c0 desc=00000003 00000001 00000001 00000000 00000000 -> v0=0x00000002
[black-dbc] mc2_356030 a0=0x01fffa60 a1=0x1fffa64 a2=0x1fffaa0 a3=0x30 [a1]=00000000 00000000 00000000 0010b908 ra=0026f838 -> v0=0xffffffff
[black-dbc] dbc_29bbc8 a0=0x00000000 a1=0x5be400 a2=0x445cc0 a3=0x0 [a1]=00000000 00000001 ffffffff 0184e458 ra=0035c2bc -> v0=0x00000003
[black-dbc] dbc_29ba58 a0=0x00000002 a1=0x100 a2=0x4001d0 a3=0x0 [a1]=00000000 00000000 00000000 00000000 ra=0029ccbc -> v0=0xfffffff4
[black-dbc] sceDbcDeleteSocket a0=0x00000002 a1=0x445d40 a2=0x445cc0 desc=fffffff4 00000000 00000000 00000000 00000000 -> v0=0x00000001
[black-dbc] mc2_356030 a0=0x01fffa60 a1=0x1fffa64 a2=0x1fffaa0 a3=0x30 [a1]=81010013 00000000 00000000 0010b908 ra=0026f838 -> v0=0x00000001
[black-dbc] sceDbcCreateSocket a0=0x01fffd50 a1=0x585540 a2=0x5855c0 desc=00000003 00000001 00000001 00000000 00000000 -> v0=0x00000002
[pad-script] t=9.51 buttons=0x4000 sticks=128,128/128,128
[black-dbc] mc2_356030 a0=0x01fffa60 a1=0x1fffa64 a2=0x1fffaa0 a3=0x30 [a1]=00000000 00000000 00000000 0010b908 ra=0026f838 -> v0=0xffffffff
[black-dbc] dbc_29bbc8 a0=0x00000000 a1=0x5be400 a2=0x445cc0 a3=0x0 [a1]=00000000 00000001 ffffffff 0184e458 ra=0035c2bc -> v0=0x00000003
[black-dbc] dbc_29ba58 a0=0x00000002 a1=0x100 a2=0x4001d0 a3=0x0 [a1]=00000000 00000000 00000000 00000000 ra=0029ccbc -> v0=0xfffffff4
[black-dbc] sceDbcDeleteSocket a0=0x00000002 a1=0x445d40 a2=0x445cc0 desc=fffffff4 00000000 00000000 00000000 00000000 -> v0=0x00000001
[black-dbc] mc2_356030 a0=0x01fffa60 a1=0x1fffa64 a2=0x1fffaa0 a3=0x30 [a1]=81010013 00000000 00000000 0010b908 ra=0026f838 -> v0=0x00000001
[black-dbc] mc2_356030 a0=0x01fffa40 a1=0x1fffa44 a2=0x0 a3=0x1fffaa0 [a1]=00000000 00000000 00000000 0010b180 ra=0026f838 -> v0=0xffffffff
[black-dbc] dbc_29bbc8 a0=0x00000000 a1=0x5be400 a2=0x445cc0 a3=0x0 [a1]=00000000 00000001 ffffffff 0184e458 ra=0035c2bc -> v0=0x00000003
[black-dbc] mc2_356058 a0=0x01fffa40 a1=0x1fffa44 a2=0x0 a3=0x1fffaa0 [a1]=81010013 00000000 00000000 0010b1a0 ra=0026f84c -> v0=0x00000001
[black-dbc] sceDbcCreateSocket a0=0x01fffd50 a1=0x585540 a2=0x5855c0 desc=00000003 00000001 00000001 00000000 00000000 -> v0=0x00000002
[black-dbc] dbc_29ba58 a0=0x00000002 a1=0x100 a2=0x4001d0 a3=0x0 [a1]=00000000 00000000 00000000 00000000 ra=0029ccbc -> v0=0xfffffff4
[black-dbc] sceDbcDeleteSocket a0=0x00000002 a1=0x445d40 a2=0x445cc0 desc=fffffff4 00000000 00000000 00000000 00000000 -> v0=0x00000001
[black-dbc] sceDbcCreateSocket a0=0x01fffd50 a1=0x585540 a2=0x5855c0 desc=00000003 00000001 00000001 00000000 00000000 -> v0=0x00000002
[black-dbc] dbc_29ba58 a0=0x00000002 a1=0x100 a2=0x4001d0 a3=0x0 [a1]=00000000 00000000 00000000 00000000 ra=0029ccbc -> v0=0xfffffff4
[black-dbc] sceDbcDeleteSocket a0=0x00000002 a1=0x445d40 a2=0x445cc0 desc=fffffff4 00000000 00000000 00000000 00000000 -> v0=0x00000001
[black-dbc] sceDbcCreateSocket a0=0x01fffd50 a1=0x585540 a2=0x5855c0 desc=00000003 00000001 00000001 00000000 00000000 -> v0=0x00000002
[black-dbc] dbc_29ba58 a0=0x00000002 a1=0x100 a2=0x4001d0 a3=0x0 [a1]=00000000 00000000 00000000 00000000 ra=0029ccbc -> v0=0xfffffff4
[black-dbc] sceDbcDeleteSocket a0=0x00000002 a1=0x445d40 a2=0x445cc0 desc=fffffff4 00000000 00000000 00000000 00000000 -> v0=0x00000001
[black-dbc] sceDbcCreateSocket a0=0x01fffd50 a1=0x585540 a2=0x5855c0 desc=00000003 00000001 00000001 00000000 00000000 -> v0=0x00000002
[black-dbc] dbc_29ba58 a0=0x00000002 a1=0x100 a2=0x4001d0 a3=0x0 [a1]=00000000 00000000 00000000 00000000 ra=0029ccbc -> v0=0xfffffff4
[black-dbc] sceDbcDeleteSocket a0=0x00000002 a1=0x445d40 a2=0x445cc0 desc=fffffff4 00000000 00000000 00000000 00000000 -> v0=0x00000001
[pad-script] t=9.81 buttons=0x0000 sticks=128,128/128,128
[black-dbc] sceDbcCreateSocket a0=0x01fffd50 a1=0x585540 a2=0x5855c0 desc=00000003 00000001 00000001 00000000 00000000 -> v0=0x00000002
[black-dbc] dbc_29ba58 a0=0x00000002 a1=0x100 a2=0x4001d0 a3=0x0 [a1]=00000000 00000000 00000000 00000000 ra=0029ccbc -> v0=0xfffffff4
[black-dbc] sceDbcDeleteSocket a0=0x00000002 a1=0x445d40 a2=0x445cc0 desc=fffffff4 00000000 00000000 00000000 00000000 -> v0=0x00000001
[black-dbc] sceDbcCreateSocket a0=0x01fffd50 a1=0x585540 a2=0x5855c0 desc=00000003 00000001 00000001 00000000 00000000 -> v0=0x00000002
[black-dbg] FE:SetPage @0x20b678 a0=0x005b8c80 a1=0x005bc4a0 ra=0x0020b4f4 sp=0x01fffea0 | game=0x0049c000 state=0 cur=0x004bc220 pend=0x00000000
[black-fe] g=9.91 FE:SetPage a0="" a1="BootSequence" a0+60="" a2=0x4 a3=0xeefdf62b
[black-dbg]   enter FE:SetPage s0=0x005bc4c0 s1=0x00000000
[black-dbg]   ctor slots: s0=00000000_00410000 s1=00000000_00410000 s4=00000000_00000000 ra=00000001
[black-dbg]   leave FE:SetPage pc=0x0023a250 (ra_in=0x0020b4f4) s0=0x00000000 (in 0x005bc4c0) sp=0x01fffb00 (in 0x01fffea0) v0=0x00000000 stack[s0 slot?]
[black-dbc] dbc_29ba58 a0=0x00000002 a1=0x100 a2=0x4001d0 a3=0x0 [a1]=00000000 00000000 00000000 00000000 ra=0029ccbc -> v0=0xfffffff4
[black-dbc] sceDbcDeleteSocket a0=0x00000002 a1=0x445d40 a2=0x445cc0 desc=fffffff4 00000000 00000000 00000000 00000000 -> v0=0x00000001
[black-dbg] Video::play @0x1094c0 a0=0x004bc26c a1=0x01fffea0 ra=0x001040ec sp=0x01fffe90 | game=0x0049c000 state=0 cur=0x004bc220 pend=0x00000000
[black-fe] g=9.94 Video::play a0="" a1="LO_N_US" a0+60="" a2=0x1 a3=0x0
[black-dbg]   enter Video::play s0=0x003bc3d4 s1=0x0040d998
[black-dbg]   ctor slots: s0=00000000_00410000 s1=00000000_00410000 s4=00000000_00000000 ra=00000001
[black-dbg]   leave Video::play pc=0x001040ec (ra_in=0x001040ec) s0=0x003bc3d4 (in 0x003bc3d4) sp=0x01fffe90 (in 0x01fffe90) v0=0x00000001 stack[s0 slot?]
[black-fs] open "videos/LO_N_US.m2v" -> 0x0040eff0
[black-dbg] sceMpegCreate @0x293f60 a0=0x0071f070 a1=0x0071f180 ra=0x00271de4 sp=0x01fffd90 | game=0x0049c000 state=0 cur=0x004bc220 pend=0x00000000
[black-dbg]   enter sceMpegCreate s0=0x0071f0b8 s1=0x0071f000
[black-dbg]   ctor slots: s0=00000000_00410000 s1=00000000_00410000 s4=00000000_00000000 ra=00000001
[black-dbg]   leave sceMpegCreate pc=0x00271de4 (ra_in=0x00271de4) s0=0x0071f0b8 (in 0x0071f0b8) sp=0x01fffd90 (in 0x01fffd90) v0=0x0071f298 stack[s0 slot?]
[black-dbc] sceDbcCreateSocket a0=0x01fffd50 a1=0x585540 a2=0x5855c0 desc=00000003 00000001 00000001 00000000 00000000 -> v0=0x00000002
[black-dbc] dbc_29ba58 a0=0x00000002 a1=0x100 a2=0x4001d0 a3=0x0 [a1]=00000000 00000000 00000000 00000000 ra=0029ccbc -> v0=0xfffffff4
[black-dbc] sceDbcDeleteSocket a0=0x00000002 a1=0x445d40 a2=0x445cc0 desc=fffffff4 00000000 00000000 00000000 00000000 -> v0=0x00000001
[black-dbc] sceDbcCreateSocket a0=0x01fffd50 a1=0x585540 a2=0x5855c0 desc=00000003 00000001 00000001 00000000 00000000 -> v0=0x00000002
[black-dbc] dbc_29ba58 a0=0x00000002 a1=0x100 a2=0x4001d0 a3=0x0 [a1]=00000000 00000000 00000000 00000000 ra=0029ccbc -> v0=0xfffffff4
[black-dbc] sceDbcDeleteSocket a0=0x00000002 a1=0x445d40 a2=0x445cc0 desc=fffffff4 00000000 00000000 00000000 00000000 -> v0=0x00000001
[black-dbc] sceDbcCreateSocket a0=0x01fffd50 a1=0x585540 a2=0x5855c0 desc=00000003 00000001 00000001 00000000 00000000 -> v0=0x00000002
[black-dbc] dbc_29ba58 a0=0x00000002 a1=0x100 a2=0x4001d0 a3=0x0 [a1]=00000000 00000000 00000000 00000000 ra=0029ccbc -> v0=0xfffffff4
[black-dbc] sceDbcDeleteSocket a0=0x00000002 a1=0x445d40 a2=0x445cc0 desc=fffffff4 00000000 00000000 00000000 00000000 -> v0=0x00000001
[black-dbc] sceDbcCreateSocket a0=0x01fffd50 a1=0x585540 a2=0x5855c0 desc=00000003 00000001 00000001 00000000 00000000 -> v0=0x00000002
[black-dbc] dbc_29ba58 a0=0x00000002 a1=0x100 a2=0x4001d0 a3=0x0 [a1]=00000000 00000000 00000000 00000000 ra=0029ccbc -> v0=0xfffffff4
[black-dbc] sceDbcDeleteSocket a0=0x00000002 a1=0x445d40 a2=0x445cc0 desc=fffffff4 00000000 00000000 00000000 00000000 -> v0=0x00000001
[black-dbc] sceDbcCreateSocket a0=0x01fffd50 a1=0x585540 a2=0x5855c0 desc=00000003 00000001 00000001 00000000 00000000 -> v0=0x00000000
[black-dbc] dbc_29ba58 a0=0x00000002 a1=0x100 a2=0x4001d0 a3=0x0 [a1]=00000000 00000000 00000000 00000000 ra=0029ccbc -> v0=0xfffffff4
[black-dbc] sceDbcDeleteSocket a0=0x00000002 a1=0x445d40 a2=0x445cc0 desc=fffffff4 00000000 00000000 00000000 00000000 -> v0=0x00000001
[black-state] t=10.9 g=10.3 upd=301 feState=28 fe+0x37a4=28 streamerBusy=0x0000 mode=0 cur=0x004bc220 pend=0x00000000 pendState=0
[black-dbcwork] 00000000 00000001 00000000 00000000 00000000 00000000 00000000 00000000 | 00000000 00000001 00000000 00000000
[black-mcrx] b00: 00000000 00000000 00000000 00000000 00000000 00000000 | b80: 00000000 00000000 00000000 00000000 00000000 00000000
[black-mc] obj=0x005bd980 +0=0 +4=28 +8=1 state=1 +10=11 +14=0 +18=0 +1c=0
[black-snd] upd=301 slotState=0x100 slotLoaded=1 req=0x01ca2210 reqState=0x1 stream=0 streamFlags=0x0
[black-gs] upd=301 pmode=0x8003 dispfb1=0x51400 display1=0x1bf27f00000000 dispfb2=0x80000051400 display2=0x1be27f00000000 smode2=0x0 vsync=618 nativeGif=0 nativeImg=0
[black-gs]   bitbltbuf dbp=0 dbw=0 dpsm=0x0 trxreg=0x0 trxdir=3 xfer 0/0
[black-gs]   hist=111 giftag=0 reg=0 draw=0 xfer=0 present=111 lastDrawFbp=0 verts=0 frame=105 | present 640x448 dispFbp=0 srcFbp=0 has=1
[black-gs]   frame 640x448 media=0.0 naoPretos=0
[black-gs]   tex@2240 somaAmostra=0
[black-dbc] sceDbcCreateSocket a0=0x01fffd50 a1=0x585540 a2=0x5855c0 desc=00000003 00000001 00000001 00000000 00000000 -> v0=0x00000002
[black-dbc] dbc_29ba58 a0=0x00000002 a1=0x100 a2=0x4001d0 a3=0x0 [a1]=00000000 00000000 00000000 00000000 ra=0029ccbc -> v0=0xfffffff4
[black-dbc] sceDbcDeleteSocket a0=0x00000002 a1=0x445d40 a2=0x445cc0 desc=fffffff4 00000000 00000000 00000000 00000000 -> v0=0x00000001
[black-dbg] sceMpegGetPicture @0x294ac8 a0=0x0071f070 a1=0x00973300 ra=0x00272074 sp=0x01fffe10 | game=0x0049c000 state=0 cur=0x004bc220 pend=0x00000000
[black-dbg]   enter sceMpegGetPicture s0=0x0071f000 s1=0x00000000
[black-dbg]   ctor slots: s0=00000000_00410000 s1=00000000_00410000 s4=00000000_00000000 ra=00000001
[black-dbc] sceDbcCreateSocket a0=0x01fffd50 a1=0x585540 a2=0x5855c0 desc=00000003 00000001 00000001 00000000 00000000 -> v0=0x00000002
[black-dbg] sceMpegGetPicture @0x294ac8 a0=0x0071f070 a1=0x00a9f300 ra=0x00272074 sp=0x01fffe10 | game=0x0049c000 state=0 cur=0x004bc220 pend=0x00000000
[black-dbg]   enter sceMpegGetPicture s0=0x0071f000 s1=0x00000000
[black-dbg]   ctor slots: s0=00000000_00410000 s1=00000000_00410000 s4=00000000_00000000 ra=00000001
[black-dbg]   leave sceMpegGetPicture pc=0x00272074 (ra_in=0x00272074) s0=0x0071f000 (in 0x0071f000) sp=0x01fffe10 (in 0x01fffe10) v0=0x00000000 stack[s0 slot?]
[black-dbc] dbc_29ba58 a0=0x00000002 a1=0x100 a2=0x4001d0 a3=0x0 [a1]=00000000 00000000 00000000 00000000 ra=0029ccbc -> v0=0xfffffff4
[black-dbc] sceDbcDeleteSocket a0=0x00000002 a1=0x445d40 a2=0x445cc0 desc=fffffff4 00000000 00000000 00000000 00000000 -> v0=0x00000001
[black-dbg] sceMpegGetPicture @0x294ac8 a0=0x0071f070 a1=0x00973300 ra=0x00272074 sp=0x01fffe10 | game=0x0049c000 state=0 cur=0x004bc220 pend=0x00000000
[black-dbg]   enter sceMpegGetPicture s0=0x0071f000 s1=0x00000000
[black-dbg]   ctor slots: s0=00000000_00410000 s1=00000000_00410000 s4=00000000_00000000 ra=00000001
[black-dbg]   leave sceMpegGetPicture pc=0x00272074 (ra_in=0x00272074) s0=0x0071f000 (in 0x0071f000) sp=0x01fffe10 (in 0x01fffe10) v0=0x00000000 stack[s0 slot?]
[black-dbc] sceDbcCreateSocket a0=0x01fffd50 a1=0x585540 a2=0x5855c0 desc=00000003 00000001 00000001 00000000 00000000 -> v0=0x00000002
[black-dbc] dbc_29ba58 a0=0x00000002 a1=0x100 a2=0x4001d0 a3=0x0 [a1]=00000000 00000000 00000000 00000000 ra=0029ccbc -> v0=0xfffffff4
[black-dbc] sceDbcDeleteSocket a0=0x00000002 a1=0x445d40 a2=0x445cc0 desc=fffffff4 00000000 00000000 00000000 00000000 -> v0=0x00000001
[black-dbc] sceDbcCreateSocket a0=0x01fffd50 a1=0x585540 a2=0x5855c0 desc=00000003 00000001 00000001 00000000 00000000 -> v0=0x00000002
[black-video] skip solicitado por Select, objeto=0x004bc26c
[black-dbc] dbc_29ba58 a0=0x00000002 a1=0x100 a2=0x4001d0 a3=0x0 [a1]=00000000 00000000 00000000 00000000 ra=0029ccbc -> v0=0xfffffff4
[black-dbc] sceDbcDeleteSocket a0=0x00000002 a1=0x445d40 a2=0x445cc0 desc=fffffff4 00000000 00000000 00000000 00000000 -> v0=0x00000001
[black-dbc] sceDbcCreateSocket a0=0x01fffd50 a1=0x585540 a2=0x5855c0 desc=00000003 00000001 00000001 00000000 00000000 -> v0=0x00000002
[black-dbg] FE:SetPage @0x20b678 a0=0x005b8c80 a1=0x005bc4a0 ra=0x0020b4f4 sp=0x01fffea0 | game=0x0049c000 state=0 cur=0x004bc220 pend=0x00000000
[black-fe] g=10.58 FE:SetPage a0="" a1="PressStart" a0+60="" a2=0x4 a3=0x109fcf2
[black-dbg]   enter FE:SetPage s0=0x005bc4c0 s1=0x005bc4a0
[black-dbg]   ctor slots: s0=00000000_00410000 s1=00000000_00410000 s4=00000000_00000000 ra=00000001
[black-dbg]   leave FE:SetPage pc=0x0023a250 (ra_in=0x0020b4f4) s0=0x00000000 (in 0x005bc4c0) sp=0x01fffb00 (in 0x01fffea0) v0=0x00000000 stack[s0 slot?]
[black-dbc] dbc_29ba58 a0=0x00000002 a1=0x100 a2=0x4001d0 a3=0x0 [a1]=00000000 00000000 00000000 00000000 ra=0029ccbc -> v0=0xfffffff4
[black-dbc] sceDbcDeleteSocket a0=0x00000002 a1=0x445d40 a2=0x445cc0 desc=fffffff4 00000000 00000000 00000000 00000000 -> v0=0x00000001
[black-dbg] Video::play @0x1094c0 a0=0x004bc26c a1=0x01fffea0 ra=0x001040ec sp=0x01fffe90 | game=0x0049c000 state=0 cur=0x004bc220 pend=0x00000000
[black-fe] g=10.61 Video::play a0="" a1="AK_N" a0+60="" a2=0xd a3=0x1
[black-dbg]   enter Video::play s0=0x003bc4dc s1=0x0040d998
[black-dbg]   ctor slots: s0=00000000_00410000 s1=00000000_00410000 s4=00000000_00000000 ra=00000001
[black-dbg]   leave Video::play pc=0x001040ec (ra_in=0x001040ec) s0=0x003bc4dc (in 0x003bc4dc) sp=0x01fffe90 (in 0x01fffe90) v0=0x00000001 stack[s0 slot?]
[black-fs] open "videos/AK_N.m2v" -> 0x0040eff0
[black-dbg] sceMpegCreate @0x293f60 a0=0x0071f070 a1=0x0071f180 ra=0x00271de4 sp=0x01fffd90 | game=0x0049c000 state=0 cur=0x004bc220 pend=0x00000000
[black-dbg]   enter sceMpegCreate s0=0x0071f0b8 s1=0x0071f000
[black-dbg]   ctor slots: s0=00000000_00410000 s1=00000000_00410000 s4=00000000_00000000 ra=00000001
[black-dbg]   leave sceMpegCreate pc=0x00271de4 (ra_in=0x00271de4) s0=0x0071f0b8 (in 0x0071f0b8) sp=0x01fffd90 (in 0x01fffd90) v0=0x0071f298 stack[s0 slot?]
[black-dbc] sceDbcCreateSocket a0=0x01fffd50 a1=0x585540 a2=0x5855c0 desc=00000003 00000001 00000001 00000000 00000000 -> v0=0x00000002
[black-dbc] dbc_29ba58 a0=0x00000002 a1=0x100 a2=0x4001d0 a3=0x0 [a1]=00000000 00000000 00000000 00000000 ra=0029ccbc -> v0=0xfffffff4
[black-dbc] sceDbcDeleteSocket a0=0x00000002 a1=0x445d40 a2=0x445cc0 desc=fffffff4 00000000 00000000 00000000 00000000 -> v0=0x00000001
[parallel-gs] primitives=85165 readbacks=600 scanout=640x448 smode1=0000000740804504
[black-dbc] sceDbcCreateSocket a0=0x01fffd50 a1=0x585540 a2=0x5855c0 desc=00000003 00000001 00000001 00000000 00000000 -> v0=0x00000002
[black-dbc] dbc_29ba58 a0=0x00000002 a1=0x100 a2=0x4001d0 a3=0x0 [a1]=00000000 00000000 00000000 00000000 ra=0029ccbc -> v0=0xfffffff4
[black-dbc] sceDbcDeleteSocket a0=0x00000002 a1=0x445d40 a2=0x445cc0 desc=fffffff4 00000000 00000000 00000000 00000000 -> v0=0x00000001
[black-dbc] sceDbcCreateSocket a0=0x01fffd50 a1=0x585540 a2=0x5855c0 desc=00000003 00000001 00000001 00000000 00000000 -> v0=0x00000002
[black-dbc] dbc_29ba58 a0=0x00000002 a1=0x100 a2=0x4001d0 a3=0x0 [a1]=00000000 00000000 00000000 00000000 ra=0029ccbc -> v0=0xfffffff4
[black-dbc] sceDbcDeleteSocket a0=0x00000002 a1=0x445d40 a2=0x445cc0 desc=fffffff4 00000000 00000000 00000000 00000000 -> v0=0x00000001
[black-dbc] sceDbcCreateSocket a0=0x01fffd50 a1=0x585540 a2=0x5855c0 desc=00000003 00000001 00000001 00000000 00000000 -> v0=0x00000002
[black-dbc] dbc_29ba58 a0=0x00000002 a1=0x100 a2=0x4001d0 a3=0x0 [a1]=00000000 00000000 00000000 00000000 ra=0029ccbc -> v0=0xfffffff4
[black-dbc] sceDbcDeleteSocket a0=0x00000002 a1=0x445d40 a2=0x445cc0 desc=fffffff4 00000000 00000000 00000000 00000000 -> v0=0x00000001
[black-dbc] sceDbcCreateSocket a0=0x01fffd50 a1=0x585540 a2=0x5855c0 desc=00000003 00000001 00000001 00000000 00000000 -> v0=0x00000002
[black-dbc] dbc_29ba58 a0=0x00000002 a1=0x100 a2=0x4001d0 a3=0x0 [a1]=00000000 00000000 00000000 00000000 ra=0029ccbc -> v0=0xfffffff4
[black-dbc] sceDbcDeleteSocket a0=0x00000002 a1=0x445d40 a2=0x445cc0 desc=fffffff4 00000000 00000000 00000000 00000000 -> v0=0x00000001
[black-dbc] sceDbcCreateSocket a0=0x01fffd50 a1=0x585540 a2=0x5855c0 desc=00000003 00000001 00000001 00000000 00000000 -> v0=0x00000002
[black-dbc] dbc_29ba58 a0=0x00000002 a1=0x100 a2=0x4001d0 a3=0x0 [a1]=00000000 00000000 00000000 00000000 ra=0029ccbc -> v0=0xfffffff4
[black-dbc] sceDbcDeleteSocket a0=0x00000002 a1=0x445d40 a2=0x445cc0 desc=fffffff4 00000000 00000000 00000000 00000000 -> v0=0x00000001
[black-dbc] sceDbcCreateSocket a0=0x01fffd50 a1=0x585540 a2=0x5855c0 desc=00000003 00000001 00000001 00000000 00000000 -> v0=0x00000002
[black-dbc] dbc_29ba58 a0=0x00000002 a1=0x100 a2=0x4001d0 a3=0x0 [a1]=00000000 00000000 00000000 00000000 ra=0029ccbc -> v0=0xfffffff4
[black-dbc] sceDbcDeleteSocket a0=0x00000002 a1=0x445d40 a2=0x445cc0 desc=fffffff4 00000000 00000000 00000000 00000000 -> v0=0x00000001
[black-dbc] sceDbcCreateSocket a0=0x01fffd50 a1=0x585540 a2=0x5855c0 desc=00000003 00000001 00000001 00000000 00000000 -> v0=0x00000002
[black-dbc] dbc_29ba58 a0=0x00000002 a1=0x100 a2=0x4001d0 a3=0x0 [a1]=00000000 00000000 00000000 00000000 ra=0029ccbc -> v0=0xfffffff4
[black-dbc] sceDbcDeleteSocket a0=0x00000002 a1=0x445d40 a2=0x445cc0 desc=fffffff4 00000000 00000000 00000000 00000000 -> v0=0x00000001
[black-dbc] sceDbcCreateSocket a0=0x01fffd50 a1=0x585540 a2=0x5855c0 desc=00000003 00000001 00000001 00000000 00000000 -> v0=0x00000002
[black-dbc] dbc_29ba58 a0=0x00000002 a1=0x100 a2=0x4001d0 a3=0x0 [a1]=00000000 00000000 00000000 00000000 ra=0029ccbc -> v0=0xfffffff4
[black-dbc] sceDbcDeleteSocket a0=0x00000002 a1=0x445d40 a2=0x445cc0 desc=fffffff4 00000000 00000000 00000000 00000000 -> v0=0x00000001
[black-dbc] sceDbcCreateSocket a0=0x01fffd50 a1=0x585540 a2=0x5855c0 desc=00000003 00000001 00000001 00000000 00000000 -> v0=0x00000002
[black-dbc] dbc_29ba58 a0=0x00000002 a1=0x100 a2=0x4001d0 a3=0x0 [a1]=00000000 00000000 00000000 00000000 ra=0029ccbc -> v0=0xfffffff4
[black-dbc] sceDbcDeleteSocket a0=0x00000002 a1=0x445d40 a2=0x445cc0 desc=fffffff4 00000000 00000000 00000000 00000000 -> v0=0x00000001
[black-dbc] sceDbcCreateSocket a0=0x01fffd50 a1=0x585540 a2=0x5855c0 desc=00000003 00000001 00000001 00000000 00000000 -> v0=0x00000002
[black-dbc] dbc_29ba58 a0=0x00000002 a1=0x100 a2=0x4001d0 a3=0x0 [a1]=00000000 00000000 00000000 00000000 ra=0029ccbc -> v0=0xfffffff4
[black-dbc] sceDbcDeleteSocket a0=0x00000002 a1=0x445d40 a2=0x445cc0 desc=fffffff4 00000000 00000000 00000000 00000000 -> v0=0x00000001
[black-dbc] sceDbcCreateSocket a0=0x01fffd50 a1=0x585540 a2=0x5855c0 desc=00000003 00000001 00000001 00000000 00000000 -> v0=0x00000002
[black-dbc] dbc_29ba58 a0=0x00000002 a1=0x100 a2=0x4001d0 a3=0x0 [a1]=00000000 00000000 00000000 00000000 ra=0029ccbc -> v0=0xfffffff4
[black-dbc] sceDbcDeleteSocket a0=0x00000002 a1=0x445d40 a2=0x445cc0 desc=fffffff4 00000000 00000000 00000000 00000000 -> v0=0x00000001
[black-dbc] sceDbcCreateSocket a0=0x01fffd50 a1=0x585540 a2=0x5855c0 desc=00000003 00000001 00000001 00000000 00000000 -> v0=0x00000002
[black-dbc] dbc_29ba58 a0=0x00000002 a1=0x100 a2=0x4001d0 a3=0x0 [a1]=00000000 00000000 00000000 00000000 ra=0029ccbc -> v0=0xfffffff4
[black-dbc] sceDbcDeleteSocket a0=0x00000002 a1=0x445d40 a2=0x445cc0 desc=fffffff4 00000000 00000000 00000000 00000000 -> v0=0x00000001
[black-dbc] sceDbcCreateSocket a0=0x01fffd50 a1=0x585540 a2=0x5855c0 desc=00000003 00000001 00000001 00000000 00000000 -> v0=0x00000002
[black-dbc] dbc_29ba58 a0=0x00000002 a1=0x100 a2=0x4001d0 a3=0x0 [a1]=00000000 00000000 00000000 00000000 ra=0029ccbc -> v0=0xfffffff4
[black-dbc] sceDbcDeleteSocket a0=0x00000002 a1=0x445d40 a2=0x445cc0 desc=fffffff4 00000000 00000000 00000000 00000000 -> v0=0x00000001
[black-dbc] sceDbcCreateSocket a0=0x01fffd50 a1=0x585540 a2=0x5855c0 desc=00000003 00000001 00000001 00000000 00000000 -> v0=0x00000002
[black-dbc] dbc_29ba58 a0=0x00000002 a1=0x100 a2=0x4001d0 a3=0x0 [a1]=00000000 00000000 00000000 00000000 ra=0029ccbc -> v0=0xfffffff4
[black-dbc] sceDbcDeleteSocket a0=0x00000002 a1=0x445d40 a2=0x445cc0 desc=fffffff4 00000000 00000000 00000000 00000000 -> v0=0x00000001
[black-dbc] sceDbcCreateSocket a0=0x01fffd50 a1=0x585540 a2=0x5855c0 desc=00000003 00000001 00000001 00000000 00000000 -> v0=0x00000002
[black-dbc] dbc_29ba58 a0=0x00000002 a1=0x100 a2=0x4001d0 a3=0x0 [a1]=00000000 00000000 00000000 00000000 ra=0029ccbc -> v0=0xfffffff4
[black-dbc] sceDbcDeleteSocket a0=0x00000002 a1=0x445d40 a2=0x445cc0 desc=fffffff4 00000000 00000000 00000000 00000000 -> v0=0x00000001
[black-dbc] sceDbcCreateSocket a0=0x01fffd50 a1=0x585540 a2=0x5855c0 desc=00000003 00000001 00000001 00000000 00000000 -> v0=0x00000002
[black-dbc] dbc_29ba58 a0=0x00000002 a1=0x100 a2=0x4001d0 a3=0x0 [a1]=00000000 00000000 00000000 00000000 ra=0029ccbc -> v0=0xfffffff4
[black-dbc] sceDbcDeleteSocket a0=0x00000002 a1=0x445d40 a2=0x445cc0 desc=fffffff4 00000000 00000000 00000000 00000000 -> v0=0x00000001
[black-dbc] sceDbcCreateSocket a0=0x01fffd50 a1=0x585540 a2=0x5855c0 desc=00000003 00000001 00000001 00000000 00000000 -> v0=0x00000002
[black-dbc] dbc_29ba58 a0=0x00000002 a1=0x100 a2=0x4001d0 a3=0x0 [a1]=00000000 00000000 00000000 00000000 ra=0029ccbc -> v0=0xfffffff4
[black-dbc] sceDbcDeleteSocket a0=0x00000002 a1=0x445d40 a2=0x445cc0 desc=fffffff4 00000000 00000000 00000000 00000000 -> v0=0x00000001
[black-dbc] sceDbcCreateSocket a0=0x01fffd50 a1=0x585540 a2=0x5855c0 desc=00000003 00000001 00000001 00000000 00000000 -> v0=0x00000002
[black-dbc] dbc_29ba58 a0=0x00000002 a1=0x100 a2=0x4001d0 a3=0x0 [a1]=00000000 00000000 00000000 00000000 ra=0029ccbc -> v0=0xfffffff4
[black-dbc] sceDbcDeleteSocket a0=0x00000002 a1=0x445d40 a2=0x445cc0 desc=fffffff4 00000000 00000000 00000000 00000000 -> v0=0x00000001
[black-dbc] sceDbcCreateSocket a0=0x01fffd50 a1=0x585540 a2=0x5855c0 desc=00000003 00000001 00000001 00000000 00000000 -> v0=0x00000002
[black-dbc] dbc_29ba58 a0=0x00000002 a1=0x100 a2=0x4001d0 a3=0x0 [a1]=00000000 00000000 00000000 00000000 ra=0029ccbc -> v0=0xfffffff4
[black-dbc] sceDbcDeleteSocket a0=0x00000002 a1=0x445d40 a2=0x445cc0 desc=fffffff4 00000000 00000000 00000000 00000000 -> v0=0x00000001
[black-dbc] sceDbcCreateSocket a0=0x01fffd50 a1=0x585540 a2=0x5855c0 desc=00000003 00000001 00000001 00000000 00000000 -> v0=0x00000002
[black-dbc] dbc_29ba58 a0=0x00000002 a1=0x100 a2=0x4001d0 a3=0x0 [a1]=00000000 00000000 00000000 00000000 ra=0029ccbc -> v0=0xfffffff4
[black-dbc] sceDbcDeleteSocket a0=0x00000002 a1=0x445d40 a2=0x445cc0 desc=fffffff4 00000000 00000000 00000000 00000000 -> v0=0x00000001
[black-dbc] sceDbcCreateSocket a0=0x01fffd50 a1=0x585540 a2=0x5855c0 desc=00000003 00000001 00000001 00000000 00000000 -> v0=0x00000002
[black-dbc] dbc_29ba58 a0=0x00000002 a1=0x100 a2=0x4001d0 a3=0x0 [a1]=00000000 00000000 00000000 00000000 ra=0029ccbc -> v0=0xfffffff4
[black-dbc] sceDbcDeleteSocket a0=0x00000002 a1=0x445d40 a2=0x445cc0 desc=fffffff4 00000000 00000000 00000000 00000000 -> v0=0x00000001
[black-dbc] sceDbcCreateSocket a0=0x01fffd50 a1=0x585540 a2=0x5855c0 desc=00000003 00000001 00000001 00000000 00000000 -> v0=0x00000002
[black-dbc] dbc_29ba58 a0=0x00000002 a1=0x100 a2=0x4001d0 a3=0x0 [a1]=00000000 00000000 00000000 00000000 ra=0029ccbc -> v0=0xfffffff4
[black-dbc] sceDbcDeleteSocket a0=0x00000002 a1=0x445d40 a2=0x445cc0 desc=fffffff4 00000000 00000000 00000000 00000000 -> v0=0x00000001
[black-dbc] sceDbcCreateSocket a0=0x01fffd50 a1=0x585540 a2=0x5855c0 desc=00000003 00000001 00000001 00000000 00000000 -> v0=0x00000002
[black-dbc] dbc_29ba58 a0=0x00000002 a1=0x100 a2=0x4001d0 a3=0x0 [a1]=00000000 00000000 00000000 00000000 ra=0029ccbc -> v0=0xfffffff4
[black-dbc] sceDbcDeleteSocket a0=0x00000002 a1=0x445d40 a2=0x445cc0 desc=fffffff4 00000000 00000000 00000000 00000000 -> v0=0x00000001
[black-dbc] sceDbcCreateSocket a0=0x01fffd50 a1=0x585540 a2=0x5855c0 desc=00000003 00000001 00000001 00000000 00000000 -> v0=0x00000002
[black-dbc] dbc_29ba58 a0=0x00000002 a1=0x100 a2=0x4001d0 a3=0x0 [a1]=00000000 00000000 00000000 00000000 ra=0029ccbc -> v0=0xfffffff4
[black-dbc] sceDbcDeleteSocket a0=0x00000002 a1=0x445d40 a2=0x445cc0 desc=fffffff4 00000000 00000000 00000000 00000000 -> v0=0x00000001
[black-state] t=12.9 g=12.3 upd=361 feState=28 fe+0x37a4=28 streamerBusy=0x0000 mode=0 cur=0x004bc220 pend=0x00000000 pendState=0
[black-dbcwork] 00000000 00000001 00000000 00000000 00000000 00000000 00000000 00000000 | 00000000 00000001 00000000 00000000
[black-mcrx] b00: 00000000 00000000 00000000 00000000 00000000 00000000 | b80: 00000000 00000000 00000000 00000000 00000000 00000000
[black-mc] obj=0x005bd980 +0=0 +4=28 +8=1 state=1 +10=11 +14=0 +18=0 +1c=0
[black-snd] upd=361 slotState=0x100 slotLoaded=1 req=0x01ca2210 reqState=0x1 stream=0 streamFlags=0x0
[black-gs] upd=361 pmode=0x8003 dispfb1=0x51400 display1=0x1bf27f00000000 dispfb2=0x80000051400 display2=0x1be27f00000000 smode2=0x0 vsync=738 nativeGif=0 nativeImg=0
[black-gs]   bitbltbuf dbp=0 dbw=0 dpsm=0x0 trxreg=0x0 trxdir=3 xfer 0/0
[black-gs]   hist=106 giftag=0 reg=0 draw=0 xfer=0 present=106 lastDrawFbp=0 verts=0 frame=83 | present 640x448 dispFbp=0 srcFbp=0 has=1
[black-gs]   frame 640x448 media=24.3 naoPretos=133280
[black-gs]   tex@2240 somaAmostra=305272552
[black-dbc] sceDbcCreateSocket a0=0x01fffd50 a1=0x585540 a2=0x5855c0 desc=00000003 00000001 00000001 00000000 00000000 -> v0=0x00000002
[black-dbc] dbc_29ba58 a0=0x00000002 a1=0x100 a2=0x4001d0 a3=0x0 [a1]=00000000 00000000 00000000 00000000 ra=0029ccbc -> v0=0xfffffff4
[black-dbc] sceDbcDeleteSocket a0=0x00000002 a1=0x445d40 a2=0x445cc0 desc=fffffff4 00000000 00000000 00000000 00000000 -> v0=0x00000001
[black-dbc] sceDbcCreateSocket a0=0x01fffd50 a1=0x585540 a2=0x5855c0 desc=00000003 00000001 00000001 00000000 00000000 -> v0=0x00000002
[black-dbc] dbc_29ba58 a0=0x00000002 a1=0x100 a2=0x4001d0 a3=0x0 [a1]=00000000 00000000 00000000 00000000 ra=0029ccbc -> v0=0xfffffff4
[black-dbc] sceDbcDeleteSocket a0=0x00000002 a1=0x445d40 a2=0x445cc0 desc=fffffff4 00000000 00000000 00000000 00000000 -> v0=0x00000001
[black-dbc] sceDbcCreateSocket a0=0x01fffd50 a1=0x585540 a2=0x5855c0 desc=00000003 00000001 00000001 00000000 00000000 -> v0=0x00000002
[black-dbc] dbc_29ba58 a0=0x00000002 a1=0x100 a2=0x4001d0 a3=0x0 [a1]=00000000 00000000 00000000 00000000 ra=0029ccbc -> v0=0xfffffff4
[black-dbc] sceDbcDeleteSocket a0=0x00000002 a1=0x445d40 a2=0x445cc0 desc=fffffff4 00000000 00000000 00000000 00000000 -> v0=0x00000001
[black-dbc] sceDbcCreateSocket a0=0x01fffd50 a1=0x585540 a2=0x5855c0 desc=00000003 00000001 00000001 00000000 00000000 -> v0=0x00000002
[black-dbc] dbc_29ba58 a0=0x00000002 a1=0x100 a2=0x4001d0 a3=0x0 [a1]=00000000 00000000 00000000 00000000 ra=0029ccbc -> v0=0xfffffff4
[black-dbc] sceDbcDeleteSocket a0=0x00000002 a1=0x445d40 a2=0x445cc0 desc=fffffff4 00000000 00000000 00000000 00000000 -> v0=0x00000001
[black-dbc] sceDbcCreateSocket a0=0x01fffd50 a1=0x585540 a2=0x5855c0 desc=00000003 00000001 00000001 00000000 00000000 -> v0=0x00000002
[black-dbc] dbc_29ba58 a0=0x00000002 a1=0x100 a2=0x4001d0 a3=0x0 [a1]=00000000 00000000 00000000 00000000 ra=0029ccbc -> v0=0xfffffff4
[black-dbc] sceDbcDeleteSocket a0=0x00000002 a1=0x445d40 a2=0x445cc0 desc=fffffff4 00000000 00000000 00000000 00000000 -> v0=0x00000001
[black-dbc] sceDbcCreateSocket a0=0x01fffd50 a1=0x585540 a2=0x5855c0 desc=00000003 00000001 00000001 00000000 00000000 -> v0=0x00000002
[black-dbc] dbc_29ba58 a0=0x00000002 a1=0x100 a2=0x4001d0 a3=0x0 [a1]=00000000 00000000 00000000 00000000 ra=0029ccbc -> v0=0xfffffff4
[black-dbc] sceDbcDeleteSocket a0=0x00000002 a1=0x445d40 a2=0x445cc0 desc=fffffff4 00000000 00000000 00000000 00000000 -> v0=0x00000001
[black-dbc] sceDbcCreateSocket a0=0x01fffd50 a1=0x585540 a2=0x5855c0 desc=00000003 00000001 00000001 00000000 00000000 -> v0=0x00000002
[black-dbc] dbc_29ba58 a0=0x00000002 a1=0x100 a2=0x4001d0 a3=0x0 [a1]=00000000 00000000 00000000 00000000 ra=0029ccbc -> v0=0xfffffff4
[black-dbc] sceDbcDeleteSocket a0=0x00000002 a1=0x445d40 a2=0x445cc0 desc=fffffff4 00000000 00000000 00000000 00000000 -> v0=0x00000001
[black-dbc] sceDbcCreateSocket a0=0x01fffd50 a1=0x585540 a2=0x5855c0 desc=00000003 00000001 00000001 00000000 00000000 -> v0=0x00000002
[black-dbc] dbc_29ba58 a0=0x00000002 a1=0x100 a2=0x4001d0 a3=0x0 [a1]=00000000 00000000 00000000 00000000 ra=0029ccbc -> v0=0xfffffff4
[black-dbc] sceDbcDeleteSocket a0=0x00000002 a1=0x445d40 a2=0x445cc0 desc=fffffff4 00000000 00000000 00000000 00000000 -> v0=0x00000001
[black-dbc] sceDbcCreateSocket a0=0x01fffd50 a1=0x585540 a2=0x5855c0 desc=00000003 00000001 00000001 00000000 00000000 -> v0=0x00000002
[black-dbc] dbc_29ba58 a0=0x00000002 a1=0x100 a2=0x4001d0 a3=0x0 [a1]=00000000 00000000 00000000 00000000 ra=0029ccbc -> v0=0xfffffff4
[black-dbc] sceDbcDeleteSocket a0=0x00000002 a1=0x445d40 a2=0x445cc0 desc=fffffff4 00000000 00000000 00000000 00000000 -> v0=0x00000001
[parallel-gs] primitives=110893 readbacks=720 scanout=640x448 smode1=0000000740804504
[black-dbc] sceDbcCreateSocket a0=0x01fffd50 a1=0x585540 a2=0x5855c0 desc=00000003 00000001 00000001 00000000 00000000 -> v0=0x00000002
[black-dbc] dbc_29ba58 a0=0x00000002 a1=0x100 a2=0x4001d0 a3=0x0 [a1]=00000000 00000000 00000000 00000000 ra=0029ccbc -> v0=0xfffffff4
[black-dbc] sceDbcDeleteSocket a0=0x00000002 a1=0x445d40 a2=0x445cc0 desc=fffffff4 00000000 00000000 00000000 00000000 -> v0=0x00000001
[black-dbc] sceDbcCreateSocket a0=0x01fffd50 a1=0x585540 a2=0x5855c0 desc=00000003 00000001 00000001 00000000 00000000 -> v0=0x00000002
[black-dbc] dbc_29ba58 a0=0x00000002 a1=0x100 a2=0x4001d0 a3=0x0 [a1]=00000000 00000000 00000000 00000000 ra=0029ccbc -> v0=0xfffffff4
[black-dbc] sceDbcDeleteSocket a0=0x00000002 a1=0x445d40 a2=0x445cc0 desc=fffffff4 00000000 00000000 00000000 00000000 -> v0=0x00000001
[black-dbc] sceDbcCreateSocket a0=0x01fffd50 a1=0x585540 a2=0x5855c0 desc=00000003 00000001 00000001 00000000 00000000 -> v0=0x00000002
[black-dbc] dbc_29ba58 a0=0x00000002 a1=0x100 a2=0x4001d0 a3=0x0 [a1]=00000000 00000000 00000000 00000000 ra=0029ccbc -> v0=0xfffffff4
[black-dbc] sceDbcDeleteSocket a0=0x00000002 a1=0x445d40 a2=0x445cc0 desc=fffffff4 00000000 00000000 00000000 00000000 -> v0=0x00000001
[black-dbc] sceDbcCreateSocket a0=0x01fffd50 a1=0x585540 a2=0x5855c0 desc=00000003 00000001 00000001 00000000 00000000 -> v0=0x00000002
[black-dbc] dbc_29ba58 a0=0x00000002 a1=0x100 a2=0x4001d0 a3=0x0 [a1]=00000000 00000000 00000000 00000000 ra=0029ccbc -> v0=0xfffffff4
[black-dbc] sceDbcDeleteSocket a0=0x00000002 a1=0x445d40 a2=0x445cc0 desc=fffffff4 00000000 00000000 00000000 00000000 -> v0=0x00000001
[black-dbc] sceDbcCreateSocket a0=0x01fffd50 a1=0x585540 a2=0x5855c0 desc=00000003 00000001 00000001 00000000 00000000 -> v0=0x00000002
[black-dbc] dbc_29ba58 a0=0x00000002 a1=0x100 a2=0x4001d0 a3=0x0 [a1]=00000000 00000000 00000000 00000000 ra=0029ccbc -> v0=0xfffffff4
[black-dbc] sceDbcDeleteSocket a0=0x00000002 a1=0x445d40 a2=0x445cc0 desc=fffffff4 00000000 00000000 00000000 00000000 -> v0=0x00000001
[black-dbc] sceDbcCreateSocket a0=0x01fffd50 a1=0x585540 a2=0x5855c0 desc=00000003 00000001 00000001 00000000 00000000 -> v0=0x00000002
[black-dbc] dbc_29ba58 a0=0x00000002 a1=0x100 a2=0x4001d0 a3=0x0 [a1]=00000000 00000000 00000000 00000000 ra=0029ccbc -> v0=0xfffffff4
[black-dbc] sceDbcDeleteSocket a0=0x00000002 a1=0x445d40 a2=0x445cc0 desc=fffffff4 00000000 00000000 00000000 00000000 -> v0=0x00000001
[black-dbc] sceDbcCreateSocket a0=0x01fffd50 a1=0x585540 a2=0x5855c0 desc=00000003 00000001 00000001 00000000 00000000 -> v0=0x00000002
[black-dbc] dbc_29ba58 a0=0x00000002 a1=0x100 a2=0x4001d0 a3=0x0 [a1]=00000000 00000000 00000000 00000000 ra=0029ccbc -> v0=0xfffffff4
[black-dbc] sceDbcDeleteSocket a0=0x00000002 a1=0x445d40 a2=0x445cc0 desc=fffffff4 00000000 00000000 00000000 00000000 -> v0=0x00000001
[black-dbc] sceDbcCreateSocket a0=0x01fffd50 a1=0x585540 a2=0x5855c0 desc=00000003 00000001 00000001 00000000 00000000 -> v0=0x00000002
[black-dbc] dbc_29ba58 a0=0x00000002 a1=0x100 a2=0x4001d0 a3=0x0 [a1]=00000000 00000000 00000000 00000000 ra=0029ccbc -> v0=0xfffffff4
[black-dbc] sceDbcDeleteSocket a0=0x00000002 a1=0x445d40 a2=0x445cc0 desc=fffffff4 00000000 00000000 00000000 00000000 -> v0=0x00000001
[black-dbc] sceDbcCreateSocket a0=0x01fffd50 a1=0x585540 a2=0x5855c0 desc=00000003 00000001 00000001 00000000 00000000 -> v0=0x00000002
[black-dbc] dbc_29ba58 a0=0x00000002 a1=0x100 a2=0x4001d0 a3=0x0 [a1]=00000000 00000000 00000000 00000000 ra=0029ccbc -> v0=0xfffffff4
[black-dbc] sceDbcDeleteSocket a0=0x00000002 a1=0x445d40 a2=0x445cc0 desc=fffffff4 00000000 00000000 00000000 00000000 -> v0=0x00000001
[black-dbc] sceDbcCreateSocket a0=0x01fffd50 a1=0x585540 a2=0x5855c0 desc=00000003 00000001 00000001 00000000 00000000 -> v0=0x00000002
[black-dbc] dbc_29ba58 a0=0x00000002 a1=0x100 a2=0x4001d0 a3=0x0 [a1]=00000000 00000000 00000000 00000000 ra=0029ccbc -> v0=0xfffffff4
[black-dbc] sceDbcDeleteSocket a0=0x00000002 a1=0x445d40 a2=0x445cc0 desc=fffffff4 00000000 00000000 00000000 00000000 -> v0=0x00000001
[black-dbc] sceDbcCreateSocket a0=0x01fffd50 a1=0x585540 a2=0x5855c0 desc=00000003 00000001 00000001 00000000 00000000 -> v0=0x00000002
[black-dbc] dbc_29ba58 a0=0x00000002 a1=0x100 a2=0x4001d0 a3=0x0 [a1]=00000000 00000000 00000000 00000000 ra=0029ccbc -> v0=0xfffffff4
[black-dbc] sceDbcDeleteSocket a0=0x00000002 a1=0x445d40 a2=0x445cc0 desc=fffffff4 00000000 00000000 00000000 00000000 -> v0=0x00000001
[black-dbc] sceDbcCreateSocket a0=0x01fffd50 a1=0x585540 a2=0x5855c0 desc=00000003 00000001 00000001 00000000 00000000 -> v0=0x00000002
[black-dbc] dbc_29ba58 a0=0x00000002 a1=0x100 a2=0x4001d0 a3=0x0 [a1]=00000000 00000000 00000000 00000000 ra=0029ccbc -> v0=0xfffffff4
[black-dbc] sceDbcDeleteSocket a0=0x00000002 a1=0x445d40 a2=0x445cc0 desc=fffffff4 00000000 00000000 00000000 00000000 -> v0=0x00000001
[black-dbc] sceDbcCreateSocket a0=0x01fffd50 a1=0x585540 a2=0x5855c0 desc=00000003 00000001 00000001 00000000 00000000 -> v0=0x00000002
[black-dbc] dbc_29ba58 a0=0x00000002 a1=0x100 a2=0x4001d0 a3=0x0 [a1]=00000000 00000000 00000000 00000000 ra=0029ccbc -> v0=0xfffffff4
[black-dbc] sceDbcDeleteSocket a0=0x00000002 a1=0x445d40 a2=0x445cc0 desc=fffffff4 00000000 00000000 00000000 00000000 -> v0=0x00000001
[black-dbc] sceDbcCreateSocket a0=0x01fffd50 a1=0x585540 a2=0x5855c0 desc=00000003 00000001 00000001 00000000 00000000 -> v0=0x00000002
[black-dbc] dbc_29ba58 a0=0x00000002 a1=0x100 a2=0x4001d0 a3=0x0 [a1]=00000000 00000000 00000000 00000000 ra=0029ccbc -> v0=0xfffffff4
[black-dbc] sceDbcDeleteSocket a0=0x00000002 a1=0x445d40 a2=0x445cc0 desc=fffffff4 00000000 00000000 00000000 00000000 -> v0=0x00000001
[black-dbc] sceDbcCreateSocket a0=0x01fffd50 a1=0x585540 a2=0x5855c0 desc=00000003 00000001 00000001 00000000 00000000 -> v0=0x00000002
[black-dbc] dbc_29ba58 a0=0x00000002 a1=0x100 a2=0x4001d0 a3=0x0 [a1]=00000000 00000000 00000000 00000000 ra=0029ccbc -> v0=0xfffffff4
[black-dbc] sceDbcDeleteSocket a0=0x00000002 a1=0x445d40 a2=0x445cc0 desc=fffffff4 00000000 00000000 00000000 00000000 -> v0=0x00000001
[black-dbc] sceDbcCreateSocket a0=0x01fffd50 a1=0x585540 a2=0x5855c0 desc=00000003 00000001 00000001 00000000 00000000 -> v0=0x00000002
[black-dbc] dbc_29ba58 a0=0x00000002 a1=0x100 a2=0x4001d0 a3=0x0 [a1]=00000000 00000000 00000000 00000000 ra=0029ccbc -> v0=0xfffffff4
[black-dbc] sceDbcDeleteSocket a0=0x00000002 a1=0x445d40 a2=0x445cc0 desc=fffffff4 00000000 00000000 00000000 00000000 -> v0=0x00000001
[black-dbc] sceDbcCreateSocket a0=0x01fffd50 a1=0x585540 a2=0x5855c0 desc=00000003 00000001 00000001 00000000 00000000 -> v0=0x00000002
[black-dbc] dbc_29ba58 a0=0x00000002 a1=0x100 a2=0x4001d0 a3=0x0 [a1]=00000000 00000000 00000000 00000000 ra=0029ccbc -> v0=0xfffffff4
[black-dbc] sceDbcDeleteSocket a0=0x00000002 a1=0x445d40 a2=0x445cc0 desc=fffffff4 00000000 00000000 00000000 00000000 -> v0=0x00000001
[black-dbc] sceDbcCreateSocket a0=0x01fffd50 a1=0x585540 a2=0x5855c0 desc=00000003 00000001 00000001 00000000 00000000 -> v0=0x00000002
[black-dbc] dbc_29ba58 a0=0x00000002 a1=0x100 a2=0x4001d0 a3=0x0 [a1]=00000000 00000000 00000000 00000000 ra=0029ccbc -> v0=0xfffffff4
[black-dbc] sceDbcDeleteSocket a0=0x00000002 a1=0x445d40 a2=0x445cc0 desc=fffffff4 00000000 00000000 00000000 00000000 -> v0=0x00000001
[black-dbc] sceDbcCreateSocket a0=0x01fffd50 a1=0x585540 a2=0x5855c0 desc=00000003 00000001 00000001 00000000 00000000 -> v0=0x00000002
[black-dbc] dbc_29ba58 a0=0x00000002 a1=0x100 a2=0x4001d0 a3=0x0 [a1]=00000000 00000000 00000000 00000000 ra=0029ccbc -> v0=0xfffffff4
[black-dbc] sceDbcDeleteSocket a0=0x00000002 a1=0x445d40 a2=0x445cc0 desc=fffffff4 00000000 00000000 00000000 00000000 -> v0=0x00000001
[black-dbc] sceDbcCreateSocket a0=0x01fffd50 a1=0x585540 a2=0x5855c0 desc=00000003 00000001 00000001 00000000 00000000 -> v0=0x00000002
[black-dbc] dbc_29ba58 a0=0x00000002 a1=0x100 a2=0x4001d0 a3=0x0 [a1]=00000000 00000000 00000000 00000000 ra=0029ccbc -> v0=0xfffffff4
[black-dbc] sceDbcDeleteSocket a0=0x00000002 a1=0x445d40 a2=0x445cc0 desc=fffffff4 00000000 00000000 00000000 00000000 -> v0=0x00000001
[black-dbc] sceDbcCreateSocket a0=0x01fffd50 a1=0x585540 a2=0x5855c0 desc=00000003 00000001 00000001 00000000 00000000 -> v0=0x00000002
[black-dbc] dbc_29ba58 a0=0x00000002 a1=0x100 a2=0x4001d0 a3=0x0 [a1]=00000000 00000000 00000000 00000000 ra=0029ccbc -> v0=0xfffffff4
[black-dbc] sceDbcDeleteSocket a0=0x00000002 a1=0x445d40 a2=0x445cc0 desc=fffffff4 00000000 00000000 00000000 00000000 -> v0=0x00000001
[black-state] t=14.9 g=14.3 upd=421 feState=28 fe+0x37a4=28 streamerBusy=0x0000 mode=0 cur=0x004bc220 pend=0x00000000 pendState=0
[black-dbcwork] 00000000 00000001 00000000 00000000 00000000 00000000 00000000 00000000 | 00000000 00000001 00000000 00000000
[black-mcrx] b00: 00000000 00000000 00000000 00000000 00000000 00000000 | b80: 00000000 00000000 00000000 00000000 00000000 00000000
[black-mc] obj=0x005bd980 +0=0 +4=28 +8=1 state=1 +10=11 +14=0 +18=0 +1c=0
[black-snd] upd=421 slotState=0x100 slotLoaded=1 req=0x01ca2210 reqState=0x1 stream=0 streamFlags=0x0
[black-gs] upd=421 pmode=0x8003 dispfb1=0x51400 display1=0x1bf27f00000000 dispfb2=0x80000051400 display2=0x1be27f00000000 smode2=0x0 vsync=858 nativeGif=0 nativeImg=0
[black-gs]   bitbltbuf dbp=0 dbw=0 dpsm=0x0 trxreg=0x0 trxdir=3 xfer 0/0
[black-gs]   hist=102 giftag=0 reg=0 draw=0 xfer=0 present=102 lastDrawFbp=0 verts=0 frame=65 | present 640x448 dispFbp=0 srcFbp=0 has=1
[black-gs]   frame 640x448 media=27.3 naoPretos=127823
[black-gs]   tex@2240 somaAmostra=419798814
[black-dbc] sceDbcCreateSocket a0=0x01fffd50 a1=0x585540 a2=0x5855c0 desc=00000003 00000001 00000001 00000000 00000000 -> v0=0x00000002
[black-dbc] dbc_29ba58 a0=0x00000002 a1=0x100 a2=0x4001d0 a3=0x0 [a1]=00000000 00000000 00000000 00000000 ra=0029ccbc -> v0=0xfffffff4
[black-dbc] sceDbcDeleteSocket a0=0x00000002 a1=0x445d40 a2=0x445cc0 desc=fffffff4 00000000 00000000 00000000 00000000 -> v0=0x00000001
[black-dbc] sceDbcCreateSocket a0=0x01fffd50 a1=0x585540 a2=0x5855c0 desc=00000003 00000001 00000001 00000000 00000000 -> v0=0x00000002
[black-dbc] dbc_29ba58 a0=0x00000002 a1=0x100 a2=0x4001d0 a3=0x0 [a1]=00000000 00000000 00000000 00000000 ra=0029ccbc -> v0=0xfffffff4
[black-dbc] sceDbcDeleteSocket a0=0x00000002 a1=0x445d40 a2=0x445cc0 desc=fffffff4 00000000 00000000 00000000 00000000 -> v0=0x00000001
[black-dbc] sceDbcCreateSocket a0=0x01fffd50 a1=0x585540 a2=0x5855c0 desc=00000003 00000001 00000001 00000000 00000000 -> v0=0x00000002
[black-dbc] dbc_29ba58 a0=0x00000002 a1=0x100 a2=0x4001d0 a3=0x0 [a1]=00000000 00000000 00000000 00000000 ra=0029ccbc -> v0=0xfffffff4
[black-dbc] sceDbcDeleteSocket a0=0x00000002 a1=0x445d40 a2=0x445cc0 desc=fffffff4 00000000 00000000 00000000 00000000 -> v0=0x00000001
[black-dbc] sceDbcCreateSocket a0=0x01fffd50 a1=0x585540 a2=0x5855c0 desc=00000003 00000001 00000001 00000000 00000000 -> v0=0x00000002
[black-dbc] dbc_29ba58 a0=0x00000002 a1=0x100 a2=0x4001d0 a3=0x0 [a1]=00000000 00000000 00000000 00000000 ra=0029ccbc -> v0=0xfffffff4
[black-dbc] sceDbcDeleteSocket a0=0x00000002 a1=0x445d40 a2=0x445cc0 desc=fffffff4 00000000 00000000 00000000 00000000 -> v0=0x00000001
[black-dbc] sceDbcCreateSocket a0=0x01fffd50 a1=0x585540 a2=0x5855c0 desc=00000003 00000001 00000001 00000000 00000000 -> v0=0x00000002
[black-dbc] dbc_29ba58 a0=0x00000002 a1=0x100 a2=0x4001d0 a3=0x0 [a1]=00000000 00000000 00000000 00000000 ra=0029ccbc -> v0=0xfffffff4
[black-dbc] sceDbcDeleteSocket a0=0x00000002 a1=0x445d40 a2=0x445cc0 desc=fffffff4 00000000 00000000 00000000 00000000 -> v0=0x00000001
[black-dbc] sceDbcCreateSocket a0=0x01fffd50 a1=0x585540 a2=0x5855c0 desc=00000003 00000001 00000001 00000000 00000000 -> v0=0x00000002
[black-dbc] dbc_29ba58 a0=0x00000002 a1=0x100 a2=0x4001d0 a3=0x0 [a1]=00000000 00000000 00000000 00000000 ra=0029ccbc -> v0=0xfffffff4
[black-dbc] sceDbcDeleteSocket a0=0x00000002 a1=0x445d40 a2=0x445cc0 desc=fffffff4 00000000 00000000 00000000 00000000 -> v0=0x00000001
[black-dbc] sceDbcCreateSocket a0=0x01fffd50 a1=0x585540 a2=0x5855c0 desc=00000003 00000001 00000001 00000000 00000000 -> v0=0x00000002
[black-dbc] dbc_29ba58 a0=0x00000002 a1=0x100 a2=0x4001d0 a3=0x0 [a1]=00000000 00000000 00000000 00000000 ra=0029ccbc -> v0=0xfffffff4
[black-dbc] sceDbcDeleteSocket a0=0x00000002 a1=0x445d40 a2=0x445cc0 desc=fffffff4 00000000 00000000 00000000 00000000 -> v0=0x00000001
[black-dbc] sceDbcCreateSocket a0=0x01fffd50 a1=0x585540 a2=0x5855c0 desc=00000003 00000001 00000001 00000000 00000000 -> v0=0x00000002
[black-dbc] dbc_29ba58 a0=0x00000002 a1=0x100 a2=0x4001d0 a3=0x0 [a1]=00000000 00000000 00000000 00000000 ra=0029ccbc -> v0=0xfffffff4
[black-dbc] sceDbcDeleteSocket a0=0x00000002 a1=0x445d40 a2=0x445cc0 desc=fffffff4 00000000 00000000 00000000 00000000 -> v0=0x00000001
[black-dbc] sceDbcCreateSocket a0=0x01fffd50 a1=0x585540 a2=0x5855c0 desc=00000003 00000001 00000001 00000000 00000000 -> v0=0x00000002
[black-dbc] dbc_29ba58 a0=0x00000002 a1=0x100 a2=0x4001d0 a3=0x0 [a1]=00000000 00000000 00000000 00000000 ra=0029ccbc -> v0=0xfffffff4
[black-dbc] sceDbcDeleteSocket a0=0x00000002 a1=0x445d40 a2=0x445cc0 desc=fffffff4 00000000 00000000 00000000 00000000 -> v0=0x00000001
[black-dbc] sceDbcCreateSocket a0=0x01fffd50 a1=0x585540 a2=0x5855c0 desc=00000003 00000001 00000001 00000000 00000000 -> v0=0x00000002
[black-dbc] dbc_29ba58 a0=0x00000002 a1=0x100 a2=0x4001d0 a3=0x0 [a1]=00000000 00000000 00000000 00000000 ra=0029ccbc -> v0=0xfffffff4
[black-dbc] sceDbcDeleteSocket a0=0x00000002 a1=0x445d40 a2=0x445cc0 desc=fffffff4 00000000 00000000 00000000 00000000 -> v0=0x00000001
[black-dbc] sceDbcCreateSocket a0=0x01fffd50 a1=0x585540 a2=0x5855c0 desc=00000003 00000001 00000001 00000000 00000000 -> v0=0x00000002
[black-dbc] dbc_29ba58 a0=0x00000002 a1=0x100 a2=0x4001d0 a3=0x0 [a1]=00000000 00000000 00000000 00000000 ra=0029ccbc -> v0=0xfffffff4
[black-dbc] sceDbcDeleteSocket a0=0x00000002 a1=0x445d40 a2=0x445cc0 desc=fffffff4 00000000 00000000 00000000 00000000 -> v0=0x00000001
[black-dbc] sceDbcCreateSocket a0=0x01fffd50 a1=0x585540 a2=0x5855c0 desc=00000003 00000001 00000001 00000000 00000000 -> v0=0x00000002
[black-dbc] dbc_29ba58 a0=0x00000002 a1=0x100 a2=0x4001d0 a3=0x0 [a1]=00000000 00000000 00000000 00000000 ra=0029ccbc -> v0=0xfffffff4
[black-dbc] sceDbcDeleteSocket a0=0x00000002 a1=0x445d40 a2=0x445cc0 desc=fffffff4 00000000 00000000 00000000 00000000 -> v0=0x00000001
[black-dbc] sceDbcCreateSocket a0=0x01fffd50 a1=0x585540 a2=0x5855c0 desc=00000003 00000001 00000001 00000000 00000000 -> v0=0x00000002
[black-dbc] dbc_29ba58 a0=0x00000002 a1=0x100 a2=0x4001d0 a3=0x0 [a1]=00000000 00000000 00000000 00000000 ra=0029ccbc -> v0=0xfffffff4
[black-dbc] sceDbcDeleteSocket a0=0x00000002 a1=0x445d40 a2=0x445cc0 desc=fffffff4 00000000 00000000 00000000 00000000 -> v0=0x00000001
[black-dbc] sceDbcCreateSocket a0=0x01fffd50 a1=0x585540 a2=0x5855c0 desc=00000003 00000001 00000001 00000000 00000000 -> v0=0x00000002
[black-dbc] dbc_29ba58 a0=0x00000002 a1=0x100 a2=0x4001d0 a3=0x0 [a1]=00000000 00000000 00000000 00000000 ra=0029ccbc -> v0=0xfffffff4
[black-dbc] sceDbcDeleteSocket a0=0x00000002 a1=0x445d40 a2=0x445cc0 desc=fffffff4 00000000 00000000 00000000 00000000 -> v0=0x00000001
[black-dbc] sceDbcCreateSocket a0=0x01fffd50 a1=0x585540 a2=0x5855c0 desc=00000003 00000001 00000001 00000000 00000000 -> v0=0x00000002
[black-dbc] dbc_29ba58 a0=0x00000002 a1=0x100 a2=0x4001d0 a3=0x0 [a1]=00000000 00000000 00000000 00000000 ra=0029ccbc -> v0=0xfffffff4
[black-dbc] sceDbcDeleteSocket a0=0x00000002 a1=0x445d40 a2=0x445cc0 desc=fffffff4 00000000 00000000 00000000 00000000 -> v0=0x00000001
[parallel-gs] primitives=139732 readbacks=840 scanout=640x448 smode1=0000000740804504
[black-dbc] sceDbcCreateSocket a0=0x01fffd50 a1=0x585540 a2=0x5855c0 desc=00000003 00000001 00000001 00000000 00000000 -> v0=0x00000002
[black-dbc] dbc_29ba58 a0=0x00000002 a1=0x100 a2=0x4001d0 a3=0x0 [a1]=00000000 00000000 00000000 00000000 ra=0029ccbc -> v0=0xfffffff4
[black-dbc] sceDbcDeleteSocket a0=0x00000002 a1=0x445d40 a2=0x445cc0 desc=fffffff4 00000000 00000000 00000000 00000000 -> v0=0x00000001
[black-dbc] sceDbcCreateSocket a0=0x01fffd50 a1=0x585540 a2=0x5855c0 desc=00000003 00000001 00000001 00000000 00000000 -> v0=0x00000002
[black-dbc] dbc_29ba58 a0=0x00000002 a1=0x100 a2=0x4001d0 a3=0x0 [a1]=00000000 00000000 00000000 00000000 ra=0029ccbc -> v0=0xfffffff4
[black-dbc] sceDbcDeleteSocket a0=0x00000002 a1=0x445d40 a2=0x445cc0 desc=fffffff4 00000000 00000000 00000000 00000000 -> v0=0x00000001
[black-dbc] sceDbcCreateSocket a0=0x01fffd50 a1=0x585540 a2=0x5855c0 desc=00000003 00000001 00000001 00000000 00000000 -> v0=0x00000002
[black-dbc] dbc_29ba58 a0=0x00000002 a1=0x100 a2=0x4001d0 a3=0x0 [a1]=00000000 00000000 00000000 00000000 ra=0029ccbc -> v0=0xfffffff4
[black-dbc] sceDbcDeleteSocket a0=0x00000002 a1=0x445d40 a2=0x445cc0 desc=fffffff4 00000000 00000000 00000000 00000000 -> v0=0x00000001
[black-dbc] sceDbcCreateSocket a0=0x01fffd50 a1=0x585540 a2=0x5855c0 desc=00000003 00000001 00000001 00000000 00000000 -> v0=0x00000002
[black-dbc] dbc_29ba58 a0=0x00000002 a1=0x100 a2=0x4001d0 a3=0x0 [a1]=00000000 00000000 00000000 00000000 ra=0029ccbc -> v0=0xfffffff4
[black-dbc] sceDbcDeleteSocket a0=0x00000002 a1=0x445d40 a2=0x445cc0 desc=fffffff4 00000000 00000000 00000000 00000000 -> v0=0x00000001
[black-dbc] sceDbcCreateSocket a0=0x01fffd50 a1=0x585540 a2=0x5855c0 desc=00000003 00000001 00000001 00000000 00000000 -> v0=0x00000002
[black-dbc] dbc_29ba58 a0=0x00000002 a1=0x100 a2=0x4001d0 a3=0x0 [a1]=00000000 00000000 00000000 00000000 ra=0029ccbc -> v0=0xfffffff4
[black-dbc] sceDbcDeleteSocket a0=0x00000002 a1=0x445d40 a2=0x445cc0 desc=fffffff4 00000000 00000000 00000000 00000000 -> v0=0x00000001
[black-dbc] sceDbcCreateSocket a0=0x01fffd50 a1=0x585540 a2=0x5855c0 desc=00000003 00000001 00000001 00000000 00000000 -> v0=0x00000002
[black-dbg] FE:SetPage @0x20b678 a0=0x005b8c80 a1=0x005bc4a0 ra=0x0020b4f4 sp=0x01fffea0 | game=0x0049c000 state=0 cur=0x004bc220 pend=0x00000000
[black-fe] g=15.65 FE:SetPage a0="" a1="IntroCredits" a0+60="" a2=0x4 a3=0xf10407
[black-dbg]   enter FE:SetPage s0=0x005bc4c0 s1=0x00000000
[black-dbg]   ctor slots: s0=00000000_00410000 s1=00000000_00410000 s4=00000000_00000000 ra=00000001
[black-dbg]   leave FE:SetPage pc=0x0023a250 (ra_in=0x0020b4f4) s0=0x00000000 (in 0x005bc4c0) sp=0x01fffb00 (in 0x01fffea0) v0=0x00000000 stack[s0 slot?]
[black-dbc] dbc_29ba58 a0=0x00000002 a1=0x100 a2=0x4001d0 a3=0x0 [a1]=00000000 00000000 00000000 00000000 ra=0029ccbc -> v0=0xfffffff4
[black-dbc] sceDbcDeleteSocket a0=0x00000002 a1=0x445d40 a2=0x445cc0 desc=fffffff4 00000000 00000000 00000000 00000000 -> v0=0x00000001
[black-dbg] Video::play @0x1094c0 a0=0x004bc26c a1=0x01fffea0 ra=0x001040ec sp=0x01fffe90 | game=0x0049c000 state=0 cur=0x004bc220 pend=0x00000000
[black-fe] g=15.68 Video::play a0="" a1="C_N_US" a0+60="" a2=0x11 a3=0x0
[black-dbg]   enter Video::play s0=0x003bc410 s1=0x0040d998
[black-dbg]   ctor slots: s0=00000000_00410000 s1=00000000_00410000 s4=00000000_00000000 ra=00000001
[black-dbg]   leave Video::play pc=0x001040ec (ra_in=0x001040ec) s0=0x003bc410 (in 0x003bc410) sp=0x01fffe90 (in 0x01fffe90) v0=0x00000001 stack[s0 slot?]
[black-dbc] sceDbcCreateSocket a0=0x01fffd50 a1=0x585540 a2=0x5855c0 desc=00000003 00000001 00000001 00000000 00000000 -> v0=0x00000002
[black-dbc] dbc_29ba58 a0=0x00000002 a1=0x100 a2=0x4001d0 a3=0x0 [a1]=00000000 00000000 00000000 00000000 ra=0029ccbc -> v0=0xfffffff4
[black-dbc] sceDbcDeleteSocket a0=0x00000002 a1=0x445d40 a2=0x445cc0 desc=fffffff4 00000000 00000000 00000000 00000000 -> v0=0x00000001
[black-fs] open "videos/C_N_US.m2v" -> 0x000000af
[black-dbg] sceMpegCreate @0x293f60 a0=0x0071f070 a1=0x0071f180 ra=0x00271de4 sp=0x01fffd90 | game=0x0049c000 state=0 cur=0x004bc220 pend=0x00000000
[black-dbg]   enter sceMpegCreate s0=0x0071f0b8 s1=0x0071f000
[black-dbg]   ctor slots: s0=00000000_00410000 s1=00000000_00410000 s4=00000000_00000000 ra=00000001
[black-dbg]   leave sceMpegCreate pc=0x00271de4 (ra_in=0x00271de4) s0=0x0071f0b8 (in 0x0071f0b8) sp=0x01fffd90 (in 0x01fffd90) v0=0x0071f298 stack[s0 slot?]
[black-dbc] sceDbcCreateSocket a0=0x01fffd50 a1=0x585540 a2=0x5855c0 desc=00000003 00000001 00000001 00000000 00000000 -> v0=0x00000002
[black-dbc] dbc_29ba58 a0=0x00000002 a1=0x100 a2=0x4001d0 a3=0x0 [a1]=00000000 00000000 00000000 00000000 ra=0029ccbc -> v0=0xfffffff4
[black-dbc] sceDbcDeleteSocket a0=0x00000002 a1=0x445d40 a2=0x445cc0 desc=fffffff4 00000000 00000000 00000000 00000000 -> v0=0x00000001
[black-dbc] sceDbcCreateSocket a0=0x01fffd50 a1=0x585540 a2=0x5855c0 desc=00000003 00000001 00000001 00000000 00000000 -> v0=0x00000002
[black-dbc] dbc_29ba58 a0=0x00000002 a1=0x100 a2=0x4001d0 a3=0x0 [a1]=00000000 00000000 00000000 00000000 ra=0029ccbc -> v0=0xfffffff4
[black-dbc] sceDbcDeleteSocket a0=0x00000002 a1=0x445d40 a2=0x445cc0 desc=fffffff4 00000000 00000000 00000000 00000000 -> v0=0x00000001
[black-dbc] sceDbcCreateSocket a0=0x01fffd50 a1=0x585540 a2=0x5855c0 desc=00000003 00000001 00000001 00000000 00000000 -> v0=0x00000002
[black-dbc] dbc_29ba58 a0=0x00000002 a1=0x100 a2=0x4001d0 a3=0x0 [a1]=00000000 00000000 00000000 00000000 ra=0029ccbc -> v0=0xfffffff4
[black-dbc] sceDbcDeleteSocket a0=0x00000002 a1=0x445d40 a2=0x445cc0 desc=fffffff4 00000000 00000000 00000000 00000000 -> v0=0x00000001
[black-dbc] sceDbcCreateSocket a0=0x01fffd50 a1=0x585540 a2=0x5855c0 desc=00000003 00000001 00000001 00000000 00000000 -> v0=0x00000002
[black-dbc] dbc_29ba58 a0=0x00000002 a1=0x100 a2=0x4001d0 a3=0x0 [a1]=00000000 00000000 00000000 00000000 ra=0029ccbc -> v0=0xfffffff4
[black-dbc] sceDbcDeleteSocket a0=0x00000002 a1=0x445d40 a2=0x445cc0 desc=fffffff4 00000000 00000000 00000000 00000000 -> v0=0x00000001
[black-dbc] sceDbcCreateSocket a0=0x01fffd50 a1=0x585540 a2=0x5855c0 desc=00000003 00000001 00000001 00000000 00000000 -> v0=0x00000002
[black-dbc] dbc_29ba58 a0=0x00000002 a1=0x100 a2=0x4001d0 a3=0x0 [a1]=00000000 00000000 00000000 00000000 ra=0029ccbc -> v0=0xfffffff4
[black-dbc] sceDbcDeleteSocket a0=0x00000002 a1=0x445d40 a2=0x445cc0 desc=fffffff4 00000000 00000000 00000000 00000000 -> v0=0x00000001
[black-dbc] sceDbcCreateSocket a0=0x01fffd50 a1=0x585540 a2=0x5855c0 desc=00000003 00000001 00000001 00000000 00000000 -> v0=0x00000002
[black-dbc] dbc_29ba58 a0=0x00000002 a1=0x100 a2=0x4001d0 a3=0x0 [a1]=00000000 00000000 00000000 00000000 ra=0029ccbc -> v0=0xfffffff4
[black-dbc] sceDbcDeleteSocket a0=0x00000002 a1=0x445d40 a2=0x445cc0 desc=fffffff4 00000000 00000000 00000000 00000000 -> v0=0x00000001
[black-dbc] sceDbcCreateSocket a0=0x01fffd50 a1=0x585540 a2=0x5855c0 desc=00000003 00000001 00000001 00000000 00000000 -> v0=0x00000002
[black-dbc] dbc_29ba58 a0=0x00000002 a1=0x100 a2=0x4001d0 a3=0x0 [a1]=00000000 00000000 00000000 00000000 ra=0029ccbc -> v0=0xfffffff4
[black-dbc] sceDbcDeleteSocket a0=0x00000002 a1=0x445d40 a2=0x445cc0 desc=fffffff4 00000000 00000000 00000000 00000000 -> v0=0x00000001
[black-dbc] sceDbcCreateSocket a0=0x01fffd50 a1=0x585540 a2=0x5855c0 desc=00000003 00000001 00000001 00000000 00000000 -> v0=0x00000002
[black-dbc] dbc_29ba58 a0=0x00000002 a1=0x100 a2=0x4001d0 a3=0x0 [a1]=00000000 00000000 00000000 00000000 ra=0029ccbc -> v0=0xfffffff4
[black-dbc] sceDbcDeleteSocket a0=0x00000002 a1=0x445d40 a2=0x445cc0 desc=fffffff4 00000000 00000000 00000000 00000000 -> v0=0x00000001
[black-state] t=16.9 g=16.3 upd=481 feState=28 fe+0x37a4=28 streamerBusy=0x0000 mode=0 cur=0x004bc220 pend=0x00000000 pendState=0
[black-dbcwork] 00000000 00000001 00000000 00000000 00000000 00000000 00000000 00000000 | 00000000 00000001 00000000 00000000
[black-mcrx] b00: 00000000 00000000 00000000 00000000 00000000 00000000 | b80: 00000000 00000000 00000000 00000000 00000000 00000000
[black-mc] obj=0x005bd980 +0=0 +4=28 +8=1 state=1 +10=11 +14=0 +18=0 +1c=0
[black-snd] upd=481 slotState=0x100 slotLoaded=1 req=0x01ca2210 reqState=0x1 stream=0 streamFlags=0x0
[black-gs] upd=481 pmode=0x8003 dispfb1=0x51400 display1=0x1bf27f00000000 dispfb2=0x80000051400 display2=0x1be27f00000000 smode2=0x0 vsync=978 nativeGif=0 nativeImg=0
[black-gs]   bitbltbuf dbp=0 dbw=0 dpsm=0x0 trxreg=0x0 trxdir=3 xfer 0/0
[black-gs]   hist=101 giftag=0 reg=0 draw=0 xfer=0 present=101 lastDrawFbp=0 verts=0 frame=72 | present 640x448 dispFbp=0 srcFbp=0 has=1
[black-gs]   frame 640x448 media=0.0 naoPretos=0
[black-gs]   tex@2240 somaAmostra=0
[black-dbc] sceDbcCreateSocket a0=0x01fffd50 a1=0x585540 a2=0x5855c0 desc=00000003 00000001 00000001 00000000 00000000 -> v0=0x00000002
[black-dbc] dbc_29ba58 a0=0x00000002 a1=0x100 a2=0x4001d0 a3=0x0 [a1]=00000000 00000000 00000000 00000000 ra=0029ccbc -> v0=0xfffffff4
[black-dbc] sceDbcDeleteSocket a0=0x00000002 a1=0x445d40 a2=0x445cc0 desc=fffffff4 00000000 00000000 00000000 00000000 -> v0=0x00000001
[black-dbc] sceDbcCreateSocket a0=0x01fffd50 a1=0x585540 a2=0x5855c0 desc=00000003 00000001 00000001 00000000 00000000 -> v0=0x00000002
[black-dbc] dbc_29ba58 a0=0x00000002 a1=0x100 a2=0x4001d0 a3=0x0 [a1]=00000000 00000000 00000000 00000000 ra=0029ccbc -> v0=0xfffffff4
[black-dbc] sceDbcDeleteSocket a0=0x00000002 a1=0x445d40 a2=0x445cc0 desc=fffffff4 00000000 00000000 00000000 00000000 -> v0=0x00000001
[black-dbc] sceDbcCreateSocket a0=0x01fffd50 a1=0x585540 a2=0x5855c0 desc=00000003 00000001 00000001 00000000 00000000 -> v0=0x00000002
[black-dbc] dbc_29ba58 a0=0x00000002 a1=0x100 a2=0x4001d0 a3=0x0 [a1]=00000000 00000000 00000000 00000000 ra=0029ccbc -> v0=0xfffffff4
[black-dbc] sceDbcDeleteSocket a0=0x00000002 a1=0x445d40 a2=0x445cc0 desc=fffffff4 00000000 00000000 00000000 00000000 -> v0=0x00000001
[black-video] skip solicitado por Select, objeto=0x004bc26c
[black-dbc] sceDbcCreateSocket a0=0x01fffd50 a1=0x585540 a2=0x5855c0 desc=00000003 00000001 00000001 00000000 00000000 -> v0=0x00000002
[black-dbc] dbc_29ba58 a0=0x00000002 a1=0x100 a2=0x4001d0 a3=0x0 [a1]=00000000 00000000 00000000 00000000 ra=0029ccbc -> v0=0xfffffff4
[black-dbc] sceDbcDeleteSocket a0=0x00000002 a1=0x445d40 a2=0x445cc0 desc=fffffff4 00000000 00000000 00000000 00000000 -> v0=0x00000001
[black-dbg] FE:SetPage @0x20b678 a0=0x005b8c80 a1=0x005bc4a0 ra=0x0020b4f4 sp=0x01fffea0 | game=0x0049c000 state=0 cur=0x004bc220 pend=0x00000000
[black-fe] g=16.55 FE:SetPage a0="" a1="BlackIntroSequence" a0+60="" a2=0x4 a3=0xf130207
[black-dbg]   enter FE:SetPage s0=0x005bc4c0 s1=0x005bc4a0
[black-dbg]   ctor slots: s0=00000000_00410000 s1=00000000_00410000 s4=00000000_00000000 ra=00000001
[black-dbg]   leave FE:SetPage pc=0x0023a250 (ra_in=0x0020b4f4) s0=0x00000000 (in 0x005bc4c0) sp=0x01fffb00 (in 0x01fffea0) v0=0x00000000 stack[s0 slot?]
[black-dbc] sceDbcCreateSocket a0=0x01fffd50 a1=0x585540 a2=0x5855c0 desc=00000003 00000001 00000001 00000000 00000000 -> v0=0x00000002
[black-dbg] Video::play @0x1094c0 a0=0x004bc26c a1=0x01fffea1 ra=0x001040ec sp=0x01fffe90 | game=0x0049c000 state=0 cur=0x004bc220 pend=0x00000000
[black-fe] g=16.58 Video::play a0="" a1="02_N" a0+60="" a2=0x3 a3=0x0
[black-dbg]   enter Video::play s0=0x003bc3f8 s1=0x0040d998
[black-dbg]   ctor slots: s0=00000000_00410000 s1=00000000_00410000 s4=00000000_00000000 ra=00000001
[black-dbg]   leave Video::play pc=0x001040ec (ra_in=0x001040ec) s0=0x003bc3f8 (in 0x003bc3f8) sp=0x01fffe90 (in 0x01fffe90) v0=0x00000001 stack[s0 slot?]
[black-fs] open "videos/02_N.m2v" -> 0x00000076
[black-dbc] dbc_29ba58 a0=0x00000002 a1=0x100 a2=0x4001d0 a3=0x0 [a1]=00000000 00000000 00000000 00000000 ra=0029ccbc -> v0=0xfffffff4
[black-dbc] sceDbcDeleteSocket a0=0x00000002 a1=0x445d40 a2=0x445cc0 desc=fffffff4 00000000 00000000 00000000 00000000 -> v0=0x00000001
[black-dbc] sceDbcCreateSocket a0=0x01fffd50 a1=0x585540 a2=0x5855c0 desc=00000003 00000001 00000001 00000000 00000000 -> v0=0x00000002
[black-dbc] dbc_29ba58 a0=0x00000002 a1=0x100 a2=0x4001d0 a3=0x0 [a1]=00000000 00000000 00000000 00000000 ra=0029ccbc -> v0=0xfffffff4
[black-dbc] sceDbcDeleteSocket a0=0x00000002 a1=0x445d40 a2=0x445cc0 desc=fffffff4 00000000 00000000 00000000 00000000 -> v0=0x00000001
[black-dbc] sceDbcCreateSocket a0=0x01fffd50 a1=0x585540 a2=0x5855c0 desc=00000003 00000001 00000001 00000000 00000000 -> v0=0x00000002
[black-dbc] dbc_29ba58 a0=0x00000002 a1=0x100 a2=0x4001d0 a3=0x0 [a1]=00000000 00000000 00000000 00000000 ra=0029ccbc -> v0=0xfffffff4
[black-dbc] sceDbcDeleteSocket a0=0x00000002 a1=0x445d40 a2=0x445cc0 desc=fffffff4 00000000 00000000 00000000 00000000 -> v0=0x00000001
[black-dbc] sceDbcCreateSocket a0=0x01fffd50 a1=0x585540 a2=0x5855c0 desc=00000003 00000001 00000001 00000000 00000000 -> v0=0x00000002
[black-dbc] dbc_29ba58 a0=0x00000002 a1=0x100 a2=0x4001d0 a3=0x0 [a1]=00000000 00000000 00000000 00000000 ra=0029ccbc -> v0=0xfffffff4
[black-dbc] sceDbcDeleteSocket a0=0x00000002 a1=0x445d40 a2=0x445cc0 desc=fffffff4 00000000 00000000 00000000 00000000 -> v0=0x00000001
[black-dbc] sceDbcCreateSocket a0=0x01fffd50 a1=0x585540 a2=0x5855c0 desc=00000003 00000001 00000001 00000000 00000000 -> v0=0x00000002
[black-dbc] dbc_29ba58 a0=0x00000002 a1=0x100 a2=0x4001d0 a3=0x0 [a1]=00000000 00000000 00000000 00000000 ra=0029ccbc -> v0=0xfffffff4
[black-dbc] sceDbcDeleteSocket a0=0x00000002 a1=0x445d40 a2=0x445cc0 desc=fffffff4 00000000 00000000 00000000 00000000 -> v0=0x00000001
[black-dbc] sceDbcCreateSocket a0=0x01fffd50 a1=0x585540 a2=0x5855c0 desc=00000003 00000001 00000001 00000000 00000000 -> v0=0x00000002
[black-dbc] dbc_29ba58 a0=0x00000002 a1=0x100 a2=0x4001d0 a3=0x0 [a1]=00000000 00000000 00000000 00000000 ra=0029ccbc -> v0=0xfffffff4
[black-dbc] sceDbcDeleteSocket a0=0x00000002 a1=0x445d40 a2=0x445cc0 desc=fffffff4 00000000 00000000 00000000 00000000 -> v0=0x00000001
[black-dbc] sceDbcCreateSocket a0=0x01fffd50 a1=0x585540 a2=0x5855c0 desc=00000003 00000001 00000001 00000000 00000000 -> v0=0x00000002
[black-dbc] dbc_29ba58 a0=0x00000002 a1=0x100 a2=0x4001d0 a3=0x0 [a1]=00000000 00000000 00000000 00000000 ra=0029ccbc -> v0=0xfffffff4
[black-dbc] sceDbcDeleteSocket a0=0x00000002 a1=0x445d40 a2=0x445cc0 desc=fffffff4 00000000 00000000 00000000 00000000 -> v0=0x00000001
[black-dbc] sceDbcCreateSocket a0=0x01fffd50 a1=0x585540 a2=0x5855c0 desc=00000003 00000001 00000001 00000000 00000000 -> v0=0x00000002
[black-dbc] dbc_29ba58 a0=0x00000002 a1=0x100 a2=0x4001d0 a3=0x0 [a1]=00000000 00000000 00000000 00000000 ra=0029ccbc -> v0=0xfffffff4
[black-dbc] sceDbcDeleteSocket a0=0x00000002 a1=0x445d40 a2=0x445cc0 desc=fffffff4 00000000 00000000 00000000 00000000 -> v0=0x00000001
[black-dbc] sceDbcCreateSocket a0=0x01fffd50 a1=0x585540 a2=0x5855c0 desc=00000003 00000001 00000001 00000000 00000000 -> v0=0x00000002
[black-dbc] dbc_29ba58 a0=0x00000002 a1=0x100 a2=0x4001d0 a3=0x0 [a1]=00000000 00000000 00000000 00000000 ra=0029ccbc -> v0=0xfffffff4
[black-dbc] sceDbcDeleteSocket a0=0x00000002 a1=0x445d40 a2=0x445cc0 desc=fffffff4 00000000 00000000 00000000 00000000 -> v0=0x00000001
[black-dbc] sceDbcCreateSocket a0=0x01fffd50 a1=0x585540 a2=0x5855c0 desc=00000003 00000001 00000001 00000000 00000000 -> v0=0x00000002
[black-dbc] dbc_29ba58 a0=0x00000002 a1=0x100 a2=0x4001d0 a3=0x0 [a1]=00000000 00000000 00000000 00000000 ra=0029ccbc -> v0=0xfffffff4
[black-dbc] sceDbcDeleteSocket a0=0x00000002 a1=0x445d40 a2=0x445cc0 desc=fffffff4 00000000 00000000 00000000 00000000 -> v0=0x00000001
[black-dbc] sceDbcCreateSocket a0=0x01fffd50 a1=0x585540 a2=0x5855c0 desc=00000003 00000001 00000001 00000000 00000000 -> v0=0x00000002
[black-dbc] dbc_29ba58 a0=0x00000002 a1=0x100 a2=0x4001d0 a3=0x0 [a1]=00000000 00000000 00000000 00000000 ra=0029ccbc -> v0=0xfffffff4
[black-dbc] sceDbcDeleteSocket a0=0x00000002 a1=0x445d40 a2=0x445cc0 desc=fffffff4 00000000 00000000 00000000 00000000 -> v0=0x00000001
[black-video] skip solicitado por Select, objeto=0x004bc26c
[black-dbc] sceDbcCreateSocket a0=0x01fffd50 a1=0x585540 a2=0x5855c0 desc=00000003 00000001 00000001 00000000 00000000 -> v0=0x00000002
[black-dbc] dbc_29ba58 a0=0x00000002 a1=0x100 a2=0x4001d0 a3=0x0 [a1]=00000000 00000000 00000000 00000000 ra=0029ccbc -> v0=0xfffffff4
[black-dbc] sceDbcDeleteSocket a0=0x00000002 a1=0x445d40 a2=0x445cc0 desc=fffffff4 00000000 00000000 00000000 00000000 -> v0=0x00000000
[black-dbg] FE:StartMainMenu @0x103bf8 a0=0x005b9018 a1=0xbb97897a ra=0x002096f8 sp=0x01fffe80 | game=0x0049c000 state=0 cur=0x004bc220 pend=0x00000000
[black-fe] g=17.35 FE:StartMainMenu a0="0" a1="" a0+60="0" a2=0x5b9005 a3=0x3c09f0
[black-dbg]   enter FE:StartMainMenu s0=0x005b8c84 s1=0x005bc549
[black-dbg]   ctor slots: s0=00000000_00410000 s1=00000000_00410000 s4=00000000_00000000 ra=00000001
[black-dbg]   leave FE:StartMainMenu pc=0x002096f8 (ra_in=0x002096f8) s0=0x005b8c84 (in 0x005b8c84) sp=0x01fffe80 (in 0x01fffe80) v0=0x005bc4a0 stack[s0 slot?]
[black-dbc] sceDbcCreateSocket a0=0x01fffd50 a1=0x585540 a2=0x5855c0 desc=00000003 00000001 00000001 00000000 00000000 -> v0=0x00000002
[black-dbg] FE:SetPage @0x20b678 a0=0x005b8c80 a1=0x005bc4a0 ra=0x0020b4f4 sp=0x01fffea0 | game=0x0049c000 state=0 cur=0x004bc220 pend=0x00000000
[black-fe] g=17.38 FE:SetPage a0="" a1="blacktitlemenu2" a0+60="" a2=0x4 a3=0xffffffe0
[black-dbg]   enter FE:SetPage s0=0x005bc4c0 s1=0x005bc4a0
[black-dbg]   ctor slots: s0=00000000_00410000 s1=00000000_00410000 s4=00000000_00000000 ra=00000001
[black-dbg]   leave FE:SetPage pc=0x0023a250 (ra_in=0x0020b4f4) s0=0x00000000 (in 0x005bc4c0) sp=0x01fffb00 (in 0x01fffea0) v0=0x00000000 stack[s0 slot?]
[black-dbg] FE:StartMainMenu @0x103bf8 a0=0x005b9018 a1=0xbb97897a ra=0x002096f8 sp=0x01fffe80 | game=0x0049c000 state=0 cur=0x004bc220 pend=0x00000000
[black-fe] g=17.42 FE:StartMainMenu a0="0" a1="" a0+60="0" a2=0x5b9005 a3=0x3c09f0
[black-dbg]   enter FE:StartMainMenu s0=0x005b8c84 s1=0x005bc549
[black-dbg]   ctor slots: s0=00000000_00410000 s1=00000000_00410000 s4=00000000_00000000 ra=00000001
[black-dbg]   leave FE:StartMainMenu pc=0x002096f8 (ra_in=0x002096f8) s0=0x005b8c84 (in 0x005b8c84) sp=0x01fffe80 (in 0x01fffe80) v0=0x005bc4a0 stack[s0 slot?]
[black-dbc] dbc_29ba58 a0=0x00000002 a1=0x100 a2=0x4001d0 a3=0x0 [a1]=00000000 00000000 00000000 00000000 ra=0029ccbc -> v0=0xfffffff4
[black-dbc] sceDbcDeleteSocket a0=0x00000002 a1=0x445d40 a2=0x445cc0 desc=fffffff4 00000000 00000000 00000000 00000000 -> v0=0x00000001
[black-dbg] Video::play @0x1094c0 a0=0x004bc26c a1=0x01fffea0 ra=0x001040ec sp=0x01fffe90 | game=0x0049c000 state=0 cur=0x004bc220 pend=0x00000000
[black-fe] g=17.42 Video::play a0="" a1="AK_N" a0+60="" a2=0x0 a3=0x1
[black-dbg]   enter Video::play s0=0x003bc4dc s1=0x0040d998
[black-dbg]   ctor slots: s0=00000000_00410000 s1=00000000_00410000 s4=00000000_00000000 ra=00000001
[black-dbg]   leave Video::play pc=0x001040ec (ra_in=0x001040ec) s0=0x003bc4dc (in 0x003bc4dc) sp=0x01fffe90 (in 0x01fffe90) v0=0x00000001 stack[s0 slot?]
[black-fs] open "videos/AK_N.m2v" -> 0x0040eff0
[black-dbc] sceDbcCreateSocket a0=0x01fffd50 a1=0x585540 a2=0x5855c0 desc=00000003 00000001 00000001 00000000 00000000 -> v0=0x00000002
[black-dbg] FE:SetPage @0x20b678 a0=0x005b8c80 a1=0x003fa7d8 ra=0x0020b48c sp=0x01fffea0 | game=0x0049c000 state=0 cur=0x004bc220 pend=0x00000000
[black-fe] g=17.45 FE:SetPage a0="" a1="Empty" a0+60="" a2=0x4 a3=0x1010101
[black-dbg]   enter FE:SetPage s0=0x005bc4c0 s1=0x003fa7d8
[black-dbg]   ctor slots: s0=00000000_00410000 s1=00000000_00410000 s4=00000000_00000000 ra=00000001
[black-dbg]   leave FE:SetPage pc=0x0023a250 (ra_in=0x0020b48c) s0=0x00000000 (in 0x005bc4c0) sp=0x01fffb00 (in 0x01fffea0) v0=0x00000000 stack[s0 slot?]
[black-dbg] FE:SetPage @0x20b678 a0=0x005b8c80 a1=0x005bc4a0 ra=0x0020b4f4 sp=0x01fffea0 | game=0x0049c000 state=0 cur=0x004bc220 pend=0x00000000
[black-fe] g=17.45 FE:SetPage a0="" a1="blacktitlemenu2" a0+60="" a2=0x4 a3=0x110f00e3
[black-dbg]   enter FE:SetPage s0=0x005bc4c0 s1=0x003fa7d8
[black-dbg]   ctor slots: s0=00000000_00410000 s1=00000000_00410000 s4=00000000_00000000 ra=00000001
[black-dbg]   leave FE:SetPage pc=0x0023a250 (ra_in=0x0020b4f4) s0=0x00000000 (in 0x005bc4c0) sp=0x01fffb00 (in 0x01fffea0) v0=0x00000000 stack[s0 slot?]
[black-dbc] dbc_29ba58 a0=0x00000002 a1=0x100 a2=0x4001d0 a3=0x0 [a1]=00000000 00000000 00000000 00000000 ra=0029ccbc -> v0=0xfffffff4
[black-dbc] sceDbcDeleteSocket a0=0x00000002 a1=0x445d40 a2=0x445cc0 desc=fffffff4 00000000 00000000 00000000 00000000 -> v0=0x00000001
[black-dbc] sceDbcCreateSocket a0=0x01fffd50 a1=0x585540 a2=0x5855c0 desc=00000003 00000001 00000001 00000000 00000000 -> v0=0x00000002
[black-dbc] dbc_29ba58 a0=0x00000002 a1=0x100 a2=0x4001d0 a3=0x0 [a1]=00000000 00000000 00000000 00000000 ra=0029ccbc -> v0=0xfffffff4
[black-dbc] sceDbcDeleteSocket a0=0x00000002 a1=0x445d40 a2=0x445cc0 desc=fffffff4 00000000 00000000 00000000 00000000 -> v0=0x00000001
[parallel-gs] primitives=149128 readbacks=960 scanout=640x448 smode1=0000000740804504
[black-dbc] sceDbcCreateSocket a0=0x01fffd50 a1=0x585540 a2=0x5855c0 desc=00000003 00000001 00000001 00000000 00000000 -> v0=0x00000002
[black-dbc] dbc_29ba58 a0=0x00000002 a1=0x100 a2=0x4001d0 a3=0x0 [a1]=00000000 00000000 00000000 00000000 ra=0029ccbc -> v0=0xfffffff4
[black-dbc] sceDbcDeleteSocket a0=0x00000002 a1=0x445d40 a2=0x445cc0 desc=fffffff4 00000000 00000000 00000000 00000000 -> v0=0x00000001
[black-dbc] sceDbcCreateSocket a0=0x01fffd50 a1=0x585540 a2=0x5855c0 desc=00000003 00000001 00000001 00000000 00000000 -> v0=0x00000002
[black-dbc] dbc_29ba58 a0=0x00000002 a1=0x100 a2=0x4001d0 a3=0x0 [a1]=00000000 00000000 00000000 00000000 ra=0029ccbc -> v0=0xfffffff4
[black-dbc] sceDbcDeleteSocket a0=0x00000002 a1=0x445d40 a2=0x445cc0 desc=fffffff4 00000000 00000000 00000000 00000000 -> v0=0x00000001
[black-dbc] sceDbcCreateSocket a0=0x01fffd50 a1=0x585540 a2=0x5855c0 desc=00000003 00000001 00000001 00000000 00000000 -> v0=0x00000002
[black-dbc] dbc_29ba58 a0=0x00000002 a1=0x100 a2=0x4001d0 a3=0x0 [a1]=00000000 00000000 00000000 00000000 ra=0029ccbc -> v0=0xfffffff4
[black-dbc] sceDbcDeleteSocket a0=0x00000002 a1=0x445d40 a2=0x445cc0 desc=fffffff4 00000000 00000000 00000000 00000000 -> v0=0x00000001
[black-dbc] sceDbcCreateSocket a0=0x01fffd50 a1=0x585540 a2=0x5855c0 desc=00000003 00000001 00000001 00000000 00000000 -> v0=0x00000002
[black-dbc] dbc_29ba58 a0=0x00000002 a1=0x100 a2=0x4001d0 a3=0x0 [a1]=00000000 00000000 00000000 00000000 ra=0029ccbc -> v0=0xfffffff4
[black-dbc] sceDbcDeleteSocket a0=0x00000002 a1=0x445d40 a2=0x445cc0 desc=fffffff4 00000000 00000000 00000000 00000000 -> v0=0x00000001
[black-dbc] sceDbcCreateSocket a0=0x01fffd50 a1=0x585540 a2=0x5855c0 desc=00000003 00000001 00000001 00000000 00000000 -> v0=0x00000002
[black-dbc] dbc_29ba58 a0=0x00000002 a1=0x100 a2=0x4001d0 a3=0x0 [a1]=00000000 00000000 00000000 00000000 ra=0029ccbc -> v0=0xfffffff4
[black-dbc] sceDbcDeleteSocket a0=0x00000002 a1=0x445d40 a2=0x445cc0 desc=fffffff4 00000000 00000000 00000000 00000000 -> v0=0x00000001
[black-dbc] sceDbcCreateSocket a0=0x01fffd50 a1=0x585540 a2=0x5855c0 desc=00000003 00000001 00000001 00000000 00000000 -> v0=0x00000002
[black-dbc] dbc_29ba58 a0=0x00000002 a1=0x100 a2=0x4001d0 a3=0x0 [a1]=00000000 00000000 00000000 00000000 ra=0029ccbc -> v0=0xfffffff4
[black-dbc] sceDbcDeleteSocket a0=0x00000002 a1=0x445d40 a2=0x445cc0 desc=fffffff4 00000000 00000000 00000000 00000000 -> v0=0x00000001
[black-dbc] sceDbcCreateSocket a0=0x01fffd50 a1=0x585540 a2=0x5855c0 desc=00000003 00000001 00000001 00000000 00000000 -> v0=0x00000002
[black-dbc] dbc_29ba58 a0=0x00000002 a1=0x100 a2=0x4001d0 a3=0x0 [a1]=00000000 00000000 00000000 00000000 ra=0029ccbc -> v0=0xfffffff4
[black-dbc] sceDbcDeleteSocket a0=0x00000002 a1=0x445d40 a2=0x445cc0 desc=fffffff4 00000000 00000000 00000000 00000000 -> v0=0x00000001
[black-dbc] sceDbcCreateSocket a0=0x01fffd50 a1=0x585540 a2=0x5855c0 desc=00000003 00000001 00000001 00000000 00000000 -> v0=0x00000002
[black-dbc] dbc_29ba58 a0=0x00000002 a1=0x100 a2=0x4001d0 a3=0x0 [a1]=00000000 00000000 00000000 00000000 ra=0029ccbc -> v0=0xfffffff4
[black-dbc] sceDbcDeleteSocket a0=0x00000002 a1=0x445d40 a2=0x445cc0 desc=fffffff4 00000000 00000000 00000000 00000000 -> v0=0x00000001
[black-dbc] sceDbcCreateSocket a0=0x01fffd50 a1=0x585540 a2=0x5855c0 desc=00000003 00000001 00000001 00000000 00000000 -> v0=0x00000002
[black-dbc] dbc_29ba58 a0=0x00000002 a1=0x100 a2=0x4001d0 a3=0x0 [a1]=00000000 00000000 00000000 00000000 ra=0029ccbc -> v0=0xfffffff4
[black-dbc] sceDbcDeleteSocket a0=0x00000002 a1=0x445d40 a2=0x445cc0 desc=fffffff4 00000000 00000000 00000000 00000000 -> v0=0x00000001
[black-dbc] sceDbcCreateSocket a0=0x01fffd50 a1=0x585540 a2=0x5855c0 desc=00000003 00000001 00000001 00000000 00000000 -> v0=0x00000002
[black-dbc] dbc_29ba58 a0=0x00000002 a1=0x100 a2=0x4001d0 a3=0x0 [a1]=00000000 00000000 00000000 00000000 ra=0029ccbc -> v0=0xfffffff4
[black-dbc] sceDbcDeleteSocket a0=0x00000002 a1=0x445d40 a2=0x445cc0 desc=fffffff4 00000000 00000000 00000000 00000000 -> v0=0x00000001
[black-dbc] sceDbcCreateSocket a0=0x01fffd50 a1=0x585540 a2=0x5855c0 desc=00000003 00000001 00000001 00000000 00000000 -> v0=0x00000002
[black-dbc] dbc_29ba58 a0=0x00000002 a1=0x100 a2=0x4001d0 a3=0x0 [a1]=00000000 00000000 00000000 00000000 ra=0029ccbc -> v0=0xfffffff4
[black-dbc] sceDbcDeleteSocket a0=0x00000002 a1=0x445d40 a2=0x445cc0 desc=fffffff4 00000000 00000000 00000000 00000000 -> v0=0x00000001
[black-state] t=18.9 g=18.3 upd=541 feState=28 fe+0x37a4=28 streamerBusy=0x0000 mode=0 cur=0x004bc220 pend=0x00000000 pendState=0
[black-dbcwork] 00000000 00000001 00000000 00000000 00000000 00000000 00000000 00000000 | 00000000 00000001 00000000 00000000
[black-mcrx] b00: 00000000 00000000 00000000 00000000 00000000 00000000 | b80: 00000000 00000000 00000000 00000000 00000000 00000000
[black-mc] obj=0x005bd980 +0=0 +4=28 +8=1 state=1 +10=11 +14=0 +18=0 +1c=0
[black-snd] upd=541 slotState=0x100 slotLoaded=1 req=0x01ca2210 reqState=0x1 stream=0 streamFlags=0x0
[black-gs] upd=541 pmode=0x8003 dispfb1=0x51400 display1=0x1bf27f00000000 dispfb2=0x80000051400 display2=0x1be27f00000000 smode2=0x0 vsync=1098 nativeGif=0 nativeImg=0
[black-gs]   bitbltbuf dbp=0 dbw=0 dpsm=0x0 trxreg=0x0 trxdir=3 xfer 0/0
[black-gs]   hist=107 giftag=0 reg=0 draw=0 xfer=0 present=107 lastDrawFbp=0 verts=0 frame=80 | present 640x448 dispFbp=0 srcFbp=0 has=1
[black-gs]   frame 640x448 media=23.9 naoPretos=266357
[black-gs]   tex@2240 somaAmostra=346125070
[black-dbc] sceDbcCreateSocket a0=0x01fffd50 a1=0x585540 a2=0x5855c0 desc=00000003 00000001 00000001 00000000 00000000 -> v0=0x00000002
[black-dbc] dbc_29ba58 a0=0x00000002 a1=0x100 a2=0x4001d0 a3=0x0 [a1]=00000000 00000000 00000000 00000000 ra=0029ccbc -> v0=0xfffffff4
[black-dbc] sceDbcDeleteSocket a0=0x00000002 a1=0x445d40 a2=0x445cc0 desc=fffffff4 00000000 00000000 00000000 00000000 -> v0=0x00000001
[black-dbg] FE:SetPage @0x20b678 a0=0x005b8c80 a1=0x005bc4a0 ra=0x0020b4f4 sp=0x01fffea0 | game=0x0049c000 state=0 cur=0x004bc220 pend=0x00000000
[black-fe] g=18.39 FE:SetPage a0="" a1="Difficulty" a0+60="" a2=0x4 a3=0xfcfb031e
[black-dbg]   enter FE:SetPage s0=0x005bc4c0 s1=0x00000000
[black-dbg]   ctor slots: s0=00000000_00410000 s1=00000000_00410000 s4=00000000_00000000 ra=00000001
[black-dbg]   leave FE:SetPage pc=0x0023a250 (ra_in=0x0020b4f4) s0=0x00000000 (in 0x005bc4c0) sp=0x01fffb00 (in 0x01fffea0) v0=0x00000000 stack[s0 slot?]
[black-dbc] sceDbcCreateSocket a0=0x01fffd50 a1=0x585540 a2=0x5855c0 desc=00000003 00000001 00000001 00000000 00000000 -> v0=0x00000002
[black-dbc] sceDbcReceiveData a0=0x00000001 a1=0x101800c a2=0x1fffd74 a3=0x1fffd70 [a1]=00000000 00000000 00000000 00000000 ra=0029cb08 -> v0=0x00000001
[black-dbc] dbc_29ba58 a0=0x00000002 a1=0x100 a2=0x4001d0 a3=0x0 [a1]=00000000 00000000 00000000 00000000 ra=0029ccbc -> v0=0xfffffff4
[black-dbc] sceDbcDeleteSocket a0=0x00000002 a1=0x445d40 a2=0x445cc0 desc=fffffff4 00000000 00000000 00000000 00000000 -> v0=0x00000000
[black-dbg] Video::play @0x1094c0 a0=0x004bc26c a1=0x01fffea0 ra=0x001040ec sp=0x01fffe90 | game=0x0049c000 state=0 cur=0x004bc220 pend=0x00000000
[black-fe] g=18.45 Video::play a0="" a1="03_N" a0+60="" a2=0x4 a3=0x0
[black-dbg]   enter Video::play s0=0x003bc404 s1=0x0040d998
[black-dbg]   ctor slots: s0=00000000_00410000 s1=00000000_00410000 s4=00000000_00000000 ra=00000001
[black-dbg]   leave Video::play pc=0x001040ec (ra_in=0x001040ec) s0=0x003bc404 (in 0x003bc404) sp=0x01fffe90 (in 0x01fffe90) v0=0x00000001 stack[s0 slot?]
[black-dbc] sceDbcCreateSocket a0=0x01fffd50 a1=0x585540 a2=0x5855c0 desc=00000003 00000001 00000001 00000000 00000000 -> v0=0x00000002
[black-dbg] FE:SetPage @0x20b678 a0=0x005b8c80 a1=0x005bc4a0 ra=0x0020b4f4 sp=0x01fffea0 | game=0x0049c000 state=0 cur=0x004bc220 pend=0x00000000
[black-fe] g=18.47 FE:SetPage a0="" a1="FMVPlayer" a0+60="" a2=0x4 a3=0x16101bfe
[black-dbg]   enter FE:SetPage s0=0x005bc4c0 s1=0x00000000
[black-dbg]   ctor slots: s0=00000000_00410000 s1=00000000_00410000 s4=00000000_00000000 ra=00000001
[black-dbg]   leave FE:SetPage pc=0x0023a250 (ra_in=0x0020b4f4) s0=0x00000000 (in 0x005bc4c0) sp=0x01fffb00 (in 0x01fffea0) v0=0x00000000 stack[s0 slot?]
[black-dbc] dbc_29ba58 a0=0x00000002 a1=0x100 a2=0x4001d0 a3=0x0 [a1]=00000000 00000000 00000000 00000000 ra=0029ccbc -> v0=0xfffffff4
[black-dbc] sceDbcDeleteSocket a0=0x00000002 a1=0x445d40 a2=0x445cc0 desc=fffffff4 00000000 00000000 00000000 00000000 -> v0=0x00000001
[black-fs] open "videos/03_N.m2v" -> 0x000000c4
[black-dbc] sceDbcCreateSocket a0=0x01fffd50 a1=0x585540 a2=0x5855c0 desc=00000003 00000001 00000001 00000000 00000000 -> v0=0x00000002
[black-dbc] dbc_29ba58 a0=0x00000002 a1=0x100 a2=0x4001d0 a3=0x0 [a1]=00000000 00000000 00000000 00000000 ra=0029ccbc -> v0=0xfffffff4
[black-dbc] sceDbcDeleteSocket a0=0x00000002 a1=0x445d40 a2=0x445cc0 desc=fffffff4 00000000 00000000 00000000 00000000 -> v0=0x00000001
[black-dbc] sceDbcCreateSocket a0=0x01fffd50 a1=0x585540 a2=0x5855c0 desc=00000003 00000001 00000001 00000000 00000000 -> v0=0x00000002
[black-dbc] dbc_29ba58 a0=0x00000002 a1=0x100 a2=0x4001d0 a3=0x0 [a1]=00000000 00000000 00000000 00000000 ra=0029ccbc -> v0=0xfffffff4
[black-dbc] sceDbcDeleteSocket a0=0x00000002 a1=0x445d40 a2=0x445cc0 desc=fffffff4 00000000 00000000 00000000 00000000 -> v0=0x00000001
[black-dbc] sceDbcCreateSocket a0=0x01fffd50 a1=0x585540 a2=0x5855c0 desc=00000003 00000001 00000001 00000000 00000000 -> v0=0x00000002
[black-dbc] dbc_29ba58 a0=0x00000002 a1=0x100 a2=0x4001d0 a3=0x0 [a1]=00000000 00000000 00000000 00000000 ra=0029ccbc -> v0=0xfffffff4
[black-dbc] sceDbcDeleteSocket a0=0x00000002 a1=0x445d40 a2=0x445cc0 desc=fffffff4 00000000 00000000 00000000 00000000 -> v0=0x00000001
[black-dbc] sceDbcCreateSocket a0=0x01fffd50 a1=0x585540 a2=0x5855c0 desc=00000003 00000001 00000001 00000000 00000000 -> v0=0x00000002
[black-dbc] dbc_29ba58 a0=0x00000002 a1=0x100 a2=0x4001d0 a3=0x0 [a1]=00000000 00000000 00000000 00000000 ra=0029ccbc -> v0=0xfffffff4
[black-dbc] sceDbcDeleteSocket a0=0x00000002 a1=0x445d40 a2=0x445cc0 desc=fffffff4 00000000 00000000 00000000 00000000 -> v0=0x00000001
[black-dbc] sceDbcCreateSocket a0=0x01fffd50 a1=0x585540 a2=0x5855c0 desc=00000003 00000001 00000001 00000000 00000000 -> v0=0x00000002
[black-dbc] dbc_29ba58 a0=0x00000002 a1=0x100 a2=0x4001d0 a3=0x0 [a1]=00000000 00000000 00000000 00000000 ra=0029ccbc -> v0=0xfffffff4
[black-dbc] sceDbcDeleteSocket a0=0x00000002 a1=0x445d40 a2=0x445cc0 desc=fffffff4 00000000 00000000 00000000 00000000 -> v0=0x00000001
[black-dbc] sceDbcCreateSocket a0=0x01fffd50 a1=0x585540 a2=0x5855c0 desc=00000003 00000001 00000001 00000000 00000000 -> v0=0x00000002
[black-dbc] dbc_29ba58 a0=0x00000002 a1=0x100 a2=0x4001d0 a3=0x0 [a1]=00000000 00000000 00000000 00000000 ra=0029ccbc -> v0=0xfffffff4
[black-dbc] sceDbcDeleteSocket a0=0x00000002 a1=0x445d40 a2=0x445cc0 desc=fffffff4 00000000 00000000 00000000 00000000 -> v0=0x00000001
[black-dbc] sceDbcCreateSocket a0=0x01fffd50 a1=0x585540 a2=0x5855c0 desc=00000003 00000001 00000001 00000000 00000000 -> v0=0x00000002
[black-dbc] dbc_29ba58 a0=0x00000002 a1=0x100 a2=0x4001d0 a3=0x0 [a1]=00000000 00000000 00000000 00000000 ra=0029ccbc -> v0=0xfffffff4
[black-dbc] sceDbcDeleteSocket a0=0x00000002 a1=0x445d40 a2=0x445cc0 desc=fffffff4 00000000 00000000 00000000 00000000 -> v0=0x00000001
[black-video] skip solicitado por Select, objeto=0x004bc26c
[black-dbc] sceDbcCreateSocket a0=0x01fffd50 a1=0x585540 a2=0x5855c0 desc=00000003 00000001 00000001 00000000 00000000 -> v0=0x00000002
[black-dbc] dbc_29ba58 a0=0x00000002 a1=0x100 a2=0x4001d0 a3=0x0 [a1]=00000000 00000000 00000000 00000000 ra=0029ccbc -> v0=0xfffffff4
[black-dbc] sceDbcDeleteSocket a0=0x00000002 a1=0x445d40 a2=0x445cc0 desc=fffffff4 00000000 00000000 00000000 00000000 -> v0=0x00000001
[black-dbg] FE:fmvDoneCb @0x103db0 a0=0x00000000 a1=0x00000020 ra=0x00216b2c sp=0x01fffe70 | game=0x0049c000 state=0 cur=0x004bc220 pend=0x00000000
[black-fe] g=19.04 FE:fmvDoneCb a0="" a1="" a0+60="" a2=0x0 a3=0xcccc
[black-dbg]   enter FE:fmvDoneCb s0=0x005b8c84 s1=0x005bc549
[black-dbg]   ctor slots: s0=00000000_00410000 s1=00000000_00410000 s4=00000000_00000000 ra=00000001
[black-dbg] Game::setPendingScene @0x1034b0 a0=0x0049c000 a1=0x004bcf78 ra=0x00103de0 sp=0x01fffe60 | game=0x0049c000 state=0 cur=0x004bc220 pend=0x00000000
[black-dbg]   enter Game::setPendingScene s0=0x005b8c84 s1=0x005bc549
[black-dbg]   ctor slots: s0=00000000_00410000 s1=00000000_00410000 s4=00000000_00000000 ra=00000001
[black-dbg]   leave Game::setPendingScene pc=0x0023a250 (ra_in=0x00103de0) s0=0x00000000 (in 0x005b8c84) sp=0x01fffad0 (in 0x01fffe60) v0=0x00000000 stack[s0 slot?]
[black-dbg]   leave FE:fmvDoneCb pc=0x0023a250 (ra_in=0x00216b2c) s0=0x00000000 (in 0x005b8c84) sp=0x01fffad0 (in 0x01fffe70) v0=0x00000000 stack[s0 slot?]
[black-dbg] FE:SetPage @0x20b678 a0=0x005b8c80 a1=0x003f2520 ra=0x00103520 sp=0x01fffe10 | game=0x0049c000 state=0 cur=0x004bc220 pend=0x00000000
[black-fe] g=19.04 FE:SetPage a0="" a1="Loading_screen" a0+60="" a2=0x5 a3=0x73
[black-dbg]   enter FE:SetPage s0=0x004bc000 s1=0x0049c000
[black-dbg]   ctor slots: s0=00000000_00410000 s1=00000000_00410000 s4=00000000_00000000 ra=00000001
[black-dbg]   leave FE:SetPage pc=0x0023a250 (ra_in=0x00103520) s0=0x00000000 (in 0x004bc000) sp=0x01fffaa0 (in 0x01fffe10) v0=0x00000000 stack[s0 slot?]
[black-dbg] FE:SetPage @0x20b678 a0=0x005b8c80 a1=0x003fc288 ra=0x00217134 sp=0x01fffd40 | game=0x0049c000 state=0 cur=0x004bc220 pend=0x00000000
[black-fe] g=19.04 FE:SetPage a0="" a1="LoadOverlayHard" a0+60="" a2=0x6 a3=0x79
[black-dbg]   enter FE:SetPage s0=0x00410000 s1=0x00410000
[black-dbg]   ctor slots: s0=00000000_00410000 s1=00000000_00410000 s4=00000000_00000000 ra=00000001
[black-dbg]   leave FE:SetPage pc=0x0023a250 (ra_in=0x00217134) s0=0x00000000 (in 0x00410000) sp=0x01fff9d0 (in 0x01fffd40) v0=0x00000000 stack[s0 slot?]
[black-dbc] sceDbcCreateSocket a0=0x01fffd50 a1=0x585540 a2=0x5855c0 desc=00000003 00000001 00000001 00000000 00000000 -> v0=0x00000002
[black-dbc] dbc_29ba58 a0=0x00000002 a1=0x100 a2=0x4001d0 a3=0x0 [a1]=00000000 00000000 00000000 00000000 ra=0029ccbc -> v0=0xfffffff4
[black-dbc] sceDbcDeleteSocket a0=0x00000002 a1=0x445d40 a2=0x445cc0 desc=fffffff4 00000000 00000000 00000000 00000000 -> v0=0x00000001
[black-dbg] LevelDat::load @0x128480 a0=0x005a8a80 a1=0x00000001 ra=0x001053b8 sp=0x01fffe90 | game=0x0049c000 state=1 cur=0x004bc220 pend=0x004bcf78
[black-dbg]   enter LevelDat::load s0=0x00000001 s1=0x004bcf78
[black-dbg]   ctor slots: s0=00000000_00410000 s1=00000000_00410000 s4=00000000_00000000 ra=00000001
[black-dbg]   leave LevelDat::load pc=0x0027bcf4 (ra_in=0x001053b8) s0=0x003bcb14 (in 0x00000001) sp=0x01fffb50 (in 0x01fffe90) v0=0x00000001 stack[s0 slot?]
[black-fs] open "Levels\Level_00\LevelDat.bin" -> 0x0040eff0
[black-load] g=19.15 upd=565 loaderState=1 -> 9
[black-dbc] sceDbcCreateSocket a0=0x01fffd50 a1=0x585540 a2=0x5855c0 desc=00000003 00000001 00000001 00000000 00000000 -> v0=0x00000002
[black-dbg] LevelDat::load @0x128480 a0=0x005a8a80 a1=0x00000001 ra=0x001053b8 sp=0x01fffe90 | game=0x0049c000 state=1 cur=0x004bc220 pend=0x004bcf78
[black-dbg]   enter LevelDat::load s0=0x00000001 s1=0x004bcf78
[black-dbg]   ctor slots: s0=00000000_00410000 s1=00000000_00410000 s4=00000000_00000000 ra=00000001
[black-dbg]   leave LevelDat::load pc=0x001053b8 (ra_in=0x001053b8) s0=0x00000001 (in 0x00000001) sp=0x01fffe90 (in 0x01fffe90) v0=0x00000000 stack[s0 slot?]
[black-dbc] dbc_29ba58 a0=0x00000002 a1=0x100 a2=0x4001d0 a3=0x0 [a1]=00000000 00000000 00000000 00000000 ra=0029ccbc -> v0=0xfffffff4
[black-dbc] sceDbcDeleteSocket a0=0x00000002 a1=0x445d40 a2=0x445cc0 desc=fffffff4 00000000 00000000 00000000 00000000 -> v0=0x00000001
[black-dbg] LevelDat::load @0x128480 a0=0x005a8a80 a1=0x00000001 ra=0x001053b8 sp=0x01fffe90 | game=0x0049c000 state=1 cur=0x004bc220 pend=0x004bcf78
[black-dbg]   enter LevelDat::load s0=0x00000001 s1=0x004bcf78
[black-dbg]   ctor slots: s0=00000000_00410000 s1=00000000_00410000 s4=00000000_00000000 ra=00000001
[black-dbg]   leave LevelDat::load pc=0x001053b8 (ra_in=0x001053b8) s0=0x00000001 (in 0x00000001) sp=0x01fffe90 (in 0x01fffe90) v0=0x00000000 stack[s0 slot?]
[black-dbc] sceDbcCreateSocket a0=0x01fffd50 a1=0x585540 a2=0x5855c0 desc=00000003 00000001 00000001 00000000 00000000 -> v0=0x00000002
[black-dbg] LevelDat::load @0x128480 a0=0x005a8a80 a1=0x00000001 ra=0x001053b8 sp=0x01fffe90 | game=0x0049c000 state=1 cur=0x004bc220 pend=0x004bcf78
[black-dbg]   enter LevelDat::load s0=0x00000001 s1=0x004bcf78
[black-dbg]   ctor slots: s0=00000000_00410000 s1=00000000_00410000 s4=00000000_00000000 ra=00000001
[black-dbg]   leave LevelDat::load pc=0x001efd80 (ra_in=0x001053b8) s0=0x005a1200 (in 0x00000001) sp=0x01fff950 (in 0x01fffe90) v0=0x00653500 stack[s0 slot?]
[black-dbg] SndLoad.a? @0x280a38 a0=0x006571c0 a1=0x00661044 ra=0x001d6790 sp=0x01fff8c0 | game=0x0049c000 state=1 cur=0x004bc220 pend=0x004bcf78
[black-dbg]   enter SndLoad.a? s0=0x0002d400 s1=0xffffffff
[black-dbg]   ctor slots: s0=00000000_00410000 s1=00000000_00410000 s4=00000000_00000000 ra=00000001
[black-dbg]   leave SndLoad.a? pc=0x001d6790 (ra_in=0x001d6790) s0=0x0002d400 (in 0x0002d400) sp=0x01fff8c0 (in 0x01fff8c0) v0=0x00000001 stack[s0 slot?]
[black-load] g=19.27 upd=568 loaderState=9 -> 10
[black-dbc] dbc_29ba58 a0=0x00000002 a1=0x100 a2=0x4001d0 a3=0x0 [a1]=00000000 00000000 00000000 00000000 ra=0029ccbc -> v0=0xfffffff4
[black-dbc] sceDbcDeleteSocket a0=0x00000002 a1=0x445d40 a2=0x445cc0 desc=fffffff4 00000000 00000000 00000000 00000000 -> v0=0x00000000
[black-dbg] LevelDat::load @0x128480 a0=0x005a8a80 a1=0x00000001 ra=0x001053b8 sp=0x01fffe90 | game=0x0049c000 state=1 cur=0x004bc220 pend=0x004bcf78
[black-dbg]   enter LevelDat::load s0=0x00000001 s1=0x004bcf78
[black-dbg]   ctor slots: s0=00000000_00410000 s1=00000000_00410000 s4=00000000_00000000 ra=00000001
[black-dbg]   leave LevelDat::load pc=0x001053b8 (ra_in=0x001053b8) s0=0x00000001 (in 0x00000001) sp=0x01fffe90 (in 0x01fffe90) v0=0x00000000 stack[s0 slot?]
[black-dbc] sceDbcCreateSocket a0=0x01fffd50 a1=0x585540 a2=0x5855c0 desc=00000003 00000001 00000001 00000000 00000000 -> v0=0x00000002
[black-dbg] LevelDat::load @0x128480 a0=0x005a8a80 a1=0x00000001 ra=0x001053b8 sp=0x01fffe90 | game=0x0049c000 state=1 cur=0x004bc220 pend=0x004bcf78
[black-dbg]   enter LevelDat::load s0=0x00000001 s1=0x004bcf78
[black-dbg]   ctor slots: s0=00000000_00410000 s1=00000000_00410000 s4=00000000_00000000 ra=00000001
[black-dbg]   leave LevelDat::load pc=0x0031e1a4 (ra_in=0x001053b8) s0=0x0048ab10 (in 0x00000001) sp=0x01fff510 (in 0x01fffe90) v0=0x00000000 stack[s0 slot?]
[black-dbc] dbc_29ba58 a0=0x00000002 a1=0x100 a2=0x4001d0 a3=0x0 [a1]=00000000 00000000 00000000 00000000 ra=0029ccbc -> v0=0xfffffff4
[black-dbc] sceDbcDeleteSocket a0=0x00000002 a1=0x445d40 a2=0x445cc0 desc=fffffff4 00000000 00000000 00000000 00000000 -> v0=0x00000001
[black-dbg] LevelDat::load @0x128480 a0=0x005a8a80 a1=0x00000001 ra=0x001053b8 sp=0x01fffe90 | game=0x0049c000 state=1 cur=0x004bc220 pend=0x004bcf78
[black-dbg]   enter LevelDat::load s0=0x00000001 s1=0x004bcf78
[black-dbg]   ctor slots: s0=00000000_00410000 s1=00000000_00410000 s4=00000000_00000000 ra=00000001
[black-dbg]   leave LevelDat::load pc=0x001053b8 (ra_in=0x001053b8) s0=0x00000001 (in 0x00000001) sp=0x01fffe90 (in 0x01fffe90) v0=0x00000000 stack[s0 slot?]
[black-dbc] sceDbcCreateSocket a0=0x01fffd50 a1=0x585540 a2=0x5855c0 desc=00000003 00000001 00000001 00000000 00000000 -> v0=0x00000002
[black-dbg] LevelDat::load @0x128480 a0=0x005a8a80 a1=0x00000001 ra=0x001053b8 sp=0x01fffe90 | game=0x0049c000 state=1 cur=0x004bc220 pend=0x004bcf78
[black-dbg]   enter LevelDat::load s0=0x00000001 s1=0x004bcf78
[black-dbg]   ctor slots: s0=00000000_00410000 s1=00000000_00410000 s4=00000000_00000000 ra=00000001
[black-dbg]   leave LevelDat::load pc=0x001053b8 (ra_in=0x001053b8) s0=0x00000001 (in 0x00000001) sp=0x01fffe90 (in 0x01fffe90) v0=0x00000000 stack[s0 slot?]
[black-dbc] dbc_29ba58 a0=0x00000002 a1=0x100 a2=0x4001d0 a3=0x0 [a1]=00000000 00000000 00000000 00000000 ra=0029ccbc -> v0=0xfffffff4
[black-dbc] sceDbcDeleteSocket a0=0x00000002 a1=0x445d40 a2=0x445cc0 desc=fffffff4 00000000 00000000 00000000 00000000 -> v0=0x00000001
[black-dbg] LevelDat::load @0x128480 a0=0x005a8a80 a1=0x00000001 ra=0x001053b8 sp=0x01fffe90 | game=0x0049c000 state=1 cur=0x004bc220 pend=0x004bcf78
[black-dbg]   enter LevelDat::load s0=0x00000001 s1=0x004bcf78
[black-dbg]   ctor slots: s0=00000000_00410000 s1=00000000_00410000 s4=00000000_00000000 ra=00000001
[black-dbg]   leave LevelDat::load pc=0x001053b8 (ra_in=0x001053b8) s0=0x00000001 (in 0x00000001) sp=0x01fffe90 (in 0x01fffe90) v0=0x00000000 stack[s0 slot?]
[black-dbc] sceDbcCreateSocket a0=0x01fffd50 a1=0x585540 a2=0x5855c0 desc=00000003 00000001 00000001 00000000 00000000 -> v0=0x00000002
[black-dbg] LevelDat::load @0x128480 a0=0x005a8a80 a1=0x00000001 ra=0x001053b8 sp=0x01fffe90 | game=0x0049c000 state=1 cur=0x004bc220 pend=0x004bcf78
[black-dbg]   enter LevelDat::load s0=0x00000001 s1=0x004bcf78
[black-dbg]   ctor slots: s0=00000000_00410000 s1=00000000_00410000 s4=00000000_00000000 ra=00000001
[black-dbg]   leave LevelDat::load pc=0x001053b8 (ra_in=0x001053b8) s0=0x00000001 (in 0x00000001) sp=0x01fffe90 (in 0x01fffe90) v0=0x00000000 stack[s0 slot?]
[black-dbc] dbc_29ba58 a0=0x00000002 a1=0x100 a2=0x4001d0 a3=0x0 [a1]=00000000 00000000 00000000 00000000 ra=0029ccbc -> v0=0xfffffff4
[black-dbc] sceDbcDeleteSocket a0=0x00000002 a1=0x445d40 a2=0x445cc0 desc=fffffff4 00000000 00000000 00000000 00000000 -> v0=0x00000001
[black-dbg] LevelDat::load @0x128480 a0=0x005a8a80 a1=0x00000001 ra=0x001053b8 sp=0x01fffe90 | game=0x0049c000 state=1 cur=0x004bc220 pend=0x004bcf78
[black-dbg]   enter LevelDat::load s0=0x00000001 s1=0x004bcf78
[black-dbg]   ctor slots: s0=00000000_00410000 s1=00000000_00410000 s4=00000000_00000000 ra=00000001
[black-dbg]   leave LevelDat::load pc=0x001053b8 (ra_in=0x001053b8) s0=0x00000001 (in 0x00000001) sp=0x01fffe90 (in 0x01fffe90) v0=0x00000000 stack[s0 slot?]
[black-dbc] sceDbcCreateSocket a0=0x01fffd50 a1=0x585540 a2=0x5855c0 desc=00000003 00000001 00000001 00000000 00000000 -> v0=0x00000002
[black-dbg] LevelDat::load @0x128480 a0=0x005a8a80 a1=0x00000001 ra=0x001053b8 sp=0x01fffe90 | game=0x0049c000 state=1 cur=0x004bc220 pend=0x004bcf78
[black-dbg]   enter LevelDat::load s0=0x00000001 s1=0x004bcf78
[black-dbg]   ctor slots: s0=00000000_00410000 s1=00000000_00410000 s4=00000000_00000000 ra=00000001
[black-dbg]   leave LevelDat::load pc=0x001053b8 (ra_in=0x001053b8) s0=0x00000001 (in 0x00000001) sp=0x01fffe90 (in 0x01fffe90) v0=0x00000000 stack[s0 slot?]
[black-dbc] dbc_29ba58 a0=0x00000002 a1=0x100 a2=0x4001d0 a3=0x0 [a1]=00000000 00000000 00000000 00000000 ra=0029ccbc -> v0=0xfffffff4
[black-dbc] sceDbcDeleteSocket a0=0x00000002 a1=0x445d40 a2=0x445cc0 desc=fffffff4 00000000 00000000 00000000 00000000 -> v0=0x00000001
[black-dbg] LevelDat::load @0x128480 a0=0x005a8a80 a1=0x00000001 ra=0x001053b8 sp=0x01fffe90 | game=0x0049c000 state=1 cur=0x004bc220 pend=0x004bcf78
[black-dbg]   enter LevelDat::load s0=0x00000001 s1=0x004bcf78
[black-dbg]   ctor slots: s0=00000000_00410000 s1=00000000_00410000 s4=00000000_00000000 ra=00000001
[black-dbg]   leave LevelDat::load pc=0x001053b8 (ra_in=0x001053b8) s0=0x00000001 (in 0x00000001) sp=0x01fffe90 (in 0x01fffe90) v0=0x00000000 stack[s0 slot?]
[black-dbc] sceDbcCreateSocket a0=0x01fffd50 a1=0x585540 a2=0x5855c0 desc=00000003 00000001 00000001 00000000 00000000 -> v0=0x00000002
[black-dbg] LevelDat::load @0x128480 a0=0x005a8a80 a1=0x00000001 ra=0x001053b8 sp=0x01fffe90 | game=0x0049c000 state=1 cur=0x004bc220 pend=0x004bcf78
[black-dbg]   enter LevelDat::load s0=0x00000001 s1=0x004bcf78
[black-dbg]   ctor slots: s0=00000000_00410000 s1=00000000_00410000 s4=00000000_00000000 ra=00000001
[black-dbg]   leave LevelDat::load pc=0x001053b8 (ra_in=0x001053b8) s0=0x00000001 (in 0x00000001) sp=0x01fffe90 (in 0x01fffe90) v0=0x00000000 stack[s0 slot?]
[black-dbc] dbc_29ba58 a0=0x00000002 a1=0x100 a2=0x4001d0 a3=0x0 [a1]=00000000 00000000 00000000 00000000 ra=0029ccbc -> v0=0xfffffff4
[black-dbc] sceDbcDeleteSocket a0=0x00000002 a1=0x445d40 a2=0x445cc0 desc=fffffff4 00000000 00000000 00000000 00000000 -> v0=0x00000001
[black-dbg] LevelDat::load @0x128480 a0=0x005a8a80 a1=0x00000001 ra=0x001053b8 sp=0x01fffe90 | game=0x0049c000 state=1 cur=0x004bc220 pend=0x004bcf78
[black-dbg]   enter LevelDat::load s0=0x00000001 s1=0x004bcf78
[black-dbg]   ctor slots: s0=00000000_00410000 s1=00000000_00410000 s4=00000000_00000000 ra=00000001
[black-dbg]   leave LevelDat::load pc=0x001053b8 (ra_in=0x001053b8) s0=0x00000001 (in 0x00000001) sp=0x01fffe90 (in 0x01fffe90) v0=0x00000000 stack[s0 slot?]
[black-dbc] sceDbcCreateSocket a0=0x01fffd50 a1=0x585540 a2=0x5855c0 desc=00000003 00000001 00000001 00000000 00000000 -> v0=0x00000002
[black-dbg] LevelDat::load @0x128480 a0=0x005a8a80 a1=0x00000001 ra=0x001053b8 sp=0x01fffe90 | game=0x0049c000 state=1 cur=0x004bc220 pend=0x004bcf78
[black-dbg]   enter LevelDat::load s0=0x00000001 s1=0x004bcf78
[black-dbg]   ctor slots: s0=00000000_00410000 s1=00000000_00410000 s4=00000000_00000000 ra=00000001
[black-dbg]   leave LevelDat::load pc=0x001053b8 (ra_in=0x001053b8) s0=0x00000001 (in 0x00000001) sp=0x01fffe90 (in 0x01fffe90) v0=0x00000000 stack[s0 slot?]
[black-dbc] dbc_29ba58 a0=0x00000002 a1=0x100 a2=0x4001d0 a3=0x0 [a1]=00000000 00000000 00000000 00000000 ra=0029ccbc -> v0=0xfffffff4
[black-dbc] sceDbcDeleteSocket a0=0x00000002 a1=0x445d40 a2=0x445cc0 desc=fffffff4 00000000 00000000 00000000 00000000 -> v0=0x00000001
[black-dbg] LevelDat::load @0x128480 a0=0x005a8a80 a1=0x00000001 ra=0x001053b8 sp=0x01fffe90 | game=0x0049c000 state=1 cur=0x004bc220 pend=0x004bcf78
[black-dbg]   enter LevelDat::load s0=0x00000001 s1=0x004bcf78
[black-dbg]   ctor slots: s0=00000000_00410000 s1=00000000_00410000 s4=00000000_00000000 ra=00000001
[black-dbg]   leave LevelDat::load pc=0x001053b8 (ra_in=0x001053b8) s0=0x00000001 (in 0x00000001) sp=0x01fffe90 (in 0x01fffe90) v0=0x00000000 stack[s0 slot?]
[black-dbc] sceDbcCreateSocket a0=0x01fffd50 a1=0x585540 a2=0x5855c0 desc=00000003 00000001 00000001 00000000 00000000 -> v0=0x00000002
[black-dbg] LevelDat::load @0x128480 a0=0x005a8a80 a1=0x00000001 ra=0x001053b8 sp=0x01fffe90 | game=0x0049c000 state=1 cur=0x004bc220 pend=0x004bcf78
[black-dbg]   enter LevelDat::load s0=0x00000001 s1=0x004bcf78
[black-dbg]   ctor slots: s0=00000000_00410000 s1=00000000_00410000 s4=00000000_00000000 ra=00000001
[black-dbg]   leave LevelDat::load pc=0x001053b8 (ra_in=0x001053b8) s0=0x00000001 (in 0x00000001) sp=0x01fffe90 (in 0x01fffe90) v0=0x00000000 stack[s0 slot?]
[black-dbc] dbc_29ba58 a0=0x00000002 a1=0x100 a2=0x4001d0 a3=0x0 [a1]=00000000 00000000 00000000 00000000 ra=0029ccbc -> v0=0xfffffff4
[black-dbc] sceDbcDeleteSocket a0=0x00000002 a1=0x445d40 a2=0x445cc0 desc=fffffff4 00000000 00000000 00000000 00000000 -> v0=0x00000001
[black-dbg] LevelDat::load @0x128480 a0=0x005a8a80 a1=0x00000001 ra=0x001053b8 sp=0x01fffe90 | game=0x0049c000 state=1 cur=0x004bc220 pend=0x004bcf78
[black-dbg]   enter LevelDat::load s0=0x00000001 s1=0x004bcf78
[black-dbg]   ctor slots: s0=00000000_00410000 s1=00000000_00410000 s4=00000000_00000000 ra=00000001
[black-dbg]   leave LevelDat::load pc=0x001053b8 (ra_in=0x001053b8) s0=0x00000001 (in 0x00000001) sp=0x01fffe90 (in 0x01fffe90) v0=0x00000000 stack[s0 slot?]
[black-dbc] sceDbcCreateSocket a0=0x01fffd50 a1=0x585540 a2=0x5855c0 desc=00000003 00000001 00000001 00000000 00000000 -> v0=0x00000002
[black-dbg] LevelDat::load @0x128480 a0=0x005a8a80 a1=0x00000001 ra=0x001053b8 sp=0x01fffe90 | game=0x0049c000 state=1 cur=0x004bc220 pend=0x004bcf78
[black-dbg]   enter LevelDat::load s0=0x00000001 s1=0x004bcf78
[black-dbg]   ctor slots: s0=00000000_00410000 s1=00000000_00410000 s4=00000000_00000000 ra=00000001
[black-dbg]   leave LevelDat::load pc=0x001053b8 (ra_in=0x001053b8) s0=0x00000001 (in 0x00000001) sp=0x01fffe90 (in 0x01fffe90) v0=0x00000000 stack[s0 slot?]
[black-dbc] dbc_29ba58 a0=0x00000002 a1=0x100 a2=0x4001d0 a3=0x0 [a1]=00000000 00000000 00000000 00000000 ra=0029ccbc -> v0=0xfffffff4
[black-dbc] sceDbcDeleteSocket a0=0x00000002 a1=0x445d40 a2=0x445cc0 desc=fffffff4 00000000 00000000 00000000 00000000 -> v0=0x00000001
[parallel-gs] primitives=171192 readbacks=1080 scanout=640x448 smode1=0000000740804504
[black-dbc] sceDbcCreateSocket a0=0x01fffd50 a1=0x585540 a2=0x5855c0 desc=00000003 00000001 00000001 00000000 00000000 -> v0=0x00000002
[black-dbc] dbc_29ba58 a0=0x00000002 a1=0x100 a2=0x4001d0 a3=0x0 [a1]=00000000 00000000 00000000 00000000 ra=0029ccbc -> v0=0xfffffff4
[black-dbc] sceDbcDeleteSocket a0=0x00000002 a1=0x445d40 a2=0x445cc0 desc=fffffff4 00000000 00000000 00000000 00000000 -> v0=0x00000001
[black-dbc] sceDbcCreateSocket a0=0x01fffd50 a1=0x585540 a2=0x5855c0 desc=00000003 00000001 00000001 00000000 00000000 -> v0=0x00000002
[black-fs] open "Sound\PCM\GrdPin.dav" -> 0x0040eff0
[black-dbc] dbc_29ba58 a0=0x00000002 a1=0x100 a2=0x4001d0 a3=0x0 [a1]=00000000 00000000 00000000 00000000 ra=0029ccbc -> v0=0xfffffff4
[black-dbc] sceDbcDeleteSocket a0=0x00000002 a1=0x445d40 a2=0x445cc0 desc=fffffff4 00000000 00000000 00000000 00000000 -> v0=0x00000001
[black-dbc] sceDbcCreateSocket a0=0x01fffd50 a1=0x585540 a2=0x5855c0 desc=00000003 00000001 00000001 00000000 00000000 -> v0=0x00000002
[black-dbc] dbc_29ba58 a0=0x00000002 a1=0x100 a2=0x4001d0 a3=0x0 [a1]=00000000 00000000 00000000 00000000 ra=0029ccbc -> v0=0xfffffff4
[black-dbc] sceDbcDeleteSocket a0=0x00000002 a1=0x445d40 a2=0x445cc0 desc=fffffff4 00000000 00000000 00000000 00000000 -> v0=0x00000001
[black-fs] open "chars\guns\GrdPin.wdo" -> 0x0040eff0
[black-dbc] sceDbcCreateSocket a0=0x01fffd50 a1=0x585540 a2=0x5855c0 desc=00000003 00000001 00000001 00000000 00000000 -> v0=0x00000002
[black-dbc] dbc_29ba58 a0=0x00000002 a1=0x100 a2=0x4001d0 a3=0x0 [a1]=00000000 00000000 00000000 00000000 ra=0029ccbc -> v0=0xfffffff4
[black-dbc] sceDbcDeleteSocket a0=0x00000002 a1=0x445d40 a2=0x445cc0 desc=fffffff4 00000000 00000000 00000000 00000000 -> v0=0x00000001
[black-dbc] sceDbcCreateSocket a0=0x01fffd50 a1=0x585540 a2=0x5855c0 desc=00000003 00000001 00000001 00000000 00000000 -> v0=0x00000002
[black-dbc] dbc_29ba58 a0=0x00000002 a1=0x100 a2=0x4001d0 a3=0x0 [a1]=00000000 00000000 00000000 00000000 ra=0029ccbc -> v0=0xfffffff4
[black-dbc] sceDbcDeleteSocket a0=0x00000002 a1=0x445d40 a2=0x445cc0 desc=fffffff4 00000000 00000000 00000000 00000000 -> v0=0x00000001
[black-dbc] sceDbcCreateSocket a0=0x01fffd50 a1=0x585540 a2=0x5855c0 desc=00000003 00000001 00000001 00000000 00000000 -> v0=0x00000002
[black-fs] open "Sound\PCM\GrdLnchr.dav" -> 0x00000000
[black-dbc] dbc_29ba58 a0=0x00000002 a1=0x100 a2=0x4001d0 a3=0x0 [a1]=00000000 00000000 00000000 00000000 ra=0029ccbc -> v0=0xfffffff4
[black-dbc] sceDbcDeleteSocket a0=0x00000002 a1=0x445d40 a2=0x445cc0 desc=fffffff4 00000000 00000000 00000000 00000000 -> v0=0x00000001
[black-fs] open "chars\guns\GrdLnchr.wdo" -> 0x0040eff0
[black-dbc] sceDbcCreateSocket a0=0x01fffd50 a1=0x585540 a2=0x5855c0 desc=00000003 00000001 00000001 00000000 00000000 -> v0=0x00000002
[black-dbc] dbc_29ba58 a0=0x00000002 a1=0x100 a2=0x4001d0 a3=0x0 [a1]=00000000 00000000 00000000 00000000 ra=0029ccbc -> v0=0xfffffff4
[black-dbc] sceDbcDeleteSocket a0=0x00000002 a1=0x445d40 a2=0x445cc0 desc=fffffff4 00000000 00000000 00000000 00000000 -> v0=0x00000001
[black-dbc] sceDbcCreateSocket a0=0x01fffd50 a1=0x585540 a2=0x5855c0 desc=00000003 00000001 00000001 00000000 00000000 -> v0=0x00000002
[black-dbc] dbc_29ba58 a0=0x00000002 a1=0x100 a2=0x4001d0 a3=0x0 [a1]=00000000 00000000 00000000 00000000 ra=0029ccbc -> v0=0xfffffff4
[black-dbc] sceDbcDeleteSocket a0=0x00000002 a1=0x445d40 a2=0x445cc0 desc=fffffff4 00000000 00000000 00000000 00000000 -> v0=0x00000001
[black-state] t=21.0 g=20.4 upd=601 feState=28 fe+0x37a4=56 streamerBusy=0x0000 mode=1 cur=0x004bc220 pend=0x004bcf78 pendState=3
[black-dbcwork] 00000000 00000001 00000000 00000000 00000000 00000000 00000000 00000000 | 00000000 00000001 00000000 00000000
[black-mcrx] b00: 00000000 00000000 00000000 00000000 00000000 00000000 | b80: 00000000 00000000 00000000 00000000 00000000 00000000
[black-mc] obj=0x005bd980 +0=0 +4=28 +8=1 state=1 +10=11 +14=0 +18=0 +1c=0
[black-snd] upd=601 slotState=0x1 slotLoaded=0 req=0x01ca2210 reqState=0x1 stream=0 streamFlags=0x0
[black-gs] upd=601 pmode=0x8003 dispfb1=0x51400 display1=0x1bf27f00000000 dispfb2=0x80000051400 display2=0x1be27f00000000 smode2=0x0 vsync=1220 nativeGif=0 nativeImg=0
[black-gs]   bitbltbuf dbp=0 dbw=0 dpsm=0x0 trxreg=0x0 trxdir=3 xfer 0/0
[black-gs]   hist=111 giftag=0 reg=0 draw=0 xfer=0 present=111 lastDrawFbp=0 verts=0 frame=105 | present 640x448 dispFbp=0 srcFbp=0 has=1
[black-gs]   frame 640x448 media=20.2 naoPretos=45382
[black-gs]   tex@2240 somaAmostra=26013305
[black-dbc] sceDbcCreateSocket a0=0x01fffd50 a1=0x585540 a2=0x5855c0 desc=00000003 00000001 00000001 00000000 00000000 -> v0=0x00000000
[black-dbc] dbc_29ba58 a0=0x00000002 a1=0x100 a2=0x4001d0 a3=0x0 [a1]=00000000 00000000 00000000 00000000 ra=0029ccbc -> v0=0xfffffff4
[black-dbc] sceDbcDeleteSocket a0=0x00000002 a1=0x445d40 a2=0x445cc0 desc=fffffff4 00000000 00000000 00000000 00000000 -> v0=0x00000001
[black-dbc] sceDbcCreateSocket a0=0x01fffd50 a1=0x585540 a2=0x5855c0 desc=00000003 00000001 00000001 00000000 00000000 -> v0=0x00000002
[black-dbc] dbc_29ba58 a0=0x00000002 a1=0x100 a2=0x4001d0 a3=0x0 [a1]=00000000 00000000 00000000 00000000 ra=0029ccbc -> v0=0xfffffff4
[black-dbc] sceDbcDeleteSocket a0=0x00000002 a1=0x445d40 a2=0x445cc0 desc=fffffff4 00000000 00000000 00000000 00000000 -> v0=0x00000001
[black-dbc] sceDbcCreateSocket a0=0x01fffd50 a1=0x585540 a2=0x5855c0 desc=00000003 00000001 00000001 00000000 00000000 -> v0=0x00000002
[black-dbc] dbc_29ba58 a0=0x00000002 a1=0x100 a2=0x4001d0 a3=0x0 [a1]=00000000 00000000 00000000 00000000 ra=0029ccbc -> v0=0xfffffff4
[black-dbc] sceDbcDeleteSocket a0=0x00000002 a1=0x445d40 a2=0x445cc0 desc=fffffff4 00000000 00000000 00000000 00000000 -> v0=0x00000001
[black-dbc] sceDbcCreateSocket a0=0x01fffd50 a1=0x585540 a2=0x5855c0 desc=00000003 00000001 00000001 00000000 00000000 -> v0=0x00000002
[black-dbc] dbc_29ba58 a0=0x00000002 a1=0x100 a2=0x4001d0 a3=0x0 [a1]=00000000 00000000 00000000 00000000 ra=0029ccbc -> v0=0xfffffff4
[black-dbc] sceDbcDeleteSocket a0=0x00000002 a1=0x445d40 a2=0x445cc0 desc=fffffff4 00000000 00000000 00000000 00000000 -> v0=0x00000001
[black-dbc] sceDbcCreateSocket a0=0x01fffd50 a1=0x585540 a2=0x5855c0 desc=00000003 00000001 00000001 00000000 00000000 -> v0=0x00000002
[black-dbc] dbc_29ba58 a0=0x00000002 a1=0x100 a2=0x4001d0 a3=0x0 [a1]=00000000 00000000 00000000 00000000 ra=0029ccbc -> v0=0xfffffff4
[black-dbc] sceDbcDeleteSocket a0=0x00000002 a1=0x445d40 a2=0x445cc0 desc=fffffff4 00000000 00000000 00000000 00000000 -> v0=0x00000001
[black-dbc] sceDbcCreateSocket a0=0x01fffd50 a1=0x585540 a2=0x5855c0 desc=00000003 00000001 00000001 00000000 00000000 -> v0=0x00000002
[black-dbc] dbc_29ba58 a0=0x00000002 a1=0x100 a2=0x4001d0 a3=0x0 [a1]=00000000 00000000 00000000 00000000 ra=0029ccbc -> v0=0xfffffff4
[black-dbc] sceDbcDeleteSocket a0=0x00000002 a1=0x445d40 a2=0x445cc0 desc=fffffff4 00000000 00000000 00000000 00000000 -> v0=0x00000001
[black-dbc] sceDbcCreateSocket a0=0x01fffd50 a1=0x585540 a2=0x5855c0 desc=00000003 00000001 00000001 00000000 00000000 -> v0=0x00000000
[black-dbc] dbc_29ba58 a0=0x00000002 a1=0x100 a2=0x4001d0 a3=0x0 [a1]=00000000 00000000 00000000 00000000 ra=0029ccbc -> v0=0xfffffff4
[black-dbc] sceDbcDeleteSocket a0=0x00000002 a1=0x445d40 a2=0x445cc0 desc=fffffff4 00000000 00000000 00000000 00000000 -> v0=0x00000001
[black-dbc] sceDbcCreateSocket a0=0x01fffd50 a1=0x585540 a2=0x5855c0 desc=00000003 00000001 00000001 00000000 00000000 -> v0=0x00000002
